address,name,size,named,source
00011000,FUN_00011000,48,false,
00011030,FUN_00011030,73,false,
00011080,FUN_00011080,81,false,
000110e0,CB3AsyncDataLoader__Update,342,false,community
00011240,CB3AsyncDataLoader__QueueLoadRequest,413,false,community
000113f0,FUN_000113f0,233,false,
000114e0,FUN_000114e0,36,false,
00011510,FUN_00011510,38,false,
00011540,FUN_00011540,5,false,
00011550,FUN_00011550,6,false,
00011560,FUN_00011560,6,false,
00011570,FUN_00011570,75,false,
000115c0,FUN_000115c0,66,false,
00011610,FUN_00011610,40,false,
00011640,FUN_00011640,94,false,
000116a0,FUN_000116a0,39,false,
000116d0,FUN_000116d0,6,false,
000116e0,FUN_000116e0,245,false,
000117e0,FUN_000117e0,280,false,
00011900,FUN_00011900,486,false,
00011af0,FUN_00011af0,31,false,
00011b10,FUN_00011b10,634,false,
00011d90,FUN_00011d90,184,false,
00011e50,FUN_00011e50,181,false,
00011f10,FUN_00011f10,152,false,
00011fb0,FUN_00011fb0,142,false,
00012040,FUN_00012040,142,false,
000120d0,FUN_000120d0,145,false,
00012170,FUN_00012170,142,false,
00012200,FUN_00012200,115,false,
00012280,FUN_00012280,118,false,
00012300,FUN_00012300,118,false,
00012380,FUN_00012380,118,false,
00012400,FUN_00012400,118,false,
00012480,FUN_00012480,118,false,
00012500,FUN_00012500,118,false,
00012580,FUN_00012580,85,false,
000125e0,FUN_000125e0,181,false,
000126a0,FUN_000126a0,181,false,
00012760,FUN_00012760,46,false,
00012790,FUN_00012790,406,false,
00012930,FUN_00012930,381,false,
00012ac0,FUN_00012ac0,2565,false,
000134d0,FUN_000134d0,1518,false,
00013ad0,FUN_00013ad0,77,false,
00013b20,FUN_00013b20,93,false,
00013b80,FUN_00013b80,79,false,
00013bd0,FUN_00013bd0,56,false,
00013c10,FUN_00013c10,75,false,
00013c60,FUN_00013c60,58,false,
00013ca0,FUN_00013ca0,104,false,
00013d10,FUN_00013d10,310,false,
00013e50,FUN_00013e50,90,false,
00013eb0,FUN_00013eb0,90,false,
00013f10,CB3DebugManager__UpdateStartOfFrame,152,false,community
00013fb0,FUN_00013fb0,216,false,
00014090,FUN_00014090,218,false,
00014170,FUN_00014170,81,false,
000141d0,FUN_000141d0,657,false,
00014470,CB3DebugManager__RenderPerfMonDataCallback,614,false,community
000146e0,CGtFSM__GetStateFromID,80,false,community
00014730,FUN_00014730,46,false,
0001476a,FUN_0001476a,242,false,
00014fb0,FUN_00014fb0,544,false,
000151d0,FUN_000151d0,261,false,
000152e0,FUN_000152e0,417,false,
000154a0,FUN_000154a0,92,false,
00015510,FUN_00015510,29,false,
00015530,FUN_00015530,47,false,
00015570,FUN_00015570,24,false,
00015750,FUN_00015750,50,false,
00015790,FUN_00015790,142,false,
00015900,FUN_00015900,341,false,
00015a60,CB3Game__Construct,1187,false,community
00015f10,CB3Game__Prepare,1678,false,community
000165f0,CB3Game__Update,1752,false,community
00016d00,FUN_00016d00,241,false,
00016e00,FUN_00016e00,235,false,
00016ef0,FUN_00016ef0,367,false,
00017060,FUN_00017060,70,false,
000170b0,FUN_000170b0,228,false,
000171a0,FUN_000171a0,170,false,
00017250,FUN_00017250,117,false,
000172d0,FUN_000172d0,28,false,
000172f0,FUN_000172f0,32,false,
00017310,FUN_00017310,92,false,
00017370,FUN_00017370,32,false,
00017390,FUN_00017390,23,false,
000173b0,FUN_000173b0,30,false,
000173d0,FUN_000173d0,99,false,
00017450,FUN_00017450,745,false,
00017750,ResourceSlot_IsReady,63,false,community
00017790,ResourceSlot_HasWorldObj,59,false,community
000177d0,FUN_000177d0,59,false,
00017810,FUN_00017810,52,false,
00017850,ResourceSlot_CheckScrollDown,52,false,community
00017890,ResourceSlot_CheckScrollUp,52,false,community
000178d0,ResourceSlot_CheckLoadDown,52,false,community
00017910,ResourceSlot_CheckLoadUp,52,false,community
00017950,FUN_00017950,55,false,
00017990,FUN_00017990,55,false,
000179d0,FUN_000179d0,148,false,
00017a70,FUN_00017a70,55,false,
00017ab0,FUN_00017ab0,55,false,
00017af0,FUN_00017af0,55,false,
00017b30,FUN_00017b30,55,false,
00017b70,FUN_00017b70,61,false,
00017bb0,FUN_00017bb0,152,false,
00017c50,FUN_00017c50,618,false,
00017ec0,FUN_00017ec0,56,false,
00017f00,FUN_00017f00,85,false,
00017f60,FUN_00017f60,131,false,
00017ff0,FUN_00017ff0,93,false,
00018050,FUN_00018050,185,false,
00018110,FUN_00018110,86,false,
00018170,FUN_00018170,73,false,
000181c0,FUN_000181c0,72,false,
00018210,FUN_00018210,53,false,
00018250,FUN_00018250,43,false,
00018280,FUN_00018280,86,false,
000182e0,FUN_000182e0,25,false,
00018300,FUN_00018300,314,false,
00018440,FUN_00018440,204,false,
00018510,FUN_00018510,166,false,
000185c0,FUN_000185c0,46,false,
000185f0,FUN_000185f0,89,false,
00018650,FUN_00018650,162,false,
00018700,FUN_00018700,121,false,
00018790,FUN_00018790,111,false,
00018810,FUN_00018810,108,false,
00018880,FUN_00018880,140,false,
00018910,FUN_00018910,169,false,
000189c0,FUN_000189c0,244,false,
00018ac0,FUN_00018ac0,108,false,
00018b30,FUN_00018b30,85,false,
00018b90,FUN_00018b90,30,false,
00018bb0,CB3MemoryManagerPS2__AcquireBlock,29,false,community
00018bd0,FUN_00018bd0,1304,false,
00019110,FUN_00019110,749,false,
000196f0,FUN_000196f0,389,false,
000198e0,FUN_000198e0,25,false,
00019900,FUN_00019900,268,false,
00019a10,FUN_00019a10,1430,false,
00019fb0,FUN_00019fb0,36,false,
0001a13a,FUN_0001a13a,158,false,
0001a1e0,FUN_0001a1e0,933,false,
0001a590,FUN_0001a590,259,false,
0001a6a0,FUN_0001a6a0,385,false,
0001a830,FUN_0001a830,114,false,
0001a8f0,FUN_0001a8f0,25,false,
0001ad00,FUN_0001ad00,225,false,
0001adf0,FUN_0001adf0,303,false,
0001af40,FUN_0001af40,45,false,
0001af70,FUN_0001af70,815,false,
0001b2b0,FUN_0001b2b0,229,false,
0001b3a0,FUN_0001b3a0,254,false,
0001b4a0,FUN_0001b4a0,242,false,
0001b5c0,FUN_0001b5c0,115,false,
0001b640,FUN_0001b640,159,false,
0001b6f0,FUN_0001b6f0,111,false,
0001b760,FUN_0001b760,179,false,
0001b820,FUN_0001b820,479,false,
0001ba00,FUN_0001ba00,133,false,
0001ba90,FUN_0001ba90,31,false,
0001bab0,FUN_0001bab0,51,false,
0001baf0,FUN_0001baf0,133,false,
0001bb80,FUN_0001bb80,31,false,
0001bba0,FUN_0001bba0,51,false,
0001bbe0,FUN_0001bbe0,170,false,
0001bc90,FUN_0001bc90,46,false,
0001bcc0,FUN_0001bcc0,66,false,
0001bd10,FUN_0001bd10,51,false,
0001bd50,FUN_0001bd50,93,false,
0001bdb0,FUN_0001bdb0,165,false,
0001be60,FUN_0001be60,360,false,
0001bfd0,FUN_0001bfd0,488,false,
0001c1d0,FUN_0001c1d0,362,false,
0001c340,FUN_0001c340,1679,false,
0001c9d0,FUN_0001c9d0,494,false,
0001cbc0,FUN_0001cbc0,590,false,
0001ce70,FUN_0001ce70,82,false,
0001ced0,FUN_0001ced0,112,false,
0001cf50,FUN_0001cf50,182,false,
0001d010,FUN_0001d010,121,false,
0001d090,FUN_0001d090,307,false,
0001d1d0,FUN_0001d1d0,165,false,
0001d2c0,FUN_0001d2c0,399,false,
0001d490,FUN_0001d490,45,false,
0001d4c0,FUN_0001d4c0,1731,false,
0001dbb0,FUN_0001dbb0,663,false,
0001de50,FUN_0001de50,359,false,
0001dfc0,FUN_0001dfc0,137,false,
0001e050,FUN_0001e050,286,false,
0001e180,FUN_0001e180,27,false,
0001e1a0,FUN_0001e1a0,269,false,
0001e2b0,FUN_0001e2b0,286,false,
0001e3d0,FUN_0001e3d0,231,false,
0001e4c0,FUN_0001e4c0,254,false,
0001e5c0,FUN_0001e5c0,47,false,
0001e5f0,FUN_0001e5f0,179,false,
0001e6b0,FUN_0001e6b0,173,false,
0001e760,FUN_0001e760,176,false,
0001e820,FUN_0001e820,162,false,
0001e8d0,FUN_0001e8d0,257,false,
0001e9e0,FUN_0001e9e0,274,false,
0001eb00,FUN_0001eb00,30,false,
0001eb20,FUN_0001eb20,158,false,
0001ebd0,FUN_0001ebd0,260,false,
0001ece0,FUN_0001ece0,191,false,
0001edb0,FUN_0001edb0,150,false,
0001ee50,FUN_0001ee50,47,false,
0001ee80,FUN_0001ee80,256,false,
0001ef80,FUN_0001ef80,33,false,
0001efb0,FUN_0001efb0,38,false,
0001efe0,FUN_0001efe0,1134,false,
0001f450,FUN_0001f450,515,false,
0001f680,FUN_0001f680,107,false,
0001f6f0,FUN_0001f6f0,190,false,
0001f7c0,CB3RumbleAttribs__RegisterStaticVariables,2513,false,community
000201a0,FUN_000201a0,1460,false,
00020760,FUN_00020760,148,false,
00020800,FUN_00020800,95,false,
00020860,FUN_00020860,208,false,
00020930,FUN_00020930,49,false,
00020b30,FUN_00020b30,316,false,
00020c70,FUN_00020c70,90,false,
00020cd0,rwFileSystemClose,1,false,community
00020ce0,FUN_00020ce0,94,false,
00020d40,FUN_00020d40,111,false,
00020db0,FUN_00020db0,83,false,
00020e10,FUN_00020e10,83,false,
00020e70,FUN_00020e70,222,false,
00020f50,FUN_00020f50,222,false,
00021030,FUN_00021030,80,false,
00021080,FUN_00021080,83,false,
000210e0,FUN_000210e0,83,false,
00021140,FUN_00021140,103,false,
000211b0,FUN_000211b0,83,false,
00021210,FUN_00021210,666,false,
000214b0,FUN_000214b0,684,false,
00021790,FUN_00021790,268,false,
000218a0,FUN_000218a0,119,false,
00021920,FUN_00021920,159,false,
000219c0,FUN_000219c0,144,false,
00021a50,CB3InputManager__Update,228,false,community
00021b40,FUN_00021b40,150,false,
00021be0,FUN_00021be0,45,false,
00021c20,FUN_00021c20,180,false,
00021ce0,FUN_00021ce0,106,false,
00022660,FUN_00022660,102,false,
00022ef0,FUN_00022ef0,102,false,
00022f60,FUN_00022f60,2160,false,
000237d0,FUN_000237d0,41,false,
00023800,CB3MemoryManagerPS2__Update,108,false,community
00023870,FUN_00023870,297,false,
00023b00,FUN_00023b00,113,false,
00023bb0,FUN_00023bb0,25,false,
00023bd0,FUN_00023bd0,60,false,
00023de0,FUN_00023de0,917,false,
000241a0,FUN_000241a0,40,false,
000241e0,FUN_000241e0,220,false,
000242e0,FUN_000242e0,185,false,
000243d0,FUN_000243d0,34,false,
00024400,FUN_00024400,842,false,
00024770,FUN_00024770,77,false,
00024800,FUN_00024800,235,false,
000248f0,FUN_000248f0,71,false,
00024df0,FUN_00024df0,52,false,
00024f10,FUN_00024f10,272,false,
00025050,FUN_00025050,1134,false,
00025500,FUN_00025500,837,false,
00025850,FUN_00025850,221,false,
00025a30,FUN_00025a30,126,false,
00025cc0,FUN_00025cc0,624,false,
00025fd0,FUN_00025fd0,127,false,
00026050,FUN_00026050,2021,false,
000268d0,FUN_000268d0,201,false,
00026a70,XUnmountAlternateTitleA,202,false,community
00026c20,FUN_00026c20,115,false,
00026cc0,FUN_00026cc0,98,false,
00026d30,FUN_00026d30,1031,false,
000271f0,FUN_000271f0,96,false,
00027250,FUN_00027250,54,false,
000273f0,FUN_000273f0,134,false,
00027500,FUN_00027500,114,false,
00027670,FUN_00027670,68,false,
000276c0,FUN_000276c0,61,false,
00027700,FUN_00027700,214,false,
000278b0,FUN_000278b0,98,false,
00027920,FUN_00027920,156,false,
000279c0,FUN_000279c0,151,false,
00027a60,FUN_00027a60,102,false,
00027ad0,FUN_00027ad0,488,false,
00027cc0,FUN_00027cc0,81,false,
00027d20,FUN_00027d20,21,false,
000281c0,FUN_000281c0,114,false,
000289d0,FUN_000289d0,879,false,
00028e30,FUN_00028e30,17,false,
00028f10,FUN_00028f10,189,false,
000296c0,FUN_000296c0,191,false,
00029780,FUN_00029780,81,false,
00029830,FUN_00029830,152,false,
00029920,FUN_00029920,69,false,
00029b20,FUN_00029b20,28,false,
00029b40,FUN_00029b40,166,false,
00029bf0,FUN_00029bf0,280,false,
00029df0,FUN_00029df0,314,false,
0002a040,FUN_0002a040,13,false,
0002a060,FUN_0002a060,213,false,
0002a140,FUN_0002a140,28,false,
0002a160,FUN_0002a160,17,false,
0002a180,FUN_0002a180,683,false,
0002a440,FUN_0002a440,316,false,
0002a580,FUN_0002a580,74,false,
0002a5d0,FUN_0002a5d0,326,false,
0002a720,FUN_0002a720,1105,false,
0002ab80,FUN_0002ab80,165,false,
0002ac30,FUN_0002ac30,219,false,
0002ad10,FUN_0002ad10,372,false,
0002aea0,FUN_0002aea0,98,false,
0002af10,FUN_0002af10,281,false,
0002b030,FUN_0002b030,141,false,
0002b100,FUN_0002b100,124,false,
0002b190,FUN_0002b190,125,false,
0002b220,FUN_0002b220,125,false,
0002b2b0,FUN_0002b2b0,123,false,
0002b3b0,FUN_0002b3b0,263,false,
0002b4c0,FUN_0002b4c0,249,false,
0002b5e0,FUN_0002b5e0,166,false,
0002be10,FUN_0002be10,35,false,
0002bf90,FUN_0002bf90,72,false,
0002c080,FUN_0002c080,69,false,
0002c0d0,FUN_0002c0d0,108,false,
0002c140,FUN_0002c140,1258,false,
0002c640,FUN_0002c640,3118,false,
0002d270,FUN_0002d270,137,false,
0002d300,FUN_0002d300,125,false,
0002d3a0,FUN_0002d3a0,85,false,
0002d4b0,FUN_0002d4b0,84,false,
0002d510,FUN_0002d510,27,false,
0002d530,FUN_0002d530,35,false,
0002d5b0,FUN_0002d5b0,263,false,
0002d6c0,FUN_0002d6c0,185,false,
0002d7b0,FUN_0002d7b0,193,false,
0002d88d,FUN_0002d88d,96,false,
0002dab0,FUN_0002dab0,148,false,
0002db60,FUN_0002db60,458,false,
0002dd30,FUN_0002dd30,68,false,
0002dd80,FUN_0002dd80,54,false,
0002ddc0,FUN_0002ddc0,48,false,
0002ddf0,FUN_0002ddf0,71,false,
0002de40,FUN_0002de40,184,false,
0002df00,FUN_0002df00,2205,false,
0002e7a0,FUN_0002e7a0,670,false,
0002ea40,FUN_0002ea40,272,false,
0002eb50,FUN_0002eb50,138,false,
0002ebe0,FUN_0002ebe0,211,false,
0002ecc0,FUN_0002ecc0,424,false,
0002ee70,FUN_0002ee70,284,false,
0002ef90,FUN_0002ef90,708,false,
0002f260,FUN_0002f260,197,false,
0002f330,FUN_0002f330,74,false,
0002f380,FUN_0002f380,243,false,
0002f480,FUN_0002f480,456,false,
0002f650,CB3GraphicsManagerBase__DrawBootLoadingScreen,2436,false,community
0002ffe0,FUN_0002ffe0,184,false,
000300a0,FUN_000300a0,125,false,
00030120,FUN_00030120,48,false,
00030150,FUN_00030150,321,false,
000302a0,FUN_000302a0,289,false,
000303d0,FUN_000303d0,3118,false,
00031010,FUN_00031010,218,false,
000310f0,FUN_000310f0,562,false,
00031330,FUN_00031330,100,false,
000313a0,FUN_000313a0,60,false,
000313e0,FUN_000313e0,260,false,
000314f0,FUN_000314f0,188,false,
000315c0,FUN_000315c0,203,false,
00031690,FUN_00031690,355,false,
00031800,FUN_00031800,276,false,
00031920,FUN_00031920,398,false,
00031ab0,FUN_00031ab0,860,false,
00031e10,FUN_00031e10,89,false,
00031e70,FUN_00031e70,428,false,
00032020,FUN_00032020,929,false,
000323d0,FUN_000323d0,199,false,
000324a0,FUN_000324a0,214,false,
00032580,FUN_00032580,644,false,
00032810,FUN_00032810,145,false,
000328b0,FUN_000328b0,56,false,
000328f0,FUN_000328f0,53,false,
00032930,FUN_00032930,778,false,
00032c40,FUN_00032c40,85,false,
00032ca0,FUN_00032ca0,219,false,
00032d80,FUN_00032d80,59,false,
00032dc0,FUN_00032dc0,880,false,
00033130,FUN_00033130,1543,false,
00033740,FUN_00033740,2002,false,
00033f20,FUN_00033f20,438,false,
000340e0,FUN_000340e0,78,false,
00034130,FUN_00034130,5623,false,
00035740,FUN_00035740,810,false,
00035a80,FUN_00035a80,370,false,
00035c00,FUN_00035c00,244,false,
00035d00,FUN_00035d00,404,false,
00035ea0,FUN_00035ea0,156,false,
00035f40,FUN_00035f40,289,false,
00036070,FUN_00036070,419,false,
00036220,FUN_00036220,37,false,
00036250,FUN_00036250,353,false,
000363c0,FUN_000363c0,135,false,
00036450,FUN_00036450,379,false,
000365d0,FUN_000365d0,486,false,
000367c0,FUN_000367c0,6386,false,
000380d0,FUN_000380d0,295,false,
00038200,FUN_00038200,1984,false,
000389e0,FUN_000389e0,468,false,
00038bc0,FUN_00038bc0,55,false,
00038c00,FUN_00038c00,92,false,
00038c60,FUN_00038c60,174,false,
00038d10,FUN_00038d10,1060,false,
00039140,FUN_00039140,633,false,
000393c0,FUN_000393c0,2418,false,
00039d60,FUN_00039d60,512,false,
00039f60,FUN_00039f60,1118,false,
0003a3c0,FUN_0003a3c0,858,false,
0003a740,FUN_0003a740,253,false,
0003a840,FUN_0003a840,640,false,
0003aad0,FUN_0003aad0,1404,false,
0003b060,FUN_0003b060,72,false,
0003b0b0,FUN_0003b0b0,40,false,
0003b0e0,FUN_0003b0e0,155,false,
0003b180,FUN_0003b180,178,false,
0003b240,FUN_0003b240,106,false,
0003b2b0,FUN_0003b2b0,147,false,
0003b350,FUN_0003b350,216,false,
0003b430,FUN_0003b430,625,false,
0003b6b0,FUN_0003b6b0,614,false,
0003b920,FUN_0003b920,227,false,
0003ba10,FUN_0003ba10,1433,false,
0003bfb0,FUN_0003bfb0,283,false,
0003c0d0,FUN_0003c0d0,463,false,
0003c2a0,FUN_0003c2a0,238,false,
0003c390,FUN_0003c390,1024,false,
0003c790,FUN_0003c790,113,false,
0003c810,FUN_0003c810,134,false,
0003c8a0,CB3GraphicsManager__Construct,3039,false,community
0003d4a0,FUN_0003d4a0,37,false,
0003d500,FUN_0003d500,276,false,
0003d620,FUN_0003d620,110,false,
0003d690,CB3GraphicsManager__OpenRenderWare,498,false,community
0003d890,FUN_0003d890,336,false,
0003d9e0,CB3GraphicsManager__OpenViewport,176,false,community
0003da90,FUN_0003da90,2693,false,
0003e520,FUN_0003e520,5366,false,
0003fa20,FUN_0003fa20,994,false,
0003fe10,FUN_0003fe10,195,false,
0003fee0,FUN_0003fee0,992,false,
000402c0,FUN_000402c0,75,false,
00040310,FUN_00040310,482,false,
00040500,FUN_00040500,225,false,
000405f0,FUN_000405f0,109,false,
00040660,FUN_00040660,440,false,
00040820,FUN_00040820,691,false,
00040ae0,FUN_00040ae0,171,false,
00040b90,FUN_00040b90,347,false,
00040cf0,FUN_00040cf0,636,false,
00040f90,FUN_00040f90,726,false,
00041270,FUN_00041270,528,false,
00041480,FUN_00041480,2610,false,
00041ec0,FUN_00041ec0,3081,false,
00042ad0,FUN_00042ad0,42,false,
00042b00,FUN_00042b00,182,false,
00042bc0,FUN_00042bc0,1120,false,
00043020,FUN_00043020,603,false,
00043280,FUN_00043280,208,false,
00043350,FUN_00043350,537,false,
00043570,FUN_00043570,725,false,
00043850,FUN_00043850,196,false,
00043920,FUN_00043920,601,false,
00043b80,FUN_00043b80,109,false,
00043bf0,FUN_00043bf0,322,false,
00043d40,FUN_00043d40,176,false,
00043df0,FUN_00043df0,199,false,
00043ec0,FUN_00043ec0,38,false,
00043ef0,FUN_00043ef0,199,false,
00043fc0,FUN_00043fc0,426,false,
00044170,FUN_00044170,745,false,
00044470,FUN_00044470,1007,false,
00044860,FUN_00044860,438,false,
00044a20,FUN_00044a20,462,false,
00044bf0,FUN_00044bf0,245,false,
00044cf0,FUN_00044cf0,115,false,
00044d70,FUN_00044d70,151,false,
00044e10,FUN_00044e10,94,false,
00044e70,FUN_00044e70,128,false,
00044ef0,FUN_00044ef0,229,false,
00044fe0,FUN_00044fe0,110,false,
00045050,FUN_00045050,132,false,
000450e0,FUN_000450e0,553,false,
00045310,FUN_00045310,222,false,
000453f0,FUN_000453f0,1215,false,
000458c0,FUN_000458c0,66,false,
00045910,FUN_00045910,173,false,
000459c0,FUN_000459c0,1307,false,
00045ee0,FUN_00045ee0,726,false,
000461c0,FUN_000461c0,4877,false,
000474d0,FUN_000474d0,3007,false,
00048090,FUN_00048090,914,false,
00048430,FUN_00048430,434,false,
000485f0,FUN_000485f0,138,false,
00048680,FUN_00048680,84,false,
000486e0,FUN_000486e0,126,false,
00048760,FUN_00048760,55,false,
000487a0,FUN_000487a0,96,false,
00048800,FUN_00048800,154,false,
000488a0,FUN_000488a0,854,false,
00048c00,FUN_00048c00,2765,false,
000496e0,FUN_000496e0,1005,false,
00049ad0,FUN_00049ad0,865,false,
00049e40,FUN_00049e40,385,false,
00049fd0,FUN_00049fd0,1166,false,
0004a470,FUN_0004a470,719,false,
0004a740,FUN_0004a740,1787,false,
0004ae40,FUN_0004ae40,896,false,
0004b1c0,FUN_0004b1c0,177,false,
0004b280,FUN_0004b280,589,false,
0004b4d0,FUN_0004b4d0,2614,false,
0004bf10,FUN_0004bf10,153,false,
0004bfc0,FUN_0004bfc0,973,false,
0004c390,FUN_0004c390,3484,false,
0004d130,FUN_0004d130,480,false,
0004d310,FUN_0004d310,1258,false,
0004d800,FUN_0004d800,45,false,
0004d8b0,FUN_0004d8b0,143,false,
0004d940,FUN_0004d940,76,false,
0004d990,FUN_0004d990,242,false,
0004da90,FUN_0004da90,624,false,
0004dd00,FUN_0004dd00,1005,false,
0004e100,FUN_0004e100,169,false,
0004e1b0,FUN_0004e1b0,310,false,
0004e300,FUN_0004e300,86,false,
0004e360,FUN_0004e360,76,false,
0004e3b0,FUN_0004e3b0,153,false,
0004e450,FUN_0004e450,1286,false,
0004e960,FUN_0004e960,980,false,
0004ed40,FUN_0004ed40,108,false,
0004edc0,FUN_0004edc0,274,false,
0004ef50,FUN_0004ef50,193,false,
0004f020,FUN_0004f020,504,false,
0004f220,FUN_0004f220,756,false,
0004f520,FUN_0004f520,263,false,
0004f630,FUN_0004f630,436,false,
0004f7f0,FUN_0004f7f0,142,false,
0004f880,FUN_0004f880,258,false,
0004f990,FUN_0004f990,71,false,
0004fa10,FUN_0004fa10,643,false,
0004fca0,FUN_0004fca0,1363,false,
00050200,FUN_00050200,461,false,
000503e0,FUN_000503e0,924,false,
00050790,FUN_00050790,283,false,
000508b0,FUN_000508b0,246,false,
000509b0,FUN_000509b0,180,false,
00050a70,FUN_00050a70,1264,false,
00050f60,FUN_00050f60,603,false,
000511c0,FUN_000511c0,111,false,
00051230,FUN_00051230,1056,false,
00051650,FUN_00051650,692,false,
00051970,FUN_00051970,768,false,
00051c70,FUN_00051c70,865,false,
000520d0,FUN_000520d0,283,false,
000521f0,FUN_000521f0,1063,false,
00052620,FUN_00052620,150,false,
000526c0,FUN_000526c0,998,false,
00052ab0,FUN_00052ab0,557,false,
00052ce0,FUN_00052ce0,105,false,
00052d50,FUN_00052d50,1389,false,
00053300,FUN_00053300,244,false,
00053420,FUN_00053420,253,false,
00053540,FUN_00053540,157,false,
000535e0,FUN_000535e0,49,false,
00053620,FUN_00053620,51,false,
00053660,FUN_00053660,87,false,
000536c0,FUN_000536c0,60,false,
000538b0,FUN_000538b0,190,false,
00053970,FUN_00053970,152,false,
00053a10,FUN_00053a10,138,false,
00053aa0,FUN_00053aa0,196,false,
00053b70,FUN_00053b70,105,false,
00053be0,FUN_00053be0,174,false,
00053c90,FUN_00053c90,141,false,
00053d20,FUN_00053d20,178,false,
00053de0,FUN_00053de0,225,false,
00053ed0,FUN_00053ed0,867,false,
000542d0,FUN_000542d0,827,false,
00054610,FUN_00054610,26,false,
00054630,FUN_00054630,204,false,
00054700,FUN_00054700,971,false,
00054b50,FUN_00054b50,150,false,
00054bf0,FUN_00054bf0,60,false,
00054cb0,FUN_00054cb0,212,false,
00054d90,FUN_00054d90,949,false,
00055150,FUN_00055150,679,false,
00055400,FUN_00055400,2177,false,
00055c90,FUN_00055c90,1133,false,
00056120,FUN_00056120,122,false,
000561a0,FUN_000561a0,86,false,
00056200,FUN_00056200,246,false,
00056300,FUN_00056300,581,false,
00056570,FUN_00056570,805,false,
000568a0,FUN_000568a0,648,false,
00056b30,FUN_00056b30,441,false,
00056cf0,FUN_00056cf0,188,false,
00056db0,FUN_00056db0,654,false,
00057040,FUN_00057040,3880,false,
00057fa0,FUN_00057fa0,933,false,
00058380,FUN_00058380,34,false,
000583b0,FUN_000583b0,311,false,
000584f0,FUN_000584f0,177,false,
000585b0,FUN_000585b0,1066,false,
000589e0,FUN_000589e0,90,false,
00058a40,FUN_00058a40,132,false,
00058ad0,FUN_00058ad0,1173,false,
00058f80,FUN_00058f80,2226,false,
00059840,FUN_00059840,9,false,
00059850,FUN_00059850,887,false,
00059bd0,FUN_00059bd0,321,false,
00059d20,FUN_00059d20,608,false,
0005a010,FUN_0005a010,894,false,
0005a390,FUN_0005a390,94,false,
0005a3f0,FUN_0005a3f0,468,false,
0005a640,FUN_0005a640,732,false,
0005a920,FUN_0005a920,309,false,
0005aa60,FUN_0005aa60,420,false,
0005ac20,FUN_0005ac20,2606,false,
0005b670,FUN_0005b670,3332,false,
0005c380,FUN_0005c380,1673,false,
0005ca10,FUN_0005ca10,4907,false,
0005dd40,FUN_0005dd40,649,false,
0005dfd0,FUN_0005dfd0,1768,false,
0005e6c0,FUN_0005e6c0,508,false,
0005e8c0,FUN_0005e8c0,290,false,
0005ea00,FUN_0005ea00,383,false,
0005eb90,FUN_0005eb90,75,false,
0005ebe0,FUN_0005ebe0,90,false,
0005ec40,FUN_0005ec40,1100,false,
0005f0a0,FUN_0005f0a0,977,false,
0005f4a0,FUN_0005f4a0,755,false,
0005f7b0,FUN_0005f7b0,851,false,
0005fb20,FUN_0005fb20,515,false,
0005fd30,FUN_0005fd30,560,false,
0005ff80,FUN_0005ff80,75,false,
0005ffd0,FUN_0005ffd0,326,false,
00060120,FUN_00060120,629,false,
00060570,FUN_00060570,2115,false,
00060dc0,FUN_00060dc0,279,false,
00060ee0,FUN_00060ee0,113,false,
00060f60,FUN_00060f60,366,false,
000610d0,FUN_000610d0,286,false,
000611f0,FUN_000611f0,380,false,
00061370,FUN_00061370,172,false,
00061420,FUN_00061420,334,false,
00061570,FUN_00061570,93,false,
000615d0,FUN_000615d0,500,false,
000617d0,FUN_000617d0,349,false,
00061930,FUN_00061930,234,false,
00061a20,FUN_00061a20,122,false,
00061aa0,FUN_00061aa0,127,false,
00061b20,FUN_00061b20,206,false,
00061cf0,FUN_00061cf0,264,false,
00061e00,FUN_00061e00,56,false,
00061e40,FUN_00061e40,213,false,
00061f20,FUN_00061f20,153,false,
00061fc0,FUN_00061fc0,1178,false,
00062470,FUN_00062470,780,false,
000627b0,FUN_000627b0,126,false,
00062830,FUN_00062830,72,false,
00062880,FUN_00062880,72,false,
000628d0,FUN_000628d0,72,false,
00062920,FUN_00062920,72,false,
00062970,FUN_00062970,72,false,
000629c0,FUN_000629c0,72,false,
00062a10,FUN_00062a10,72,false,
00062a60,FUN_00062a60,153,false,
00062b00,FUN_00062b00,49,false,
00062b40,FUN_00062b40,140,false,
00062bd0,FUN_00062bd0,345,false,
00062d60,FUN_00062d60,50,false,
00062da0,FUN_00062da0,54,false,
00062de0,FUN_00062de0,256,false,
00062ee0,FUN_00062ee0,340,false,
00063050,FUN_00063050,1332,false,
00063590,FUN_00063590,217,false,
00063670,FUN_00063670,93,false,
000636d0,CB3MenuPageManager__Update,920,false,community
00063a80,FUN_00063a80,117,false,
00063b00,FUN_00063b00,125,false,
00063f50,FUN_00063f50,118,false,
00063fd0,FUN_00063fd0,215,false,
000640b0,FUN_000640b0,197,false,
00064180,FUN_00064180,53,false,
000641c0,FUN_000641c0,108,false,
00064490,CB3MenuFlowFSM__SetInitialMenuState,103,false,community
00064500,FUN_00064500,121,false,
00064580,FUN_00064580,802,false,
00064920,FUN_00064920,186,false,
000649e0,FUN_000649e0,490,false,
00064bd0,FUN_00064bd0,2431,false,
000655a0,FUN_000655a0,1566,false,
00065bf0,FUN_00065bf0,1788,false,
00066310,FUN_00066310,293,false,
00066490,FUN_00066490,1517,false,
00066852,FUN_00066852,26,false,
00066ac0,FUN_00066ac0,173,false,
000672c0,FUN_000672c0,36,false,
000672e4,FUN_000672e4,68,false,
00067330,FUN_00067330,161,false,
000674a0,FUN_000674a0,353,false,
00067795,FUN_00067795,13,false,
00067b40,FUN_00067b40,428,false,
00067eb0,FUN_00067eb0,1863,false,
00068620,FUN_00068620,657,false,
0006887d,caseD_1a,18,true,xbsymboldb
00068980,FUN_00068980,582,false,
00068c50,FUN_00068c50,116,false,
00068d00,FUN_00068d00,669,false,
00068f44,caseD_1a,18,true,xbsymboldb
00069200,FUN_00069200,13,false,
00069210,FUN_00069210,157,false,
000692b0,FUN_000692b0,129,false,
00069340,FUN_00069340,143,false,
000693f0,FUN_000693f0,70,false,
00069440,FUN_00069440,32,false,
00069460,FUN_00069460,363,false,
00069562,FUN_00069562,19,false,
000695de,FUN_000695de,19,false,
00069746,FUN_00069746,13,false,
00069e40,FUN_00069e40,428,false,
00069ff0,FUN_00069ff0,260,false,
0006a100,FUN_0006a100,47,false,
0006a130,FUN_0006a130,814,false,
0006a480,FUN_0006a480,824,false,
0006a7c0,FUN_0006a7c0,261,false,
0006a8f0,FUN_0006a8f0,121,false,
0006a970,FUN_0006a970,303,false,
0006aac0,FUN_0006aac0,303,false,
0006ac10,FUN_0006ac10,379,false,
0006adb0,FUN_0006adb0,43,false,
0006ade0,FUN_0006ade0,144,false,
0006ae80,FUN_0006ae80,180,false,
0006af90,FUN_0006af90,243,false,
0006b110,FUN_0006b110,32,false,
0006b130,FUN_0006b130,190,false,
0006b200,FUN_0006b200,63,false,
0006b240,FUN_0006b240,141,false,
0006b2d0,FUN_0006b2d0,168,false,
0006b380,FUN_0006b380,540,false,
0006b7a0,FUN_0006b7a0,129,false,
0006b830,FUN_0006b830,237,false,
0006b920,FUN_0006b920,586,false,
0006b9c9,caseD_7,80,true,xbsymboldb
0006ba19,caseD_3,34,true,xbsymboldb
0006babc,caseD_8,31,true,xbsymboldb
0006c410,FUN_0006c410,638,false,
0006c700,FUN_0006c700,21,false,
0006c720,FUN_0006c720,378,false,
0006c8b0,FUN_0006c8b0,100,false,
0006c920,FUN_0006c920,701,false,
0006cb7f,FUN_0006cb7f,19,false,
0006cc60,FUN_0006cc60,971,false,
0006cda8,FUN_0006cda8,19,false,
0006cdbb,FUN_0006cdbb,19,false,
0006cdf6,FUN_0006cdf6,19,false,
0006ce09,FUN_0006ce09,19,false,
0006d100,FUN_0006d100,543,false,
0006d360,FUN_0006d360,261,false,
0006d41e,caseD_1a,18,true,xbsymboldb
0006d4c0,FUN_0006d4c0,1244,false,
0006d9c0,FUN_0006d9c0,254,false,
0006dac0,FUN_0006dac0,596,false,
0006dd70,FUN_0006dd70,173,false,
0006de20,FUN_0006de20,48,false,
0006de50,FUN_0006de50,517,false,
0006e060,FUN_0006e060,93,false,
0006e0c0,FUN_0006e0c0,194,false,
0006e1b0,FUN_0006e1b0,103,false,
0006e220,FUN_0006e220,248,false,
0006e340,FUN_0006e340,40,false,
0006e370,FUN_0006e370,103,false,
0006e3e0,FUN_0006e3e0,33,false,
0006e410,FUN_0006e410,102,false,
0006e480,FUN_0006e480,57,false,
0006e4c0,FUN_0006e4c0,413,false,
0006e680,FUN_0006e680,66,false,
0006e6d0,FUN_0006e6d0,88,false,
0006e730,FUN_0006e730,482,false,
0006e7f1,caseD_2,16,true,xbsymboldb
0006e950,FUN_0006e950,221,false,
0006ea50,FUN_0006ea50,108,false,
0006eac0,FUN_0006eac0,139,false,
0006eba0,FUN_0006eba0,71,false,
0006ec60,FUN_0006ec60,83,false,
0006ecc0,FUN_0006ecc0,120,false,
0006ed80,FUN_0006ed80,116,false,
0006ee00,FUN_0006ee00,117,false,
0006ee90,FUN_0006ee90,80,false,
0006eee0,FUN_0006eee0,144,false,
0006ef70,FUN_0006ef70,246,false,
0006f0c0,FUN_0006f0c0,32,false,
0006f0e0,FUN_0006f0e0,552,false,
0006f350,FUN_0006f350,255,false,
0006f470,FUN_0006f470,129,false,
0006f500,FUN_0006f500,133,false,
0006f590,FUN_0006f590,133,false,
0006f620,FUN_0006f620,103,false,
0006f690,FUN_0006f690,103,false,
0006f700,FUN_0006f700,90,false,
0006f760,FUN_0006f760,61,false,
0006f7a0,FUN_0006f7a0,324,false,
0006f900,FUN_0006f900,789,false,
0006fc90,FUN_0006fc90,82,false,
0006fcf0,FUN_0006fcf0,164,false,
0006fda0,FUN_0006fda0,1575,false,
00070400,FUN_00070400,959,false,
000707e0,FUN_000707e0,465,false,
000709e0,FUN_000709e0,351,false,
00070b40,FUN_00070b40,171,false,
00070bf0,FUN_00070bf0,183,false,
00070cb0,FUN_00070cb0,398,false,
00070e60,FUN_00070e60,75,false,
00070ed0,FUN_00070ed0,274,false,
00071000,FUN_00071000,1159,false,
000715f0,FUN_000715f0,414,false,
000717b0,FUN_000717b0,832,false,
00071af0,CarSelScreen_Render,1043,false,community
00071f30,FUN_00071f30,344,false,
000720b0,CarSelScreen_RenderSetup3D,480,false,community
00072290,FUN_00072290,45,false,
000722c0,FUN_000722c0,391,false,
00072480,FUN_00072480,128,false,
00072600,FUN_00072600,516,false,
00072810,FUN_00072810,529,false,
00072a30,FUN_00072a30,654,false,
00072cc0,__rwXbCameraClear,655,false,community
00072fe0,FUN_00072fe0,113,false,
00073060,FUN_00073060,617,false,
000732e0,FUN_000732e0,431,false,
00073490,FUN_00073490,1207,false,
00073950,FUN_00073950,137,false,
000739f0,FUN_000739f0,240,false,
00073ae0,FUN_00073ae0,190,false,
00073c60,FUN_00073c60,119,false,
00073ce0,FUN_00073ce0,1891,false,
00074640,FUN_00074640,49,false,
00074680,FUN_00074680,205,false,
00074750,FUN_00074750,462,false,
00074940,FUN_00074940,772,false,
00074c60,FUN_00074c60,2364,false,
000755e0,FUN_000755e0,862,false,
00075950,FUN_00075950,87,false,
000759f0,FUN_000759f0,949,false,
00075db0,FUN_00075db0,234,false,
00076010,FUN_00076010,253,false,
00076110,FUN_00076110,351,false,
00076270,FUN_00076270,448,false,
00076430,FUN_00076430,206,false,
000765e0,FUN_000765e0,297,false,
00076740,FUN_00076740,676,false,
000769f0,FUN_000769f0,656,false,
00076e10,FUN_00076e10,25,false,
00076e30,FUN_00076e30,73,false,
00076e80,FUN_00076e80,301,false,
000771d0,FUN_000771d0,76,false,
00077430,FUN_00077430,53,false,
00077470,FUN_00077470,53,false,
000774b0,FUN_000774b0,502,false,
000778d0,FUN_000778d0,575,false,
00077b20,FUN_00077b20,147,false,
00077bc0,FUN_00077bc0,498,false,
00077dc0,FUN_00077dc0,760,false,
000782f0,FUN_000782f0,1178,false,
000787c0,FUN_000787c0,1356,false,
00078d50,FUN_00078d50,60,false,
00078d90,FUN_00078d90,57,false,
00078dd0,FUN_00078dd0,1340,false,
00079320,FUN_00079320,54,false,
00079360,FUN_00079360,557,false,
00079590,FUN_00079590,741,false,
00079880,FUN_00079880,380,false,
00079a00,FUN_00079a00,279,false,
00079b20,FUN_00079b20,205,false,
00079bf0,FUN_00079bf0,433,false,
00079db0,FUN_00079db0,563,false,
00079ff0,FUN_00079ff0,55,false,
0007a030,FUN_0007a030,390,false,
0007a1c0,FUN_0007a1c0,734,false,
0007a4b0,FUN_0007a4b0,49,false,
0007a4f0,FUN_0007a4f0,464,false,
0007a6c0,FUN_0007a6c0,1220,false,
0007ab90,FUN_0007ab90,138,false,
0007ac20,FUN_0007ac20,27,false,
0007ac40,FUN_0007ac40,230,false,
0007adf0,FUN_0007adf0,339,false,
0007b320,FUN_0007b320,424,false,
0007b4d0,FUN_0007b4d0,421,false,
0007b6c0,FUN_0007b6c0,101,false,
0007b730,FUN_0007b730,140,false,
0007b8d0,FUN_0007b8d0,146,false,
0007b970,FUN_0007b970,741,false,
0007bdd0,FUN_0007bdd0,39,false,
0007be00,FUN_0007be00,597,false,
0007c210,FUN_0007c210,2404,false,
0007cb90,FUN_0007cb90,219,false,
0007cc90,FUN_0007cc90,167,false,
0007cd40,FUN_0007cd40,494,false,
0007cf30,FUN_0007cf30,2173,false,
0007d8b0,FUN_0007d8b0,725,false,
0007dbd0,FUN_0007dbd0,669,false,
0007dee0,FUN_0007dee0,182,false,
0007dfa0,FUN_0007dfa0,300,false,
0007e0d0,FUN_0007e0d0,345,false,
0007e230,FUN_0007e230,1000,false,
0007e660,FUN_0007e660,485,false,
0007e8a0,FUN_0007e8a0,83,false,
0007e900,FUN_0007e900,90,false,
0007e960,FUN_0007e960,178,false,
0007eb60,FUN_0007eb60,273,false,
0007ec80,FUN_0007ec80,522,false,
0007ee90,FUN_0007ee90,226,false,
0007ef80,FUN_0007ef80,183,false,
0007f040,FUN_0007f040,408,false,
0007f1e0,FUN_0007f1e0,1816,false,
0007f9d0,FUN_0007f9d0,584,false,
0007fc60,FUN_0007fc60,780,false,
0007ffe0,FUN_0007ffe0,219,false,
000800c0,FUN_000800c0,164,false,
00080170,FUN_00080170,83,false,
000801d0,FUN_000801d0,125,false,
00080270,FUN_00080270,20,false,
00080290,FUN_00080290,546,false,
000804d0,FUN_000804d0,495,false,
000806d0,FUN_000806d0,88,false,
00080730,FUN_00080730,671,false,
000809d0,FUN_000809d0,472,false,
00080bd0,FUN_00080bd0,514,false,
00080de0,FUN_00080de0,528,false,
00080ff0,FUN_00080ff0,148,false,
00081090,FUN_00081090,174,false,
000812a0,FUN_000812a0,114,false,
00081320,FUN_00081320,137,false,
000813b0,FUN_000813b0,413,false,
000816d0,FUN_000816d0,224,false,
000817d0,FUN_000817d0,33,false,
00081800,FUN_00081800,226,false,
000818f0,FUN_000818f0,170,false,
000819a0,FUN_000819a0,520,false,
00081bb0,FUN_00081bb0,997,false,
00082010,FUN_00082010,636,false,
00082290,FUN_00082290,180,false,
00082350,FUN_00082350,915,false,
000826f0,FUN_000826f0,453,false,
000828c0,FUN_000828c0,34,false,
000828f0,FUN_000828f0,682,false,
00082bb0,FUN_00082bb0,850,false,
00082f30,FUN_00082f30,130,false,
00082fc0,FUN_00082fc0,673,false,
00083270,FUN_00083270,635,false,
00083500,FUN_00083500,725,false,
000837f0,FUN_000837f0,2663,false,
00084260,FUN_00084260,776,false,
00084570,FUN_00084570,799,false,
000849d0,FUN_000849d0,37,false,
00084a00,FUN_00084a00,111,false,
00084a80,FUN_00084a80,138,false,
00084b10,FUN_00084b10,140,false,
00084ba0,FUN_00084ba0,325,false,
00084cf0,FUN_00084cf0,216,false,
00084dd0,FUN_00084dd0,72,false,
00084e20,FUN_00084e20,357,false,
00085170,FUN_00085170,310,false,
00085440,FUN_00085440,327,false,
00085700,FUN_00085700,310,false,
00085840,FUN_00085840,57,false,
00085880,FUN_00085880,574,false,
00085ac0,FUN_00085ac0,744,false,
00085db0,FUN_00085db0,428,false,
00085f70,FUN_00085f70,1141,false,
000863f0,FUN_000863f0,984,false,
00086800,FUN_00086800,224,false,
00086910,FUN_00086910,224,false,
00086a20,_RwMatrixSetIdentity,291,false,community
00086d48,FUN_00086d48,10,false,
00086d90,FUN_00086d90,223,false,
00086e70,FUN_00086e70,248,false,
00086f70,FUN_00086f70,606,false,
000871d0,FUN_000871d0,1031,false,
00087600,FUN_00087600,418,false,
000877d0,FUN_000877d0,96,false,
00087830,FUN_00087830,44,false,
00087860,FUN_00087860,154,false,
00087900,FUN_00087900,459,false,
00087ad0,FUN_00087ad0,110,false,
00087b40,FUN_00087b40,93,false,
00087ba0,FUN_00087ba0,136,false,
00087c30,FUN_00087c30,113,false,
00087cb0,FUN_00087cb0,113,false,
00087d30,FUN_00087d30,171,false,
00087de0,FUN_00087de0,347,false,
00087f40,FUN_00087f40,536,false,
00088170,FUN_00088170,187,false,
00088230,FUN_00088230,333,false,
00088380,FUN_00088380,264,false,
00088490,FUN_00088490,641,false,
00088720,FUN_00088720,149,false,
000887c0,FUN_000887c0,203,false,
00088890,FUN_00088890,1064,false,
00088cf0,FUN_00088cf0,1527,false,
00089330,FUN_00089330,1555,false,
00089950,FUN_00089950,195,false,
00089c70,FUN_00089c70,334,false,
00089dc0,FUN_00089dc0,276,false,
00089fe0,FUN_00089fe0,126,false,
0008a060,FUN_0008a060,127,false,
0008a0e0,FUN_0008a0e0,440,false,
0008a2b0,FUN_0008a2b0,58,false,
0008a2f0,FUN_0008a2f0,72,false,
0008a340,FUN_0008a340,710,false,
0008a610,FUN_0008a610,147,false,
0008a6b0,FUN_0008a6b0,65,false,
0008a700,FUN_0008a700,48,false,
0008a730,FUN_0008a730,498,false,
0008a940,FUN_0008a940,245,false,
0008aa40,FUN_0008aa40,268,false,
0008ab50,FUN_0008ab50,275,false,
0008ac70,FUN_0008ac70,889,false,
0008aff0,FUN_0008aff0,183,false,
0008b0b0,FUN_0008b0b0,196,false,
0008b180,FUN_0008b180,130,false,
0008b210,FUN_0008b210,239,false,
0008b300,FUN_0008b300,110,false,
0008b440,FUN_0008b440,2196,false,
0008bd20,FUN_0008bd20,706,false,
0008bff0,FUN_0008bff0,1649,false,
0008c670,FUN_0008c670,674,false,
0008c920,FUN_0008c920,1154,false,
0008cdb0,FUN_0008cdb0,54,false,
0008cdf0,FUN_0008cdf0,552,false,
0008d020,FUN_0008d020,769,false,
0008d330,FUN_0008d330,350,false,
0008d490,FUN_0008d490,249,false,
0008d590,FUN_0008d590,148,false,
0008d630,FUN_0008d630,142,false,
0008d760,FUN_0008d760,36,false,
0008d790,FUN_0008d790,638,false,
0008dc60,FUN_0008dc60,50,false,
0008dca0,FUN_0008dca0,1041,false,
0008e0c0,FUN_0008e0c0,2023,false,
0008e8d0,FUN_0008e8d0,1487,false,
0008eec0,FUN_0008eec0,67,false,
0008ef10,FUN_0008ef10,27,false,
0008ef30,FUN_0008ef30,322,false,
0008f080,FUN_0008f080,1277,false,
0008f580,FUN_0008f580,5309,false,
00090ad0,_RwMatrixScale,166,false,community
00090b80,FUN_00090b80,58,false,
00090bc0,FUN_00090bc0,133,false,
00090c50,FUN_00090c50,600,false,
00090eb0,FUN_00090eb0,68,false,
00090f00,FUN_00090f00,27,false,
00090f20,FUN_00090f20,149,false,
00090fc0,FUN_00090fc0,2591,false,
000919f0,FUN_000919f0,1290,false,
00091f10,FUN_00091f10,558,false,
00092140,FUN_00092140,27,false,
00092160,FUN_00092160,57,false,
000921a0,FUN_000921a0,578,false,
000923f0,FUN_000923f0,1753,false,
00092b30,FUN_00092b30,827,false,
00092e70,FUN_00092e70,40,false,
00092ea0,FUN_00092ea0,780,false,
000931b0,FUN_000931b0,244,false,
000932b0,FUN_000932b0,1429,false,
00093890,FUN_00093890,41,false,
000938c0,FUN_000938c0,495,false,
00093aaf,FUN_00093aaf,28,false,
00093acb,FUN_00093acb,28,false,
00093af0,FUN_00093af0,101,false,
00093b60,FUN_00093b60,928,false,
00093f00,FUN_00093f00,29,false,
00093f1d,FUN_00093f1d,29,false,
00093f40,FUN_00093f40,859,false,
000942b0,FUN_000942b0,501,false,
000944b0,FUN_000944b0,473,false,
00094690,FUN_00094690,464,false,
00094860,FUN_00094860,464,false,
00094a30,FUN_00094a30,464,false,
00094c00,FUN_00094c00,464,false,
00094f90,FUN_00094f90,126,false,
00095430,FUN_00095430,223,false,
00095510,FUN_00095510,2375,false,
00095ee0,FUN_00095ee0,42,false,
00095f10,FUN_00095f10,518,false,
00096120,FUN_00096120,406,false,
000962c0,FUN_000962c0,560,false,
00096520,FUN_00096520,464,false,
000967d0,FUN_000967d0,285,false,
00096a90,FUN_00096a90,106,false,
00096b60,FUN_00096b60,51,false,
00096ba0,FUN_00096ba0,1048,false,
00096fe0,FUN_00096fe0,1313,false,
00097520,FUN_00097520,683,false,
000977d0,FUN_000977d0,791,false,
00097af0,FUN_00097af0,65,false,
00097b40,FUN_00097b40,745,false,
00097e30,FUN_00097e30,163,false,
00097ee0,FUN_00097ee0,262,false,
00097ff0,FUN_00097ff0,89,false,
00098050,FUN_00098050,793,false,
00098370,FUN_00098370,85,false,
000983e0,FUN_000983e0,661,false,
00098680,FUN_00098680,523,false,
0009888b,FUN_0009888b,28,false,
000988a7,FUN_000988a7,28,false,
000988d0,FUN_000988d0,281,false,
000989f0,FUN_000989f0,381,false,
00098b70,FUN_00098b70,27,false,
00098b90,FUN_00098b90,47,false,
00098bc0,FUN_00098bc0,347,false,
00098d20,FUN_00098d20,338,false,
00098e80,FUN_00098e80,682,false,
00099130,FUN_00099130,178,false,
00099510,FUN_00099510,209,false,
000995f0,FUN_000995f0,1260,false,
00099b20,FUN_00099b20,107,false,
00099b90,FUN_00099b90,648,false,
00099e20,FUN_00099e20,685,false,
0009a0d0,FUN_0009a0d0,718,false,
0009a3a0,FUN_0009a3a0,1264,false,
0009a8d0,FUN_0009a8d0,831,false,
0009ac40,FUN_0009ac40,346,false,
0009adb0,FUN_0009adb0,541,false,
0009afe0,FUN_0009afe0,1344,false,
0009b530,FUN_0009b530,1636,false,
0009bba0,FUN_0009bba0,889,false,
0009bf20,FUN_0009bf20,1069,false,
0009c360,FUN_0009c360,1063,false,
0009c790,FUN_0009c790,370,false,
0009cb10,FUN_0009cb10,74,false,
0009cb60,FUN_0009cb60,2352,false,
0009d490,FUN_0009d490,238,false,
0009d580,FUN_0009d580,3010,false,
0009e160,FUN_0009e160,1062,false,
0009e590,FUN_0009e590,98,false,
0009e600,FUN_0009e600,285,false,
0009e740,FUN_0009e740,135,false,
0009e7d0,FUN_0009e7d0,162,false,
0009e880,FUN_0009e880,371,false,
0009ea00,FUN_0009ea00,26,false,
0009ea20,FUN_0009ea20,741,false,
0009ed10,FUN_0009ed10,325,false,
0009ee60,FUN_0009ee60,2269,false,
0009f7d0,FUN_0009f7d0,482,false,
0009f9c0,FUN_0009f9c0,101,false,
0009fa60,FUN_0009fa60,414,false,
0009fc20,FUN_0009fc20,520,false,
0009fe30,FUN_0009fe30,952,false,
000a01f0,FUN_000a01f0,955,false,
000a05b0,FUN_000a05b0,570,false,
000a07f0,FUN_000a07f0,995,false,
000a0bf0,FUN_000a0bf0,674,false,
000a0ea0,FUN_000a0ea0,863,false,
000a1220,FUN_000a1220,46,false,
000a1250,FUN_000a1250,508,false,
000a1450,FUN_000a1450,260,false,
000a1560,FUN_000a1560,383,false,
000a16e0,FUN_000a16e0,399,false,
000a1870,FUN_000a1870,308,false,
000a19b0,FUN_000a19b0,246,false,
000a1ac0,FUN_000a1ac0,2935,false,
000a2640,FUN_000a2640,278,false,
000a2760,FUN_000a2760,388,false,
000a28f0,FUN_000a28f0,206,false,
000a29c0,FUN_000a29c0,91,false,
000a2a20,FUN_000a2a20,181,false,
000a2ae0,FUN_000a2ae0,311,false,
000a2c20,FUN_000a2c20,401,false,
000a2dc0,FUN_000a2dc0,494,false,
000a2fc0,FUN_000a2fc0,61,false,
000a3000,FUN_000a3000,197,false,
000a30d0,FUN_000a30d0,845,false,
000a3420,FUN_000a3420,62,false,
000a3460,FUN_000a3460,1587,false,
000a3aa0,FUN_000a3aa0,140,false,
000a3b30,FUN_000a3b30,266,false,
000a3c40,FUN_000a3c40,29,false,
000a3c5d,FUN_000a3c5d,286,false,
000a3d80,FUN_000a3d80,1057,false,
000a41b0,FUN_000a41b0,101,false,
000a4220,FUN_000a4220,1381,false,
000a4790,FUN_000a4790,108,false,
000a4800,FUN_000a4800,118,false,
000a4880,FUN_000a4880,66,false,
000a48d0,FUN_000a48d0,35,false,
000a4900,FUN_000a4900,704,false,
000a4bc0,FUN_000a4bc0,236,false,
000a4cb0,FUN_000a4cb0,1411,false,
000a5250,FUN_000a5250,149,false,
000a52f0,FUN_000a52f0,528,false,
000a5500,FUN_000a5500,607,false,
000a5800,FUN_000a5800,133,false,
000a5890,FUN_000a5890,257,false,
000a59a0,FUN_000a59a0,241,false,
000a5aa0,FUN_000a5aa0,722,false,
000a5d80,FUN_000a5d80,167,false,
000a5e30,FUN_000a5e30,159,false,
000a5ee0,FUN_000a5ee0,334,false,
000a6030,FUN_000a6030,130,false,
000a60c0,FUN_000a60c0,128,false,
000a6140,FUN_000a6140,651,false,
000a65b0,FUN_000a65b0,230,false,
000a66a0,FUN_000a66a0,382,false,
000a6820,FUN_000a6820,1469,false,
000a6e50,FUN_000a6e50,133,false,
000a6ee0,FUN_000a6ee0,586,false,
000a7130,FUN_000a7130,134,false,
000a71e0,FUN_000a71e0,543,false,
000a7410,FUN_000a7410,667,false,
000a7686,FUN_000a7686,28,false,
000a76d0,FUN_000a76d0,802,false,
000a7a00,FUN_000a7a00,820,false,
000a7d50,FUN_000a7d50,494,false,
000a7f50,FUN_000a7f50,73,false,
000a7fa0,FUN_000a7fa0,65,false,
000a7ff0,FUN_000a7ff0,244,false,
000a80f0,FUN_000a80f0,561,false,
000a8330,FUN_000a8330,361,false,
000a84a0,FUN_000a84a0,557,false,
000a86d0,FUN_000a86d0,1177,false,
000a8b80,FUN_000a8b80,20,false,
000a8ba0,FUN_000a8ba0,452,false,
000a8d70,FUN_000a8d70,91,false,
000a8dd0,FUN_000a8dd0,98,false,
000a8e60,FUN_000a8e60,60,false,
000a8ea0,FUN_000a8ea0,216,false,
000a8f80,FUN_000a8f80,408,false,
000a9120,FUN_000a9120,585,false,
000a9369,FUN_000a9369,28,false,
000a9385,FUN_000a9385,28,false,
000a93b0,FUN_000a93b0,101,false,
000a9560,FUN_000a9560,37,false,
000a9590,FUN_000a9590,835,false,
000a98e0,FUN_000a98e0,268,false,
000a9d10,FUN_000a9d10,1230,false,
000aa1f0,FUN_000aa1f0,71,false,
000aa240,FUN_000aa240,176,false,
000aa2f0,FUN_000aa2f0,472,false,
000aa4d0,FUN_000aa4d0,2046,false,
000aad00,FUN_000aad00,1061,false,
000ab130,FUN_000ab130,241,false,
000ab240,FUN_000ab240,89,false,
000ab2a0,FUN_000ab2a0,119,false,
000ab320,FUN_000ab320,497,false,
000ab750,FUN_000ab750,248,false,
000ab850,FUN_000ab850,356,false,
000ab9c0,FUN_000ab9c0,320,false,
000abb20,FUN_000abb20,101,false,
000abb90,FUN_000abb90,479,false,
000abd70,FUN_000abd70,160,false,
000abe10,FUN_000abe10,860,false,
000ac170,FUN_000ac170,705,false,
000ac440,FUN_000ac440,701,false,
000ac720,FUN_000ac720,51,false,
000ac760,FUN_000ac760,444,false,
000ac9a0,FUN_000ac9a0,490,false,
000acb90,FUN_000acb90,4549,false,
000add60,FUN_000add60,379,false,
000adee0,FUN_000adee0,33,false,
000adf90,FUN_000adf90,66,false,
000adfe0,FUN_000adfe0,827,false,
000ae320,FUN_000ae320,1215,false,
000ae800,FUN_000ae800,1574,false,
000aee30,FUN_000aee30,533,false,
000af090,FUN_000af090,746,false,
000af380,FUN_000af380,315,false,
000af4d0,FUN_000af4d0,308,false,
000af7b0,FUN_000af7b0,423,false,
000af960,FUN_000af960,99,false,
000af9e0,FUN_000af9e0,370,false,
000afb60,FUN_000afb60,117,false,
000afbe0,FUN_000afbe0,30,false,
000afcd0,FUN_000afcd0,589,false,
000aff30,FUN_000aff30,501,false,
000b0125,FUN_000b0125,28,false,
000b0141,FUN_000b0141,28,false,
000b0160,FUN_000b0160,134,false,
000b0270,FUN_000b0270,308,false,
000b03b0,FUN_000b03b0,171,false,
000b0460,FUN_000b0460,607,false,
000b06f0,FUN_000b06f0,423,false,
000b08a0,FUN_000b08a0,392,false,
000b0a30,FUN_000b0a30,109,false,
000b0ac0,FUN_000b0ac0,605,false,
000b0d20,FUN_000b0d20,289,false,
000b0e50,FUN_000b0e50,552,false,
000b1080,FUN_000b1080,272,false,
000b1190,FUN_000b1190,1028,false,
000b15a0,FUN_000b15a0,179,false,
000b1660,FUN_000b1660,1030,false,
000b1a70,FUN_000b1a70,1032,false,
000b1ea0,FUN_000b1ea0,1199,false,
000b2350,FUN_000b2350,159,false,
000b23f0,FUN_000b23f0,266,false,
000b2520,FUN_000b2520,732,false,
000b2820,FUN_000b2820,54,false,
000b2860,FUN_000b2860,814,false,
000b2b90,FUN_000b2b90,691,false,
000b2e50,FUN_000b2e50,351,false,
000b2fb0,FUN_000b2fb0,63,false,
000b3020,FUN_000b3020,427,false,
000b31d0,FUN_000b31d0,338,false,
000b3340,FUN_000b3340,412,false,
000b34f0,FUN_000b34f0,840,false,
000b3840,FUN_000b3840,570,false,
000b3a80,FUN_000b3a80,440,false,
000b3c40,FUN_000b3c40,511,false,
000b3e70,FUN_000b3e70,643,false,
000b4100,FUN_000b4100,590,false,
000b4350,FUN_000b4350,376,false,
000b44d0,FUN_000b44d0,76,false,
000b4520,FUN_000b4520,105,false,
000b4590,FUN_000b4590,182,false,
000b4650,FUN_000b4650,288,false,
000b4770,FUN_000b4770,434,false,
000b4a90,FUN_000b4a90,116,false,
000b4b10,FUN_000b4b10,1441,false,
000b50c0,FUN_000b50c0,480,false,
000b52a0,FUN_000b52a0,324,false,
000b53f0,FUN_000b53f0,890,false,
000b5770,FUN_000b5770,693,false,
000b5a40,FUN_000b5a40,155,false,
000b5ae0,FUN_000b5ae0,658,false,
000b5d80,FUN_000b5d80,2876,false,
000b6677,caseD_10,46,true,xbsymboldb
000b69a0,FUN_000b69a0,53,false,
000b69e0,FUN_000b69e0,454,false,
000b6bb0,FUN_000b6bb0,292,false,
000b6d00,FUN_000b6d00,186,false,
000b6dc0,FUN_000b6dc0,65,false,
000b6e20,FUN_000b6e20,50,false,
000b6e70,__rwDebugSendMessage,78,false,community
000b6ed0,FUN_000b6ed0,190,false,
000b6f90,FUN_000b6f90,2558,false,
000b79a0,FUN_000b79a0,134,false,
000b7a30,FUN_000b7a30,1014,false,
000b7e60,FUN_000b7e60,1272,false,
000b8360,FUN_000b8360,169,false,
000b8410,FUN_000b8410,169,false,
000b84c0,FUN_000b84c0,130,false,
000b8550,FUN_000b8550,146,false,
000b85f0,FUN_000b85f0,146,false,
000b8690,FUN_000b8690,155,false,
000b8730,FUN_000b8730,284,false,
000b8850,FUN_000b8850,386,false,
000b8bc0,FUN_000b8bc0,1415,false,
000b9180,FUN_000b9180,1031,false,
000b95b0,FUN_000b95b0,97,false,
000b9620,FUN_000b9620,1495,false,
000b9c30,FUN_000b9c30,215,false,
000b9d10,FUN_000b9d10,1001,false,
000ba100,FUN_000ba100,177,false,
000ba1c0,FUN_000ba1c0,1238,false,
000ba6a0,FUN_000ba6a0,699,false,
000ba990,FUN_000ba990,353,false,
000bab00,FUN_000bab00,2064,false,
000bb320,FUN_000bb320,2017,false,
000bbb10,FUN_000bbb10,123,false,
000bbb90,FUN_000bbb90,1874,false,
000bc2f0,FUN_000bc2f0,232,false,
000bc3e0,FUN_000bc3e0,171,false,
000bc490,FUN_000bc490,88,false,
000bc4f0,FUN_000bc4f0,1221,false,
000bc9c0,FUN_000bc9c0,172,false,
000bca70,WorldMgr_StoreEntry,149,false,community
000bcb10,FUN_000bcb10,139,false,
000bcba0,WorldMgr_Callback,842,false,community
000bcef0,FUN_000bcef0,54,false,
000bcf50,WorldMgr_CleanupSlots,376,false,community
000bd0d0,WorldMgr_UpdateSlotPtrs,170,false,community
000bd180,WorldMgr_SetMode,1017,false,community
000bd580,WorldMgr_ValidateEntry,81,false,community
000bd5e0,WorldMgr_SetupWorld,332,false,community
000bd730,WorldMgr_UpdateInterp,284,false,community
000bd850,WorldMgr_Tick,315,false,community
000bd9c0,WorldMgr_FinalizeBlend,205,false,community
000bda90,FUN_000bda90,754,false,
000bdd90,FUN_000bdd90,317,false,
000bded0,WorldMgr_CanScrollFwd,32,false,community
000bdef0,WorldMgr_CanScrollBack,25,false,community
000bdf10,WorldMgr_CanLoadFwd,76,false,community
000bdf60,WorldMgr_CanLoadBack,34,false,community
000bdf90,FUN_000bdf90,93,false,
000bdff0,WorldMgr_ScrollFwd,62,false,community
000be030,WorldMgr_ScrollBack,55,false,community
000be070,WorldMgr_LoadForward,93,false,community
000be0d0,WorldMgr_LoadBackward,107,false,community
000be140,FUN_000be140,100,false,
000be1b0,FUN_000be1b0,145,false,
000be250,WorldMgr_LoadWorldData,2062,false,community
000bea70,WorldMgr_RenderSetup1,108,false,community
000beae0,WorldMgr_RenderSetup2,44,false,community
000beb10,FUN_000beb10,107,false,
000beb80,FUN_000beb80,138,false,
000bec10,FUN_000bec10,2211,false,
000bf4c0,FUN_000bf4c0,291,false,
000bf5f0,FUN_000bf5f0,500,false,
000bf7f0,FUN_000bf7f0,106,false,
000bfae0,FUN_000bfae0,47,false,
000bfb10,FUN_000bfb10,56,false,
000bfb50,FUN_000bfb50,139,false,
000bfbe0,FUN_000bfbe0,88,false,
000bfc40,FUN_000bfc40,107,false,
000bfcb0,FUN_000bfcb0,865,false,
000c0020,FUN_000c0020,54,false,
000c0060,FUN_000c0060,32,false,
000c0080,FUN_000c0080,349,false,
000c01e0,FUN_000c01e0,73,false,
000c0230,FUN_000c0230,1450,false,
000c07e0,FUN_000c07e0,382,false,
000c0960,FUN_000c0960,2286,false,
000c1270,FUN_000c1270,45,false,
000c12a0,FUN_000c12a0,169,false,
000c1350,FUN_000c1350,362,false,
000c1530,FUN_000c1530,256,false,
000c1630,FUN_000c1630,815,false,
000c1970,FUN_000c1970,595,false,
000c1bd0,FUN_000c1bd0,645,false,
000c1e60,FUN_000c1e60,99,false,
000c1ed0,FUN_000c1ed0,774,false,
000c21f0,FUN_000c21f0,352,false,
000c2360,FUN_000c2360,376,false,
000c24e0,FUN_000c24e0,940,false,
000c28b0,FUN_000c28b0,1237,false,
000c2d90,FUN_000c2d90,90,false,
000c2df0,FUN_000c2df0,211,false,
000c2ed0,FUN_000c2ed0,240,false,
000c2fc0,FUN_000c2fc0,664,false,
000c3260,FUN_000c3260,63,false,
000c32a0,FUN_000c32a0,198,false,
000c3370,FUN_000c3370,479,false,
000c3550,FUN_000c3550,194,false,
000c36f0,FUN_000c36f0,1383,false,
000c3c70,FUN_000c3c70,39,false,
000c3ca0,FUN_000c3ca0,82,false,
000c3d00,FUN_000c3d00,397,false,
000c3e90,FUN_000c3e90,560,false,
000c40c0,FUN_000c40c0,162,false,
000c4170,FUN_000c4170,592,false,
000c43c0,FUN_000c43c0,117,false,
000c4450,FUN_000c4450,382,false,
000c45d0,FUN_000c45d0,73,false,
000c4620,FUN_000c4620,104,false,
000c4690,FUN_000c4690,1062,false,
000c4ac0,FUN_000c4ac0,2795,false,
000c5610,FUN_000c5610,85,false,
000c5670,FUN_000c5670,939,false,
000c5a20,FUN_000c5a20,147,false,
000c5ac0,FUN_000c5ac0,91,false,
000c5b20,FUN_000c5b20,2907,false,
000c6690,FUN_000c6690,130,false,
000c6720,FUN_000c6720,5025,false,
000c7af0,FUN_000c7af0,10,false,
000c7afa,FUN_000c7afa,288,false,
000c7c20,FUN_000c7c20,52,false,
000c7c60,FUN_000c7c60,142,false,
000c7cf0,FUN_000c7cf0,533,false,
000c7f10,FUN_000c7f10,211,false,
000c7ff0,FUN_000c7ff0,1810,false,
000c8710,FUN_000c8710,802,false,
000c8a60,FUN_000c8a60,396,false,
000c8bf0,FUN_000c8bf0,217,false,
000c8cd0,FUN_000c8cd0,575,false,
000c8f10,FUN_000c8f10,757,false,
000c9240,FUN_000c9240,299,false,
000c9370,FUN_000c9370,231,false,
000c9460,FUN_000c9460,874,false,
000c97f0,FUN_000c97f0,115,false,
000c9870,FUN_000c9870,273,false,
000c9990,FUN_000c9990,358,false,
000c9b00,FUN_000c9b00,1037,false,
000c9f10,FUN_000c9f10,50,false,
000c9f50,FUN_000c9f50,320,false,
000ca090,FUN_000ca090,365,false,
000ca200,FUN_000ca200,410,false,
000ca3a0,FUN_000ca3a0,855,false,
000ca700,FUN_000ca700,489,false,
000ca8f0,FUN_000ca8f0,1040,false,
000cad00,FUN_000cad00,141,false,
000cad90,FUN_000cad90,140,false,
000cae20,FUN_000cae20,71,false,
000cae70,FUN_000cae70,118,false,
000cb010,FUN_000cb010,33,false,
000cb040,FUN_000cb040,420,false,
000cb1f0,FUN_000cb1f0,397,false,
000cb380,FUN_000cb380,193,false,
000cb470,FUN_000cb470,234,false,
000cb560,FUN_000cb560,129,false,
000cb5f0,FUN_000cb5f0,978,false,
000cb9d0,FUN_000cb9d0,170,false,
000cba80,FUN_000cba80,782,false,
000cbda0,FUN_000cbda0,18,false,
000cbdc0,FUN_000cbdc0,27,false,
000cbde0,FUN_000cbde0,91,false,
000cbe40,FUN_000cbe40,561,false,
000cc080,FUN_000cc080,959,false,
000cc440,FUN_000cc440,2089,false,
000ccc90,FUN_000ccc90,613,false,
000ccf00,FUN_000ccf00,232,false,
000ccff0,FUN_000ccff0,174,false,
000cd0a0,FUN_000cd0a0,229,false,
000cd190,FUN_000cd190,266,false,
000cd2a0,FUN_000cd2a0,176,false,
000cd350,FUN_000cd350,520,false,
000cd5e0,FUN_000cd5e0,407,false,
000cd780,FUN_000cd780,80,false,
000cd7d0,FUN_000cd7d0,30,false,
000cd7f0,FUN_000cd7f0,697,false,
000cdad0,FUN_000cdad0,476,false,
000cdd80,FUN_000cdd80,73,false,
000cddd0,FUN_000cddd0,418,false,
000cdf80,FUN_000cdf80,62,false,
000cdfc0,FUN_000cdfc0,57,false,
000ce000,FUN_000ce000,57,false,
000ce040,FUN_000ce040,57,false,
000ce080,FUN_000ce080,189,false,
000ce140,FUN_000ce140,187,false,
000ce200,FUN_000ce200,78,false,
000ce250,FUN_000ce250,85,false,
000ce2b0,FUN_000ce2b0,2760,false,
000ced80,FUN_000ced80,833,false,
000cf0d0,FUN_000cf0d0,521,false,
000cf2e0,FUN_000cf2e0,557,false,
000cf510,FUN_000cf510,294,false,
000cf640,FUN_000cf640,475,false,
000cf820,FUN_000cf820,619,false,
000cfa90,FUN_000cfa90,451,false,
000cfc70,FUN_000cfc70,78,false,
000cfcc0,FUN_000cfcc0,273,false,
000cfde0,FUN_000cfde0,348,false,
000cff40,FUN_000cff40,218,false,
000d0020,FUN_000d0020,54,false,
000d0060,FUN_000d0060,175,false,
000d0120,FUN_000d0120,33,false,
000d0150,FUN_000d0150,630,false,
000d03d0,FUN_000d03d0,106,false,
000d0440,FUN_000d0440,285,false,
000d0560,FUN_000d0560,168,false,
000d0610,FUN_000d0610,146,false,
000d06b0,FUN_000d06b0,30,false,
000d06d0,FUN_000d06d0,31,false,
000d06f0,FUN_000d06f0,299,false,
000d0820,FUN_000d0820,51,false,
000d0860,FUN_000d0860,41,false,
000d0890,FUN_000d0890,1247,false,
000d0d80,FUN_000d0d80,1692,false,
000d1440,FUN_000d1440,529,false,
000d1660,FUN_000d1660,414,false,
000d1830,FUN_000d1830,247,false,
000d1930,FUN_000d1930,186,false,
000d19f0,FUN_000d19f0,1013,false,
000d1e10,FUN_000d1e10,526,false,
000d2020,FUN_000d2020,2440,false,
000d29c0,FUN_000d29c0,200,false,
000d2a90,FUN_000d2a90,247,false,
000d2b90,FUN_000d2b90,167,false,
000d2c40,FUN_000d2c40,258,false,
000d2d50,FUN_000d2d50,777,false,
000d3060,FUN_000d3060,1314,false,
000d3590,FUN_000d3590,696,false,
000d3860,FUN_000d3860,530,false,
000d3a80,FUN_000d3a80,76,false,
000d3ad0,FUN_000d3ad0,30,false,
000d3af0,FUN_000d3af0,441,false,
000d3cb0,FUN_000d3cb0,79,false,
000d3d00,FUN_000d3d00,283,false,
000d3e40,FUN_000d3e40,88,false,
000d3ea0,FUN_000d3ea0,133,false,
000d3f30,FUN_000d3f30,330,false,
000d4080,FUN_000d4080,248,false,
000d4180,FUN_000d4180,350,false,
000d42e0,FUN_000d42e0,237,false,
000d43d0,FUN_000d43d0,255,false,
000d44d0,FUN_000d44d0,264,false,
000d45e0,FUN_000d45e0,281,false,
000d4700,__rwXbGetRasterFormat,1405,false,community
000d4c80,FUN_000d4c80,1252,false,
000d5180,FUN_000d5180,2356,false,
000d5ad0,FUN_000d5ad0,697,false,
000d5da0,FUN_000d5da0,37,false,
000d5dd0,FUN_000d5dd0,345,false,
000d5f30,FUN_000d5f30,314,false,
000d6070,FUN_000d6070,122,false,
000d60f0,FUN_000d60f0,111,false,
000d6160,FUN_000d6160,102,false,
000d61e0,FUN_000d61e0,93,false,
000d6250,FUN_000d6250,192,false,
000d6320,FUN_000d6320,651,false,
000d65b0,FUN_000d65b0,66,false,
000d6600,FUN_000d6600,104,false,
000d6670,FUN_000d6670,784,false,
000d6980,FUN_000d6980,914,false,
000d6d20,FUN_000d6d20,2272,false,
000d7610,FUN_000d7610,191,false,
000d76d0,FUN_000d76d0,91,false,
000d7730,FUN_000d7730,109,false,
000d77a0,FUN_000d77a0,1630,false,
000d7e00,FUN_000d7e00,244,false,
000d7f00,FUN_000d7f00,466,false,
000d80e0,FUN_000d80e0,775,false,
000d8400,FUN_000d8400,201,false,
000d84d0,FUN_000d84d0,89,false,
000d8530,FUN_000d8530,4577,false,
000d9730,FUN_000d9730,273,false,
000d9860,FUN_000d9860,2117,false,
000da0b0,FUN_000da0b0,2121,false,
000da910,FUN_000da910,827,false,
000dac70,FUN_000dac70,596,false,
000daed0,FUN_000daed0,1435,false,
000db480,FUN_000db480,96,false,
000db4e0,FUN_000db4e0,3815,false,
000dc3e0,FUN_000dc3e0,3693,false,
000dd250,FUN_000dd250,985,false,
000dd630,FUN_000dd630,263,false,
000dd740,FUN_000dd740,258,false,
000dd850,FUN_000dd850,359,false,
000dd9c0,FUN_000dd9c0,804,false,
000ddcf0,FUN_000ddcf0,1314,false,
000de220,FUN_000de220,5249,false,
000df6e0,FUN_000df6e0,634,false,
000df960,FUN_000df960,1787,false,
000e0080,FUN_000e0080,462,false,
000e0250,FUN_000e0250,482,false,
000e0440,FUN_000e0440,757,false,
000e0740,FUN_000e0740,677,false,
000e09f0,FUN_000e09f0,678,false,
000e0ca0,FUN_000e0ca0,475,false,
000e0e80,FUN_000e0e80,679,false,
000e1130,FUN_000e1130,191,false,
000e11f0,FUN_000e11f0,220,false,
000e12d0,FUN_000e12d0,2075,false,
000e1af0,FUN_000e1af0,417,false,
000e1ca0,FUN_000e1ca0,622,false,
000e1f10,FUN_000e1f10,665,false,
000e21d0,FUN_000e21d0,668,false,
000e2480,FUN_000e2480,740,false,
000e2780,FUN_000e2780,95,false,
000e2840,FUN_000e2840,58,false,
000e2880,FUN_000e2880,478,false,
000e2a60,FUN_000e2a60,232,false,
000e2b50,FUN_000e2b50,389,false,
000e2ce0,FUN_000e2ce0,72,false,
000e2d30,FUN_000e2d30,73,false,
000e2d80,FUN_000e2d80,945,false,
000e3140,FUN_000e3140,415,false,
000e32f0,FUN_000e32f0,188,false,
000e33b0,FUN_000e33b0,1463,false,
000e3980,FUN_000e3980,366,false,
000e3af0,FUN_000e3af0,53,false,
000e3b30,FUN_000e3b30,51,false,
000e3b70,FUN_000e3b70,787,false,
000e3e90,FUN_000e3e90,126,false,
000e3f20,FUN_000e3f20,607,false,
000e41a0,FUN_000e41a0,198,false,
000e4270,FUN_000e4270,203,false,
000e4340,FUN_000e4340,204,false,
000e4410,FUN_000e4410,177,false,
000e44d0,FUN_000e44d0,499,false,
000e46d0,FUN_000e46d0,216,false,
000e47b0,FUN_000e47b0,142,false,
000e4840,FUN_000e4840,149,false,
000e48e0,FUN_000e48e0,162,false,
000e4990,FUN_000e4990,157,false,
000e4a30,FUN_000e4a30,368,false,
000e4ba0,FUN_000e4ba0,35,false,
000e4bd0,FUN_000e4bd0,269,false,
000e4cf0,FUN_000e4cf0,281,false,
000e4e10,FUN_000e4e10,953,false,
000e51f0,FUN_000e51f0,56,false,
000e5270,FUN_000e5270,284,false,
000e5390,FUN_000e5390,65,false,
000e53e0,FUN_000e53e0,257,false,
000e54f0,FUN_000e54f0,119,false,
000e5570,FUN_000e5570,1061,false,
000e59a0,FUN_000e59a0,362,false,
000e5b10,FUN_000e5b10,121,false,
000e5b90,FUN_000e5b90,1447,false,
000e6160,FUN_000e6160,113,false,
000e6200,FUN_000e6200,287,false,
000e6320,FUN_000e6320,906,false,
000e66b0,FUN_000e66b0,206,false,
000e6780,FUN_000e6780,357,false,
000e68f0,FUN_000e68f0,630,false,
000e6b70,FUN_000e6b70,195,false,
000e6c40,FUN_000e6c40,107,false,
000e6cb0,FUN_000e6cb0,141,false,
000e6d40,FUN_000e6d40,534,false,
000e6f60,FUN_000e6f60,1753,false,
000e7640,FUN_000e7640,619,false,
000e78b0,FUN_000e78b0,228,false,
000e79a0,FUN_000e79a0,193,false,
000e7a70,FUN_000e7a70,464,false,
000e7c40,FUN_000e7c40,364,false,
000e7db0,FUN_000e7db0,142,false,
000e7e40,FUN_000e7e40,83,false,
000e7ea0,FUN_000e7ea0,529,false,
000e80d0,FUN_000e80d0,227,false,
000e81c0,FUN_000e81c0,145,false,
000e8260,FUN_000e8260,341,false,
000e83c0,FUN_000e83c0,89,false,
000e8420,FUN_000e8420,191,false,
000e84e0,FUN_000e84e0,1409,false,
000e8a70,FUN_000e8a70,251,false,
000e8b70,FUN_000e8b70,71,false,
000e8bc0,FUN_000e8bc0,3361,false,
000e9900,FUN_000e9900,125,false,
000e99a0,FUN_000e99a0,674,false,
000e9c50,FUN_000e9c50,200,false,
000e9d20,FUN_000e9d20,125,false,
000e9da0,FUN_000e9da0,1124,false,
000ea220,FUN_000ea220,1024,false,
000ea640,FUN_000ea640,772,false,
000ea950,FUN_000ea950,87,false,
000ea9b0,FUN_000ea9b0,91,false,
000eaa10,FUN_000eaa10,581,false,
000eac60,FUN_000eac60,2370,false,
000eb5e0,FUN_000eb5e0,2087,false,
000ebe20,FUN_000ebe20,1202,false,
000ec2e0,FUN_000ec2e0,1564,false,
000ec920,FUN_000ec920,230,false,
000eca20,FUN_000eca20,311,false,
000ecb60,FUN_000ecb60,767,false,
000ece60,FUN_000ece60,546,false,
000ed090,FUN_000ed090,173,false,
000ed140,FUN_000ed140,305,false,
000ed280,FUN_000ed280,676,false,
000ed530,FUN_000ed530,324,false,
000ed6c0,FUN_000ed6c0,473,false,
000ed8a0,FUN_000ed8a0,177,false,
000ed960,FUN_000ed960,231,false,
000eda50,FUN_000eda50,37,false,
000eda80,FUN_000eda80,110,false,
000edaf0,FUN_000edaf0,381,false,
000edc70,FUN_000edc70,271,false,
000edd80,FUN_000edd80,57,false,
000eddc0,FUN_000eddc0,1729,false,
000ee490,FUN_000ee490,632,false,
000ee710,FUN_000ee710,1553,false,
000eed30,FUN_000eed30,329,false,
000eeea0,FUN_000eeea0,163,false,
000eef50,FUN_000eef50,126,false,
000ef060,FUN_000ef060,260,false,
000ef170,FUN_000ef170,724,false,
000ef450,FUN_000ef450,418,false,
000ef600,FUN_000ef600,1632,false,
000efc60,FUN_000efc60,612,false,
000efed0,FUN_000efed0,181,false,
000eff90,FUN_000eff90,2400,false,
000f0910,FUN_000f0910,914,false,
000f0cb0,FUN_000f0cb0,49,false,
000f0cf0,FUN_000f0cf0,57,false,
000f0d30,FUN_000f0d30,192,false,
000f0df0,FUN_000f0df0,119,false,
000f0e70,FUN_000f0e70,39,false,
000f0ea0,FUN_000f0ea0,695,false,
000f1160,FUN_000f1160,445,false,
000f1320,FUN_000f1320,225,false,
000f1410,FUN_000f1410,2444,false,
000f1db0,FUN_000f1db0,479,false,
000f1f90,FUN_000f1f90,41,false,
000f1fc0,FUN_000f1fc0,79,false,
000f2010,FUN_000f2010,284,false,
000f2140,FUN_000f2140,223,false,
000f2220,FUN_000f2220,628,false,
000f24a0,FUN_000f24a0,208,false,
000f2570,FUN_000f2570,1077,false,
000f29b0,FUN_000f29b0,1193,false,
000f2e70,FUN_000f2e70,379,false,
000f3000,FUN_000f3000,225,false,
000f30f0,FUN_000f30f0,121,false,
000f3170,FUN_000f3170,53,false,
000f31b0,FUN_000f31b0,41,false,
000f31e0,FUN_000f31e0,10138,false,
000f59b0,FUN_000f59b0,918,false,
000f5d50,FUN_000f5d50,2643,false,
000f67b0,FUN_000f67b0,301,false,
000f68e0,FUN_000f68e0,597,false,
000f6b40,FUN_000f6b40,625,false,
000f6dc0,FUN_000f6dc0,2363,false,
000f7710,FUN_000f7710,1287,false,
000f7c20,FUN_000f7c20,2123,false,
000f8480,FUN_000f8480,263,false,
000f8590,FUN_000f8590,262,false,
000f86a0,FUN_000f86a0,1248,false,
000f8b90,FUN_000f8b90,1493,false,
000f9170,FUN_000f9170,90,false,
000f91d0,FUN_000f91d0,89,false,
000f9240,FUN_000f9240,224,false,
000f9320,FUN_000f9320,232,false,
000f9410,FUN_000f9410,561,false,
000f96f0,FUN_000f96f0,352,false,
000f9850,FUN_000f9850,941,false,
000f9c00,FUN_000f9c00,210,false,
000f9ce0,FUN_000f9ce0,2044,false,
000fa4e0,FUN_000fa4e0,269,false,
000fa5f0,FUN_000fa5f0,378,false,
000fa780,FUN_000fa780,187,false,
000fa840,FUN_000fa840,1064,false,
000fad30,FUN_000fad30,199,false,
000fae00,FUN_000fae00,2566,false,
000fb810,FUN_000fb810,227,false,
000fb900,FUN_000fb900,981,false,
000fbd50,FUN_000fbd50,55,false,
000fbd90,FUN_000fbd90,51,false,
000fbdd0,FUN_000fbdd0,73,false,
000fbe20,FUN_000fbe20,58,false,
000fbe60,FUN_000fbe60,30,false,
000fbe80,FUN_000fbe80,66,false,
000fbed0,FUN_000fbed0,115,false,
000fbf50,FUN_000fbf50,930,false,
000fc300,FUN_000fc300,84,false,
000fc360,FUN_000fc360,101,false,
000fc3d0,FUN_000fc3d0,77,false,
000fc420,FUN_000fc420,424,false,
000fc5d0,FUN_000fc5d0,308,false,
000fc710,CB3NetworkManager__Update,632,false,community
000fc990,CB3NetworkManager__PostUpdate,82,false,community
000fc9f0,FUN_000fc9f0,317,false,
000fcb30,FUN_000fcb30,89,false,
000fcb90,FUN_000fcb90,92,false,
000fcbf0,FUN_000fcbf0,152,false,
000fcc90,FUN_000fcc90,106,false,
000fcd00,FUN_000fcd00,84,false,
000fcd60,FUN_000fcd60,281,false,
000fce80,FUN_000fce80,1389,false,
000fd400,FUN_000fd400,134,false,
000fd660,FUN_000fd660,74,false,
000fd6b0,FUN_000fd6b0,89,false,
000fd760,FUN_000fd760,112,false,
000fd830,FUN_000fd830,635,false,
000fdac0,FUN_000fdac0,127,false,
000fde90,FUN_000fde90,624,false,
000fe410,FUN_000fe410,185,false,
000fe4d0,FUN_000fe4d0,68,false,
000fe520,FUN_000fe520,99,false,
000fe590,FUN_000fe590,47,false,
000fe5c0,FUN_000fe5c0,36,false,
000fe6f0,FUN_000fe6f0,102,false,
000fe760,FUN_000fe760,69,false,
000fe7d0,FUN_000fe7d0,402,false,
000fea50,FUN_000fea50,393,false,
000fece0,FUN_000fece0,66,false,
000fedb0,FUN_000fedb0,63,false,
000fedf0,FUN_000fedf0,136,false,
000feea0,FUN_000feea0,55,false,
000feee0,FUN_000feee0,66,false,
000fef30,FUN_000fef30,151,false,
000fefd0,FUN_000fefd0,94,false,
000ff030,FUN_000ff030,88,false,
000ff090,FUN_000ff090,73,false,
000ff0e0,FUN_000ff0e0,118,false,
000ff160,FUN_000ff160,259,false,
000ff270,FUN_000ff270,725,false,
000ff550,FUN_000ff550,252,false,
000ff650,FUN_000ff650,467,false,
000ff830,FUN_000ff830,945,false,
000ffbf0,FUN_000ffbf0,82,false,
000ffc50,FUN_000ffc50,33,false,
000ffc80,FUN_000ffc80,147,false,
000ffd20,FUN_000ffd20,43,false,
000ffd50,FUN_000ffd50,126,false,
000ffdd0,FUN_000ffdd0,292,false,
000fff00,FUN_000fff00,1004,false,
001002f0,FUN_001002f0,323,false,
00100440,FUN_00100440,636,false,
00100950,FUN_00100950,430,false,
00100b00,FUN_00100b00,169,false,
00100bb0,FUN_00100bb0,288,false,
00100cd0,FUN_00100cd0,189,false,
00100e80,FUN_00100e80,114,false,
00100f00,FUN_00100f00,364,false,
00101080,FUN_00101080,97,false,
001010f0,FUN_001010f0,35,false,
00101120,FUN_00101120,362,false,
001012b0,FUN_001012b0,539,false,
001014f0,FUN_001014f0,514,false,
00101700,FUN_00101700,129,false,
00101790,FUN_00101790,527,false,
001019b0,FUN_001019b0,716,false,
00101c90,FUN_00101c90,379,false,
00101e10,FUN_00101e10,385,false,
00101fa0,FUN_00101fa0,244,false,
001020a0,FUN_001020a0,949,false,
001024c0,FUN_001024c0,289,false,
00102610,FUN_00102610,286,false,
00102730,FUN_00102730,140,false,
001027c0,FUN_001027c0,71,false,
00102810,FUN_00102810,806,false,
00102b80,FUN_00102b80,118,false,
00102c00,FUN_00102c00,109,false,
00102c70,FUN_00102c70,47,false,
00102ca0,FUN_00102ca0,812,false,
00102fd0,FUN_00102fd0,379,false,
00103150,FUN_00103150,1295,false,
00103660,FUN_00103660,508,false,
00103860,FUN_00103860,235,false,
00103950,FUN_00103950,1529,false,
00103f50,FUN_00103f50,40,false,
00103f80,FUN_00103f80,43,false,
00103fb0,FUN_00103fb0,742,false,
001042a0,FUN_001042a0,196,false,
00104370,FUN_00104370,63,false,
001043b0,FUN_001043b0,88,false,
00104440,FUN_00104440,126,false,
001044c0,FUN_001044c0,29,false,
001044e0,FUN_001044e0,77,false,
00104530,FUN_00104530,181,false,
001045f0,FUN_001045f0,115,false,
00104670,FUN_00104670,170,false,
00104720,FUN_00104720,77,false,
00104770,FUN_00104770,26,false,
00104790,FUN_00104790,104,false,
00104800,FUN_00104800,53,false,
00104840,FUN_00104840,80,false,
00104890,FUN_00104890,265,false,
001049a0,FUN_001049a0,236,false,
00104a90,FUN_00104a90,477,false,
00104c70,FUN_00104c70,33,false,
00104ca0,FUN_00104ca0,137,false,
00104e20,FUN_00104e20,783,false,
00105150,FUN_00105150,493,false,
00105340,FUN_00105340,1878,false,
00105aa0,FUN_00105aa0,297,false,
00105bd0,FUN_00105bd0,1008,false,
00105fc0,FUN_00105fc0,396,false,
00106150,FUN_00106150,319,false,
00106290,FUN_00106290,218,false,
00106370,FUN_00106370,309,false,
001064b0,FUN_001064b0,73,false,
00106500,FUN_00106500,138,false,
00106590,FUN_00106590,106,false,
00106600,FUN_00106600,36,false,
00106630,FUN_00106630,110,false,
001066a0,FUN_001066a0,118,false,
00106720,FUN_00106720,370,false,
001068a0,FUN_001068a0,288,false,
001069c0,FUN_001069c0,825,false,
00106d00,FUN_00106d00,494,false,
00106f20,FUN_00106f20,885,false,
001072a0,FUN_001072a0,313,false,
001073e0,FUN_001073e0,1370,false,
00107950,FUN_00107950,1331,false,
00107e90,FUN_00107e90,315,false,
00107fd0,FUN_00107fd0,172,false,
00108080,FUN_00108080,433,false,
00108240,FUN_00108240,657,false,
001084e0,FUN_001084e0,2576,false,
00108ef0,FUN_00108ef0,160,false,
00108f90,FUN_00108f90,174,false,
00109040,FUN_00109040,330,false,
00109190,FUN_00109190,213,false,
00109270,FUN_00109270,747,false,
00109560,FUN_00109560,1610,false,
00109bb0,FUN_00109bb0,289,false,
00109d20,FUN_00109d20,237,false,
00109e40,FUN_00109e40,91,false,
00109ea0,FUN_00109ea0,1435,false,
0010a440,FUN_0010a440,76,false,
0010a490,FUN_0010a490,1089,false,
0010a8e0,FUN_0010a8e0,114,false,
0010a960,FUN_0010a960,105,false,
0010a9d0,FUN_0010a9d0,252,false,
0010aad0,FUN_0010aad0,234,false,
0010abc0,FUN_0010abc0,90,false,
0010ac20,FUN_0010ac20,1514,false,
0010b210,FUN_0010b210,250,false,
0010b310,FUN_0010b310,225,false,
0010b400,FUN_0010b400,243,false,
0010b500,FUN_0010b500,1980,false,
0010bcc0,FUN_0010bcc0,418,false,
0010be70,FUN_0010be70,396,false,
0010c000,FUN_0010c000,193,false,
0010c0d0,FUN_0010c0d0,315,false,
0010c220,FUN_0010c220,398,false,
0010c3b0,FUN_0010c3b0,368,false,
0010c520,FUN_0010c520,33,false,
0010c550,FUN_0010c550,23,false,
0010c570,FUN_0010c570,23,false,
0010c590,FUN_0010c590,23,false,
0010c5b0,FUN_0010c5b0,51,false,
0010c5f0,FUN_0010c5f0,1806,false,
0010cd10,FUN_0010cd10,1191,false,
0010d1c0,FUN_0010d1c0,708,false,
0010d490,FUN_0010d490,1350,false,
0010d9e0,FUN_0010d9e0,216,false,
0010dac0,FUN_0010dac0,442,false,
0010dca0,FUN_0010dca0,114,false,
0010dd20,FUN_0010dd20,2015,false,
0010e510,FUN_0010e510,59,false,
0010e550,FUN_0010e550,34,false,
0010e580,FUN_0010e580,140,false,
0010e610,FUN_0010e610,123,false,
0010e690,FUN_0010e690,1394,false,
0010ec10,FUN_0010ec10,283,false,
0010ed30,FUN_0010ed30,189,false,
0010ee20,FUN_0010ee20,205,false,
0010eef0,FUN_0010eef0,137,false,
0010ef80,FUN_0010ef80,41,false,
0010efb0,FUN_0010efb0,193,false,
0010f080,FUN_0010f080,127,false,
0010f100,FUN_0010f100,245,false,
0010f200,FUN_0010f200,359,false,
0010f370,FUN_0010f370,763,false,
0010f770,FUN_0010f770,102,false,
0010f7e0,FUN_0010f7e0,191,false,
0010f8a0,FUN_0010f8a0,43,false,
0010f8d0,FUN_0010f8d0,590,false,
0010fb20,FUN_0010fb20,35,false,
0010fb50,FUN_0010fb50,27,false,
0010fb70,FUN_0010fb70,68,false,
0010fbc0,FUN_0010fbc0,66,false,
0010fc30,FUN_0010fc30,31,false,
0010fc50,FUN_0010fc50,138,false,
0010fce0,FUN_0010fce0,1428,false,
00110280,FUN_00110280,409,false,
00110420,FUN_00110420,1706,false,
00110af0,FUN_00110af0,1570,false,
00111140,FUN_00111140,222,false,
00111230,FUN_00111230,271,false,
00111340,FUN_00111340,730,false,
00111620,FUN_00111620,82,false,
00111680,FUN_00111680,195,false,
00111750,FUN_00111750,256,false,
00111850,FUN_00111850,615,false,
00111ac0,FUN_00111ac0,266,false,
00111bd0,FUN_00111bd0,248,false,
00111cd0,FUN_00111cd0,1172,false,
00112170,FUN_00112170,125,false,
001121f0,FUN_001121f0,3189,false,
00112e70,FUN_00112e70,1901,false,
001135e0,FUN_001135e0,673,false,
00113890,FUN_00113890,204,false,
00113960,FUN_00113960,2311,false,
00114270,FUN_00114270,917,false,
00114610,FUN_00114610,281,false,
00114730,FUN_00114730,469,false,
00114910,FUN_00114910,1003,false,
00114d10,FUN_00114d10,332,false,
00114e60,FUN_00114e60,198,false,
00114f30,FUN_00114f30,511,false,
00115130,FUN_00115130,3690,false,
00115fc0,FUN_00115fc0,171,false,
00116080,FUN_00116080,137,false,
00116110,FUN_00116110,338,false,
00116270,FUN_00116270,146,false,
00116310,FUN_00116310,513,false,
00116520,FUN_00116520,1194,false,
00116a10,FUN_00116a10,668,false,
00116cb0,FUN_00116cb0,372,false,
00116e30,FUN_00116e30,635,false,
001170b0,FUN_001170b0,387,false,
00117240,FUN_00117240,728,false,
00117520,FUN_00117520,458,false,
001176f0,FUN_001176f0,51,false,
00117730,FUN_00117730,119,false,
00118410,FUN_00118410,2550,false,
00118e60,FUN_00118e60,2974,false,
00119a10,FUN_00119a10,491,false,
00119c00,FUN_00119c00,141,false,
00119c90,FUN_00119c90,200,false,
00119d60,FUN_00119d60,480,false,
00119f40,FUN_00119f40,210,false,
0011a020,FUN_0011a020,776,false,
0011a330,FUN_0011a330,311,false,
0011a490,FUN_0011a490,642,false,
0011a720,FUN_0011a720,144,false,
0011a7b0,FUN_0011a7b0,46,false,
0011a7e0,FUN_0011a7e0,39,false,
0011a810,FUN_0011a810,158,false,
0011a8b0,FUN_0011a8b0,56,false,
0011a8f0,FUN_0011a8f0,693,false,
0011abb0,FUN_0011abb0,115,false,
0011ac30,FUN_0011ac30,703,false,
0011aef0,FUN_0011aef0,3294,false,
0011bbe0,FUN_0011bbe0,126,false,
0011bc60,FUN_0011bc60,478,false,
0011be50,FUN_0011be50,1576,false,
0011c490,FUN_0011c490,643,false,
0011c720,FUN_0011c720,154,false,
0011c7c0,FUN_0011c7c0,3208,false,
0011d460,FUN_0011d460,6267,false,
0011ecf0,FUN_0011ecf0,2819,false,
0011f800,FUN_0011f800,139,false,
0011f890,FUN_0011f890,875,false,
0011fc10,FUN_0011fc10,72,false,
0011fc60,FUN_0011fc60,547,false,
0011fe90,FUN_0011fe90,267,false,
0011ffa0,FUN_0011ffa0,762,false,
001202a0,FUN_001202a0,215,false,
001203a0,FUN_001203a0,207,false,
00120470,FUN_00120470,65,false,
001204c0,FUN_001204c0,267,false,
001205e0,FUN_001205e0,239,false,
001206d0,FUN_001206d0,295,false,
00120800,FUN_00120800,125,false,
00120880,FUN_00120880,257,false,
00120990,FUN_00120990,257,false,
00120aa0,FUN_00120aa0,255,false,
00120ba0,FUN_00120ba0,795,false,
00120ec0,FUN_00120ec0,108,false,
00120f30,FUN_00120f30,1132,false,
001213c0,FUN_001213c0,61,false,
00121400,FUN_00121400,158,false,
001214a0,FUN_001214a0,185,false,
00121560,FUN_00121560,1508,false,
00121b50,FUN_00121b50,96,false,
00121bc0,FUN_00121bc0,64,false,
00121c00,FUN_00121c00,139,false,
00121c90,FUN_00121c90,209,false,
00121d70,FUN_00121d70,319,false,
00121eb0,FUN_00121eb0,207,false,
00121f80,FUN_00121f80,270,false,
00122090,FUN_00122090,82,false,
001220f0,FUN_001220f0,370,false,
00122270,FUN_00122270,652,false,
00122500,FUN_00122500,514,false,
00122710,FUN_00122710,284,false,
00122830,FUN_00122830,995,false,
00122c20,FUN_00122c20,217,false,
00122d00,FUN_00122d00,747,false,
00123000,FUN_00123000,1887,false,
00123790,FUN_00123790,546,false,
001239c0,FUN_001239c0,1537,false,
00123fd0,FUN_00123fd0,4382,false,
00125100,FUN_00125100,626,false,
00125380,FUN_00125380,56,false,
001253c0,FUN_001253c0,205,false,
00125490,FUN_00125490,743,false,
00125790,FUN_00125790,691,false,
00125a50,FUN_00125a50,112,false,
00125ac0,FUN_00125ac0,99,false,
00125b30,FUN_00125b30,186,false,
00125bf0,FUN_00125bf0,248,false,
00125cf0,FUN_00125cf0,128,false,
00125d70,FUN_00125d70,169,false,
00125e20,FUN_00125e20,1787,false,
00126520,FUN_00126520,2066,false,
00126d40,FUN_00126d40,822,false,
00127080,FUN_00127080,72,false,
001270d0,FUN_001270d0,176,false,
00127180,FUN_00127180,443,false,
00127340,FUN_00127340,2428,false,
00127cc0,FUN_00127cc0,1000,false,
001280c0,FUN_001280c0,179,false,
00128180,FUN_00128180,1273,false,
00128680,FUN_00128680,431,false,
00128830,FUN_00128830,48,false,
00128860,FUN_00128860,325,false,
001289b0,FUN_001289b0,99,false,
00128a20,FUN_00128a20,514,false,
00128c30,FUN_00128c30,262,false,
00128d40,FUN_00128d40,636,false,
00128fe0,FUN_00128fe0,95,false,
00129040,FUN_00129040,597,false,
001292b0,FUN_001292b0,132,false,
00129340,FUN_00129340,143,false,
001293d0,FUN_001293d0,478,false,
001295b0,FUN_001295b0,144,false,
00129640,FUN_00129640,292,false,
00129770,FUN_00129770,316,false,
001298b0,FUN_001298b0,1098,false,
00129d00,FUN_00129d00,749,false,
00129ff0,FUN_00129ff0,527,false,
0012a210,FUN_0012a210,1681,false,
0012a8b0,FUN_0012a8b0,834,false,
0012ac00,FUN_0012ac00,99,false,
0012ac70,FUN_0012ac70,66,false,
0012acc0,FUN_0012acc0,72,false,
0012ad10,FUN_0012ad10,66,false,
0012ad60,FUN_0012ad60,1309,false,
0012b280,FUN_0012b280,235,false,
0012b390,FUN_0012b390,2840,false,
0012beb0,FUN_0012beb0,1337,false,
0012c3f0,FUN_0012c3f0,307,false,
0012c530,FUN_0012c530,192,false,
0012c5f0,FUN_0012c5f0,128,false,
0012c670,FUN_0012c670,490,false,
0012c860,FUN_0012c860,1661,false,
0012cef0,FUN_0012cef0,912,false,
0012d280,FUN_0012d280,131,false,
0012d310,FUN_0012d310,334,false,
0012d460,FUN_0012d460,443,false,
0012d640,FUN_0012d640,3392,false,
0012e3a0,FUN_0012e3a0,168,false,
0012e450,FUN_0012e450,127,false,
0012e4d0,FUN_0012e4d0,1733,false,
0012eba0,FUN_0012eba0,3189,false,
0012f820,FUN_0012f820,179,false,
0012f8e0,FUN_0012f8e0,201,false,
0012f9b0,FUN_0012f9b0,131,false,
0012fa40,FUN_0012fa40,1166,false,
0012fee0,FUN_0012fee0,2068,false,
00130700,FUN_00130700,745,false,
001309f0,FUN_001309f0,335,false,
00130b40,FUN_00130b40,317,false,
00130c80,FUN_00130c80,2123,false,
001314d0,FUN_001314d0,685,false,
00131780,FUN_00131780,344,false,
001318f0,FUN_001318f0,196,false,
001319c0,FUN_001319c0,182,false,
00131a80,FUN_00131a80,942,false,
00131e30,FUN_00131e30,301,false,
00131f60,FUN_00131f60,2527,false,
00132950,FUN_00132950,951,false,
00132d10,FUN_00132d10,4525,false,
00133ec0,FUN_00133ec0,2119,false,
00134710,FUN_00134710,934,false,
00134ac0,FUN_00134ac0,732,false,
00134da0,FUN_00134da0,304,false,
00134ed0,FUN_00134ed0,169,false,
00134f80,FUN_00134f80,81,false,
00134fe0,FUN_00134fe0,85,false,
00135040,FUN_00135040,503,false,
00135240,FUN_00135240,270,false,
00135350,FUN_00135350,322,false,
001354a0,FUN_001354a0,85,false,
00135500,FUN_00135500,412,false,
001356a0,CGtSoundManager__StopAll,54,false,community
001356e0,FUN_001356e0,33,false,
00135710,FUN_00135710,34,false,
00135740,FUN_00135740,145,false,
001357e0,FUN_001357e0,279,false,
00135900,FUN_00135900,311,false,
00135a40,FUN_00135a40,160,false,
00135b40,FUN_00135b40,119,false,
00135bc0,FUN_00135bc0,92,false,
00135c20,FUN_00135c20,89,false,
00135c80,FUN_00135c80,308,false,
00135dc0,FUN_00135dc0,383,false,
00136210,FUN_00136210,586,false,
00136460,FUN_00136460,423,false,
00136610,FUN_00136610,1564,false,
00136c50,FUN_00136c50,321,false,
00136da0,FUN_00136da0,479,false,
00136f80,FUN_00136f80,544,false,
001371a0,FUN_001371a0,328,false,
001372f0,FUN_001372f0,354,false,
00137460,FUN_00137460,402,false,
00137600,FUN_00137600,842,false,
00137950,FUN_00137950,407,false,
00137af0,FUN_00137af0,659,false,
00137d90,FUN_00137d90,142,false,
00137e20,FUN_00137e20,299,false,
00137f50,FUN_00137f50,13073,false,
0013b270,FUN_0013b270,518,false,
0013b480,FUN_0013b480,10037,false,
0013dbc0,FUN_0013dbc0,221,false,
0013dca0,FUN_0013dca0,365,false,
0013de10,FUN_0013de10,1716,false,
0013e4f0,FUN_0013e4f0,181,false,
0013e5b0,FUN_0013e5b0,137,false,
0013e640,FUN_0013e640,356,false,
0013e7b0,FUN_0013e7b0,343,false,
0013e910,FUN_0013e910,108,false,
0013e980,FUN_0013e980,149,false,
0013ea20,FUN_0013ea20,1211,false,
0013ef40,FUN_0013ef40,652,false,
0013f1d0,FUN_0013f1d0,228,false,
0013f2c0,FUN_0013f2c0,292,false,
0013f3f0,FUN_0013f3f0,542,false,
0013f610,FUN_0013f610,552,false,
0013f840,FUN_0013f840,375,false,
0013f9c0,FUN_0013f9c0,96,false,
0013fa60,FUN_0013fa60,199,false,
0013fb30,FUN_0013fb30,722,false,
0013fe10,FUN_0013fe10,767,false,
00140110,FUN_00140110,220,false,
001401f0,FUN_001401f0,647,false,
00140480,FUN_00140480,390,false,
00140610,FUN_00140610,404,false,
001407b0,FUN_001407b0,1157,false,
00140d30,FUN_00140d30,167,false,
00140df0,FUN_00140df0,252,false,
00140ef0,FUN_00140ef0,239,false,
00140fe0,FUN_00140fe0,43,false,
00141010,FUN_00141010,311,false,
00141150,FUN_00141150,219,false,
001412b0,FUN_001412b0,190,false,
00141370,FUN_00141370,33,false,
001413a0,FUN_001413a0,33,false,
001413d0,FUN_001413d0,33,false,
00141400,FUN_00141400,56,false,
00141440,FUN_00141440,52,false,
00141480,FUN_00141480,56,false,
001414c0,FUN_001414c0,33,false,
001414f0,FUN_001414f0,33,false,
00141520,FUN_00141520,33,false,
00141550,FUN_00141550,33,false,
00141580,FUN_00141580,44,false,
001415b0,FUN_001415b0,33,false,
001415e0,FUN_001415e0,33,false,
00141610,FUN_00141610,33,false,
00141640,FUN_00141640,33,false,
00141670,FUN_00141670,33,false,
001416a0,FUN_001416a0,33,false,
001416d0,FUN_001416d0,33,false,
00141700,FUN_00141700,67,false,
00141750,FUN_00141750,33,false,
00141780,FUN_00141780,33,false,
001417b0,FUN_001417b0,33,false,
001417e0,FUN_001417e0,44,false,
00141810,FUN_00141810,44,false,
00141840,FUN_00141840,33,false,
00141870,FUN_00141870,33,false,
001418a0,FUN_001418a0,168,false,
00141950,FUN_00141950,71,false,
001419a0,FUN_001419a0,71,false,
001419f0,FUN_001419f0,261,false,
00141b00,FUN_00141b00,531,false,
00141d20,FUN_00141d20,624,false,
00141f90,FUN_00141f90,83,false,
00141ff0,FUN_00141ff0,43,false,
00142020,FUN_00142020,312,false,
00142160,FUN_00142160,62,false,
001421a0,FUN_001421a0,43,false,
001421d0,FUN_001421d0,33,false,
00142200,FUN_00142200,319,false,
00142340,FUN_00142340,76,false,
00142390,FUN_00142390,36,false,
001423c0,FUN_001423c0,36,false,
001423f0,FUN_001423f0,33,false,
00142420,FUN_00142420,33,false,
00142450,FUN_00142450,48,false,
00142480,FUN_00142480,33,false,
001424b0,FUN_001424b0,152,false,
00142550,FUN_00142550,320,false,
00142690,FUN_00142690,502,false,
00142890,FUN_00142890,124,false,
00142910,FUN_00142910,120,false,
00142990,FUN_00142990,368,false,
00142b00,FUN_00142b00,371,false,
00142c80,FUN_00142c80,65,false,
00142cd0,FUN_00142cd0,413,false,
00142e70,FUN_00142e70,789,false,
00143190,FUN_00143190,259,false,
001432a0,FUN_001432a0,571,false,
001434e0,FUN_001434e0,10772,false,
00145f00,FUN_00145f00,85,false,
00145f60,FUN_00145f60,787,false,
00146280,FUN_00146280,48,false,
001462b0,FUN_001462b0,161,false,
00146360,FUN_00146360,286,false,
00146480,FUN_00146480,80,false,
001464d0,FUN_001464d0,91,false,
00146530,FUN_00146530,1329,false,
00146a70,FUN_00146a70,856,false,
00146dd0,FUN_00146dd0,464,false,
00146fa0,FUN_00146fa0,1879,false,
00147700,FUN_00147700,244,false,
00147800,FUN_00147800,1198,false,
00147ce0,FUN_00147ce0,264,false,
00147df0,FUN_00147df0,166,false,
00147ea0,FUN_00147ea0,234,false,
00147f90,FUN_00147f90,234,false,
00148080,FUN_00148080,263,false,
001481a0,FUN_001481a0,598,false,
00148400,FUN_00148400,278,false,
00148520,FUN_00148520,420,false,
001486d0,FUN_001486d0,329,false,
00148820,FUN_00148820,394,false,
001489b0,FUN_001489b0,593,false,
00148c10,FUN_00148c10,711,false,
00148ee0,FUN_00148ee0,484,false,
001490e0,FUN_001490e0,103,false,
00149150,FUN_00149150,287,false,
00149270,FUN_00149270,626,false,
00149510,FUN_00149510,529,false,
00149a10,FUN_00149a10,282,false,
00149b30,FUN_00149b30,389,false,
00149db0,FUN_00149db0,554,false,
0014a490,FUN_0014a490,71,false,
0014a6a0,FUN_0014a6a0,8,false,
0014a6b0,FUN_0014a6b0,91,false,
0014a710,FUN_0014a710,3251,false,
0014b3d0,FUN_0014b3d0,547,false,
0014b600,FUN_0014b600,3758,false,
0014c4e0,FUN_0014c4e0,916,false,
0014c880,FUN_0014c880,1392,false,
0014cdf0,FUN_0014cdf0,193,false,
0014cec0,FUN_0014cec0,547,false,
0014d0f0,FUN_0014d0f0,451,false,
0014d2c0,FUN_0014d2c0,692,false,
0014d580,FUN_0014d580,107,false,
0014d5f0,FUN_0014d5f0,682,false,
0014d8a0,FUN_0014d8a0,674,false,
0014db50,FUN_0014db50,657,false,
0014ddf0,FUN_0014ddf0,1821,false,
0014e510,FUN_0014e510,617,false,
0014e780,FUN_0014e780,75,false,
0014e7d0,FUN_0014e7d0,398,false,
0014e960,FUN_0014e960,272,false,
0014eac0,FUN_0014eac0,58,false,
0014eb00,FUN_0014eb00,427,false,
0014ecb0,FUN_0014ecb0,490,false,
0014eea0,FUN_0014eea0,641,false,
0014f130,FUN_0014f130,687,false,
0014f3e0,FUN_0014f3e0,681,false,
0014f690,FUN_0014f690,1428,false,
0014fc30,FUN_0014fc30,69,false,
0014fc80,FUN_0014fc80,466,false,
0014fe60,FUN_0014fe60,466,false,
00150040,FUN_00150040,530,false,
00150260,FUN_00150260,530,false,
00150480,FUN_00150480,415,false,
00150620,FUN_00150620,68,false,
00150670,FUN_00150670,893,false,
001509f0,FUN_001509f0,245,false,
00150af0,FUN_00150af0,149,false,
00150b90,FUN_00150b90,410,false,
00150d40,FUN_00150d40,307,false,
00150e80,_RwIm3DRenderPrimitive,1077,false,community
001512c0,FUN_001512c0,274,false,
001513e0,FUN_001513e0,161,false,
00151490,FUN_00151490,545,false,
001516c0,FUN_001516c0,554,false,
001518f0,FUN_001518f0,152,false,
00151990,FUN_00151990,459,false,
00151b70,__rwXbCameraBeginUpdate,436,false,community
00151d30,FUN_00151d30,393,false,
00151ec0,FUN_00151ec0,514,false,
001520d0,FUN_001520d0,234,false,
001521c0,FUN_001521c0,197,false,
00152290,FUN_00152290,160,false,
00152330,FUN_00152330,203,false,
00152400,FUN_00152400,657,false,
001526a0,FUN_001526a0,113,false,
00152720,FUN_00152720,214,false,
00152800,FUN_00152800,754,false,
00152b00,FUN_00152b00,77,false,
00152b50,FUN_00152b50,139,false,
00152be0,FUN_00152be0,214,false,
00152cc0,FUN_00152cc0,313,false,
00152e00,FUN_00152e00,207,false,
00152ed0,FUN_00152ed0,80,false,
00152f30,FUN_00152f30,389,false,
001530d0,FUN_001530d0,320,false,
00153230,FUN_00153230,146,false,
001532d0,FUN_001532d0,64,false,
00153310,FUN_00153310,128,false,
00153390,FUN_00153390,358,false,
00153500,FUN_00153500,125,false,
00153580,FUN_00153580,52,false,
001535c0,FUN_001535c0,152,false,
00153660,FUN_00153660,319,false,
001537c0,FUN_001537c0,205,false,
00153890,FUN_00153890,55,false,
001538d0,FUN_001538d0,24,false,
001538f0,FUN_001538f0,94,false,
00153950,FUN_00153950,95,false,
001539b0,FUN_001539b0,100,false,
00153a20,FUN_00153a20,20,false,
00153a40,FUN_00153a40,92,false,
00153aa0,FUN_00153aa0,80,false,
00153b00,FUN_00153b00,209,false,
00153be0,FUN_00153be0,562,false,
00153e50,FUN_00153e50,276,false,
00153f80,FUN_00153f80,373,false,
00154110,FUN_00154110,329,false,
00154270,FUN_00154270,223,false,
00154350,FUN_00154350,18,false,
00154370,FUN_00154370,58,false,
001543b0,FUN_001543b0,167,false,
00154460,FUN_00154460,82,false,
001544c0,FUN_001544c0,797,false,
00154800,FUN_00154800,572,false,
00154a70,FUN_00154a70,1454,false,
00155060,FUN_00155060,78,false,
001550b0,FUN_001550b0,295,false,
001551e0,FUN_001551e0,226,false,
001552e0,FUN_001552e0,72,false,
00155330,FUN_00155330,145,false,
001553d0,FUN_001553d0,74,false,
00155420,FUN_00155420,124,false,
001554a0,FUN_001554a0,238,false,
00155590,FUN_00155590,151,false,
00155630,FUN_00155630,140,false,
001556c0,FUN_001556c0,76,false,
00155720,FUN_00155720,479,false,
00155900,FUN_00155900,654,false,
00155bb0,FUN_00155bb0,66,false,
00155c00,FUN_00155c00,150,false,
00155cb0,FUN_00155cb0,106,false,
00155d20,FUN_00155d20,60,false,
00155d60,FUN_00155d60,74,false,
00155db0,FUN_00155db0,93,false,
00155e10,FUN_00155e10,337,false,
00155f70,FUN_00155f70,94,false,
00155fd0,FUN_00155fd0,801,false,
00156300,FUN_00156300,251,false,
00156400,B3Main,249,false,community
00156510,FUN_00156510,1425,false,
00156ab0,FUN_00156ab0,655,false,
00156d50,FUN_00156d50,454,false,
00156f20,FUN_00156f20,620,false,
00157190,FUN_00157190,42,false,
001571c0,FUN_001571c0,69,false,
00157210,FUN_00157210,164,false,
001572c0,FUN_001572c0,61,false,
00157300,HashTable_ClassifyEntry,314,false,community
00157440,HashTable_LookupEntry,96,false,community
001574a0,HashTable_CountType,76,false,community
001574f0,FUN_001574f0,160,false,
001575a0,FUN_001575a0,80,false,
001575f0,FUN_001575f0,62,false,
00157630,FUN_00157630,80,false,
00157680,FUN_00157680,148,false,
00157720,FUN_00157720,46,false,
00157760,FUN_00157760,221,false,
00157850,FUN_00157850,239,false,
00157940,FUN_00157940,90,false,
001579a0,FUN_001579a0,181,false,
00157a60,FUN_00157a60,215,false,
00157b40,FUN_00157b40,207,false,
00157c20,FUN_00157c20,55,false,
00157ce0,FUN_00157ce0,373,false,
00157e60,FUN_00157e60,109,false,
00157ed0,FUN_00157ed0,187,false,
00157f90,FUN_00157f90,186,false,
00158050,FUN_00158050,43,false,
00158080,FUN_00158080,152,false,
00158120,FUN_00158120,198,false,
001581f0,FUN_001581f0,73,false,
00158260,FUN_00158260,97,false,
001582d0,FUN_001582d0,101,false,
00158340,FUN_00158340,162,false,
00158400,FUN_00158400,412,false,
001585a0,FUN_001585a0,67,false,
001585f0,FUN_001585f0,26,false,
00158610,FUN_00158610,41,false,
00158640,FUN_00158640,46,false,
00158680,FUN_00158680,19,false,
001586a0,FUN_001586a0,80,false,
001586f0,FUN_001586f0,114,false,
00158770,FUN_00158770,28,false,
00158790,FUN_00158790,79,false,
001587e0,FUN_001587e0,88,false,
00158840,FUN_00158840,90,false,
001588a0,FUN_001588a0,125,false,
00158920,FUN_00158920,315,false,
00158a60,FUN_00158a60,46,false,
00158aa0,FUN_00158aa0,36,false,
00158ad0,FUN_00158ad0,46,false,
00158b10,FUN_00158b10,86,false,
00158b70,FUN_00158b70,326,false,
00158cc0,FUN_00158cc0,65,false,
00158d10,FUN_00158d10,203,false,
00158de0,FUN_00158de0,80,false,
00158e30,FUN_00158e30,263,false,
00158f40,FUN_00158f40,283,false,
00159060,FUN_00159060,458,false,
00159240,FUN_00159240,227,false,
00159330,FUN_00159330,310,false,
00159470,FUN_00159470,103,false,
001594e0,FUN_001594e0,189,false,
001595a0,FUN_001595a0,258,false,
001596b0,FUN_001596b0,91,false,
00159710,FUN_00159710,55,false,
00159750,FUN_00159750,808,false,
00159a80,FUN_00159a80,369,false,
00159c10,FUN_00159c10,123,false,
00159c90,FUN_00159c90,207,false,
00159d60,FUN_00159d60,288,false,
00159e80,FUN_00159e80,424,false,
0015a030,FUN_0015a030,1721,false,
0015a710,FUN_0015a710,120,false,
0015a790,FUN_0015a790,479,false,
0015a970,FUN_0015a970,1924,false,
0015b100,FUN_0015b100,88,false,
0015b170,FUN_0015b170,247,false,
0015b270,FUN_0015b270,164,false,
0015b320,FUN_0015b320,539,false,
0015b540,FUN_0015b540,302,false,
0015b690,FUN_0015b690,62,false,
0015b750,FUN_0015b750,1261,false,
0015bc50,FUN_0015bc50,182,false,
0015bd10,FUN_0015bd10,479,false,
0015bef0,FUN_0015bef0,256,false,
0015bff0,FUN_0015bff0,113,false,
0015c070,FUN_0015c070,177,false,
0015c130,FUN_0015c130,3256,false,
0015cdf0,FUN_0015cdf0,659,false,
0015d090,FUN_0015d090,221,false,
0015d170,FUN_0015d170,453,false,
0015d340,FUN_0015d340,876,false,
0015d6c0,FUN_0015d6c0,99,false,
0015d730,FUN_0015d730,131,false,
0015d7c0,FUN_0015d7c0,587,false,
0015da10,FUN_0015da10,315,false,
0015db50,FUN_0015db50,265,false,
0015dcb0,FUN_0015dcb0,873,false,
0015e060,FUN_0015e060,1257,false,
0015e550,FUN_0015e550,2480,false,
0015ef20,FUN_0015ef20,374,false,
0015f0a0,FUN_0015f0a0,452,false,
0015f270,FUN_0015f270,727,false,
0015f550,FUN_0015f550,139,false,
0015f5e0,FUN_0015f5e0,2719,false,
00160080,FUN_00160080,1544,false,
00160690,FUN_00160690,119,false,
00160710,FUN_00160710,113,false,
00160790,FUN_00160790,167,false,
00160840,FUN_00160840,649,false,
00160ad0,FUN_00160ad0,190,false,
00160b90,FUN_00160b90,3581,false,
00161990,FUN_00161990,1099,false,
00161de0,FUN_00161de0,623,false,
00162070,FUN_00162070,578,false,
001622c0,FUN_001622c0,144,false,
00162350,FUN_00162350,228,false,
00162440,FUN_00162440,1349,false,
00162a30,FUN_00162a30,90,false,
00162a90,FUN_00162a90,731,false,
00162d70,FUN_00162d70,369,false,
00162ef0,FUN_00162ef0,107,false,
00162f60,FUN_00162f60,215,false,
00163040,FUN_00163040,132,false,
001630d0,FUN_001630d0,257,false,
001631e0,FUN_001631e0,244,false,
001632e0,FUN_001632e0,259,false,
001633f0,FUN_001633f0,77,false,
00163440,FUN_00163440,88,false,
001634a0,FUN_001634a0,396,false,
00163630,FUN_00163630,387,false,
001637c0,FUN_001637c0,166,false,
00163870,FUN_00163870,541,false,
00163a90,FUN_00163a90,504,false,
00163c90,FUN_00163c90,195,false,
00163d60,FUN_00163d60,136,false,
00163df0,FUN_00163df0,119,false,
00163e70,FUN_00163e70,244,false,
00163f70,FUN_00163f70,199,false,
00164040,FUN_00164040,57,false,
00164080,FUN_00164080,382,false,
00164200,FUN_00164200,403,false,
001643b0,FUN_001643b0,198,false,
00164480,FUN_00164480,284,false,
001645a0,FUN_001645a0,643,false,
00164830,FUN_00164830,144,false,
001648c0,FUN_001648c0,94,false,
00164920,FUN_00164920,180,false,
001649e0,FUN_001649e0,115,false,
00164a60,FUN_00164a60,107,false,
00164ad0,FUN_00164ad0,351,false,
00164c80,FUN_00164c80,297,false,
00164db0,FUN_00164db0,477,false,
00164fb0,FUN_00164fb0,275,false,
001650d0,FUN_001650d0,108,false,
00165140,FUN_00165140,606,false,
001653a0,FUN_001653a0,183,false,
00165460,FUN_00165460,92,false,
001654c0,FUN_001654c0,40,false,
001654f0,FUN_001654f0,176,false,
001655a0,FUN_001655a0,411,false,
00165750,FUN_00165750,235,false,
00165840,FUN_00165840,242,false,
00165940,FUN_00165940,91,false,
001659a0,FUN_001659a0,1354,false,
00165f30,FUN_00165f30,107,false,
00165fa0,FUN_00165fa0,759,false,
001662a0,FUN_001662a0,573,false,
001664e0,FUN_001664e0,435,false,
001666a0,FUN_001666a0,228,false,
00166790,FUN_00166790,1182,false,
00166c30,FUN_00166c30,90,false,
00166c90,FUN_00166c90,196,false,
00166d60,FUN_00166d60,49,false,
00166da0,FUN_00166da0,257,false,
00166eb0,FUN_00166eb0,48,false,
00166ee0,FUN_00166ee0,145,false,
00166f80,FUN_00166f80,178,false,
00167040,FUN_00167040,271,false,
00167150,FUN_00167150,198,false,
00167220,FUN_00167220,431,false,
001673e0,FUN_001673e0,196,false,
001674b0,FUN_001674b0,1156,false,
00167940,FUN_00167940,339,false,
00167aa0,FUN_00167aa0,312,false,
00167bf0,FUN_00167bf0,160,false,
00167c90,FUN_00167c90,71,false,
00167ce0,FUN_00167ce0,221,false,
00167dc0,FUN_00167dc0,46,false,
00167df0,FUN_00167df0,27,false,
00167e10,FUN_00167e10,170,false,
00167ec0,FUN_00167ec0,131,false,
00168360,FUN_00168360,30,false,
00168a40,FUN_00168a40,266,false,
00168b80,FUN_00168b80,108,false,
00168d60,FUN_00168d60,238,false,
00169390,FUN_00169390,256,false,
00169490,FUN_00169490,173,false,
00169540,FUN_00169540,1636,false,
00169bd0,FUN_00169bd0,415,false,
00169d70,FUN_00169d70,261,false,
00169e80,FUN_00169e80,535,false,
0016a0a0,FUN_0016a0a0,615,false,
0016a310,FUN_0016a310,74,false,
0016a360,FUN_0016a360,124,false,
0016a3e0,FUN_0016a3e0,251,false,
0016a4e0,FUN_0016a4e0,317,false,
0016a620,FUN_0016a620,431,false,
0016a7d0,FUN_0016a7d0,93,false,
0016a830,FUN_0016a830,143,false,
0016a8c0,FUN_0016a8c0,142,false,
0016a950,FUN_0016a950,156,false,
0016a9f0,FUN_0016a9f0,82,false,
0016aa50,FUN_0016aa50,100,false,
0016aac0,FUN_0016aac0,811,false,
0016adf0,FUN_0016adf0,41,false,
0016ae20,FUN_0016ae20,118,false,
0016aea0,FUN_0016aea0,112,false,
0016af10,FUN_0016af10,186,false,
0016afd0,CB3AIAttribs__Register,5018,false,community
0016c370,FUN_0016c370,21,false,
0016c390,FUN_0016c390,21,false,
0016c3b0,FUN_0016c3b0,156,false,
0016c450,FUN_0016c450,84,false,
0016c4b0,FUN_0016c4b0,3378,false,
0016d200,FUN_0016d200,225,false,
0016d2f0,FUN_0016d2f0,298,false,
0016d420,FUN_0016d420,4537,false,
0016e5e0,FUN_0016e5e0,1115,false,
0016ea40,FUN_0016ea40,285,false,
0016eb60,FUN_0016eb60,260,false,
0016ec70,FUN_0016ec70,893,false,
0016f000,FUN_0016f000,1011,false,
0016f400,FUN_0016f400,696,false,
0016f6c0,FUN_0016f6c0,1152,false,
0016fb50,FUN_0016fb50,384,false,
0016fcd0,FUN_0016fcd0,1040,false,
00170100,FUN_00170100,345,false,
00170260,FUN_00170260,898,false,
001705f0,FUN_001705f0,166,false,
001706a0,FUN_001706a0,383,false,
00170820,FUN_00170820,357,false,
00170990,FUN_00170990,27,false,
001709f0,FUN_001709f0,314,false,
00170b30,FUN_00170b30,1477,false,
001711b0,FUN_001711b0,303,false,
001712e0,FUN_001712e0,466,false,
001714c0,FUN_001714c0,44,false,
001714f0,FUN_001714f0,343,false,
00171650,FUN_00171650,118,false,
001716d0,FUN_001716d0,214,false,
001717b0,FUN_001717b0,197,false,
00171880,FUN_00171880,20,false,
001718a0,FUN_001718a0,365,false,
00171a10,FUN_00171a10,457,false,
00171be0,FUN_00171be0,417,false,
00171d90,FUN_00171d90,146,false,
00171e30,FUN_00171e30,1728,false,
001724f0,FUN_001724f0,648,false,
001727c0,FUN_001727c0,166,false,
00172870,FUN_00172870,835,false,
00172bc0,FUN_00172bc0,337,false,
00172d20,FUN_00172d20,337,false,
00172e80,FUN_00172e80,277,false,
00172fa0,FUN_00172fa0,1298,false,
001734c0,FUN_001734c0,453,false,
00173690,FUN_00173690,243,false,
00173790,FUN_00173790,844,false,
00173ae0,FUN_00173ae0,351,false,
00173c40,FUN_00173c40,29,false,
00173c60,FUN_00173c60,67,false,
00173cb0,FUN_00173cb0,387,false,
00173e40,FUN_00173e40,522,false,
00174050,FUN_00174050,660,false,
001742f0,FUN_001742f0,502,false,
001744f0,FUN_001744f0,130,false,
00174580,FUN_00174580,130,false,
00174610,FUN_00174610,100,false,
00174680,FUN_00174680,101,false,
001746f0,FUN_001746f0,76,false,
00174740,FUN_00174740,316,false,
00174880,FUN_00174880,76,false,
001748d0,FUN_001748d0,133,false,
00174960,FUN_00174960,229,false,
00174a50,FUN_00174a50,50,false,
00174a90,FUN_00174a90,82,false,
00174af0,FUN_00174af0,229,false,
00174be0,FUN_00174be0,267,false,
00174cf0,FUN_00174cf0,369,false,
00174e70,FUN_00174e70,97,false,
00174ee0,FUN_00174ee0,142,false,
00174f70,FUN_00174f70,104,false,
00174fe0,FUN_00174fe0,56,false,
00175020,FUN_00175020,150,false,
001750c0,FUN_001750c0,197,false,
00175190,FUN_00175190,186,false,
00175250,FUN_00175250,80,false,
001752a0,FUN_001752a0,174,false,
00175360,FUN_00175360,44,false,
00175390,FUN_00175390,281,false,
001754b0,FUN_001754b0,192,false,
00175570,FUN_00175570,354,false,
001756e0,FUN_001756e0,372,false,
00175860,FUN_00175860,206,false,
00175930,FUN_00175930,196,false,
00175a00,FUN_00175a00,10,false,
00175a10,FUN_00175a10,252,false,
00175b10,FUN_00175b10,1404,false,
00176090,FUN_00176090,185,false,
00176150,FUN_00176150,320,false,
00176290,FUN_00176290,1858,false,
001769e0,FUN_001769e0,271,false,
00176af0,FUN_00176af0,1740,false,
001771d0,FUN_001771d0,193,false,
001772a0,FUN_001772a0,1555,false,
001778c0,FUN_001778c0,718,false,
00177b90,FUN_00177b90,1374,false,
00178100,FUN_00178100,141,false,
00178190,FUN_00178190,40,false,
001781c0,FUN_001781c0,137,false,
00178250,FUN_00178250,87,false,
001782b0,FUN_001782b0,83,false,
00178310,FUN_00178310,513,false,
00178520,FUN_00178520,154,false,
001785c0,FUN_001785c0,102,false,
00178630,FUN_00178630,406,false,
001787d0,FUN_001787d0,86,false,
00178830,FUN_00178830,109,false,
001788a0,FUN_001788a0,499,false,
00178aa0,FUN_00178aa0,45,false,
00178ad0,FUN_00178ad0,173,false,
00178b80,FUN_00178b80,407,false,
00178d20,FUN_00178d20,227,false,
00178e10,FUN_00178e10,1238,false,
001792f0,FUN_001792f0,1122,false,
00179760,FUN_00179760,135,false,
00179c90,FUN_00179c90,664,false,
00179f30,FUN_00179f30,158,false,
00179fd0,FUN_00179fd0,273,false,
0017a0f0,CB3Burn__RegisterStaticVariables,545,false,community
0017a320,FUN_0017a320,158,false,
0017a3c0,FUN_0017a3c0,178,false,
0017a480,FUN_0017a480,1339,false,
0017a530,FUN_0017a530,120,false,
0017a5b0,FUN_0017a5b0,242,false,
0017a6b0,FUN_0017a6b0,80,false,
0017a720,FUN_0017a720,389,false,
0017a8b0,FUN_0017a8b0,528,false,
0017aac0,FUN_0017aac0,132,false,
0017ab50,FUN_0017ab50,89,false,
0017abb0,FUN_0017abb0,293,false,
0017ace0,FUN_0017ace0,234,false,
0017add0,FUN_0017add0,124,false,
0017ae50,FUN_0017ae50,107,false,
0017aec0,FUN_0017aec0,143,false,
0017af50,FUN_0017af50,213,false,
0017b030,FUN_0017b030,111,false,
0017b0a0,FUN_0017b0a0,1510,false,
0017b690,FUN_0017b690,517,false,
0017b8b0,FUN_0017b8b0,202,false,
0017b980,FUN_0017b980,278,false,
0017baa0,FUN_0017baa0,190,false,
0017bb60,FUN_0017bb60,96,false,
0017bbc0,FUN_0017bbc0,1132,false,
0017c0a0,FUN_0017c0a0,80,false,
0017c0f0,FUN_0017c0f0,51,false,
0017c130,FUN_0017c130,51,false,
0017c170,FUN_0017c170,2588,false,
0017cbb0,FUN_0017cbb0,693,false,
0017ce70,FUN_0017ce70,638,false,
0017d0f0,FUN_0017d0f0,246,false,
0017d1f0,FUN_0017d1f0,1430,false,
0017d790,FUN_0017d790,483,false,
0017d980,FUN_0017d980,188,false,
0017da40,FUN_0017da40,109,false,
0017dab0,FUN_0017dab0,103,false,
0017db20,FUN_0017db20,172,false,
0017dbe0,FUN_0017dbe0,87,false,
0017dc40,FUN_0017dc40,82,false,
0017dca0,FUN_0017dca0,75,false,
0017dcf0,FUN_0017dcf0,43,false,
0017dd20,FUN_0017dd20,387,false,
0017deb0,FUN_0017deb0,154,false,
0017df50,FUN_0017df50,212,false,
0017e030,FUN_0017e030,131,false,
0017e0c0,FUN_0017e0c0,51,false,
0017e100,FUN_0017e100,67,false,
0017e150,FUN_0017e150,366,false,
0017e2f0,FUN_0017e2f0,402,false,
0017e490,FUN_0017e490,184,false,
0017e550,FUN_0017e550,165,false,
0017e600,FUN_0017e600,214,false,
0017e6e0,FUN_0017e6e0,259,false,
0017e7f0,FUN_0017e7f0,172,false,
0017e8a0,FUN_0017e8a0,1357,false,
0017ee00,FUN_0017ee00,1151,false,
0017f290,FUN_0017f290,194,false,
0017f360,FUN_0017f360,780,false,
0017f670,FUN_0017f670,102,false,
0017f6e0,FUN_0017f6e0,70,false,
0017f730,FUN_0017f730,56,false,
0017f770,FUN_0017f770,103,false,
0017f7e0,FUN_0017f7e0,802,false,
0017fb10,FUN_0017fb10,1236,false,
0017fff0,FUN_0017fff0,973,false,
001803c0,FUN_001803c0,350,false,
00180520,FUN_00180520,144,false,
001805b0,FUN_001805b0,154,false,
00180650,FUN_00180650,359,false,
001807c0,FUN_001807c0,1799,false,
00180ee0,FUN_00180ee0,590,false,
00181130,FUN_00181130,1238,false,
00181610,FUN_00181610,362,false,
00181780,FUN_00181780,370,false,
00181900,FUN_00181900,371,false,
00181a80,FUN_00181a80,1615,false,
001820d0,FUN_001820d0,993,false,
001824c0,FUN_001824c0,1119,false,
00182920,FUN_00182920,905,false,
00182cb0,FUN_00182cb0,1159,false,
00183140,FUN_00183140,917,false,
001834e0,FUN_001834e0,1267,false,
001839e0,FUN_001839e0,450,false,
00183bd0,FUN_00183bd0,726,false,
00183ef0,FUN_00183ef0,1689,false,
00184590,FUN_00184590,1331,false,
00184ad0,FUN_00184ad0,250,false,
00184be0,FUN_00184be0,1916,false,
00185360,FUN_00185360,3267,false,
00186030,FUN_00186030,2148,false,
001868a0,FUN_001868a0,776,false,
00186bb0,FUN_00186bb0,106,false,
00186c20,FUN_00186c20,304,false,
00186d50,FUN_00186d50,274,false,
00186e70,FUN_00186e70,838,false,
001871e0,FUN_001871e0,2047,false,
001879e0,FUN_001879e0,217,false,
00187ac0,FUN_00187ac0,268,false,
00187be0,FUN_00187be0,134,false,
00187c70,FUN_00187c70,463,false,
00187e40,FUN_00187e40,1945,false,
00188600,FUN_00188600,274,false,
00188720,FUN_00188720,35,false,
00188750,FUN_00188750,302,false,
00188880,FUN_00188880,97,false,
001888f0,FUN_001888f0,735,false,
00188c00,FUN_00188c00,237,false,
00188cf0,FUN_00188cf0,126,false,
00188d70,FUN_00188d70,150,false,
00188e10,FUN_00188e10,194,false,
00188ee0,FUN_00188ee0,160,false,
00188f80,FUN_00188f80,187,false,
00189040,FUN_00189040,271,false,
00189150,FUN_00189150,151,false,
001891f0,FUN_001891f0,1124,false,
00189660,FUN_00189660,724,false,
00189940,FUN_00189940,140,false,
001899d0,FUN_001899d0,178,false,
00189a90,FUN_00189a90,430,false,
00189c40,FUN_00189c40,271,false,
00189d50,FUN_00189d50,1044,false,
0018a170,FUN_0018a170,2505,false,
0018ab50,FUN_0018ab50,1071,false,
0018af90,FUN_0018af90,443,false,
0018b150,FUN_0018b150,249,false,
0018b250,FUN_0018b250,2502,false,
0018bc90,FUN_0018bc90,193,false,
0018bd60,FUN_0018bd60,355,false,
0018bed0,FUN_0018bed0,106,false,
0018bf50,FUN_0018bf50,20,false,
0018bf70,FUN_0018bf70,734,false,
0018c260,FUN_0018c260,25,false,
0018c280,FUN_0018c280,63,false,
0018c510,FUN_0018c510,431,false,
0018c6c0,FUN_0018c6c0,34,false,
0018c6f0,FUN_0018c6f0,209,false,
0018c820,FUN_0018c820,274,false,
0018c940,FUN_0018c940,294,false,
0018caf0,FUN_0018caf0,109,false,
0018cb60,FUN_0018cb60,86,false,
0018cbc0,FUN_0018cbc0,1103,false,
0018d020,FUN_0018d020,178,false,
0018d0e0,FUN_0018d0e0,1665,false,
0018d790,FUN_0018d790,621,false,
0018da00,FUN_0018da00,791,false,
0018dd20,FUN_0018dd20,214,false,
0018de00,FUN_0018de00,460,false,
0018e050,FUN_0018e050,134,false,
0018e0e0,FUN_0018e0e0,432,false,
0018e2a0,FUN_0018e2a0,79,false,
0018e2f0,FUN_0018e2f0,220,false,
0018e3e0,FUN_0018e3e0,655,false,
0018e670,FUN_0018e670,64,false,
0018e6b0,FUN_0018e6b0,96,false,
0018e710,FUN_0018e710,259,false,
0018e820,FUN_0018e820,64,false,
0018e890,FUN_0018e890,438,false,
0018ea50,FUN_0018ea50,942,false,
0018ee10,FUN_0018ee10,252,false,
0018ef10,FUN_0018ef10,324,false,
0018f060,FUN_0018f060,3489,false,
0018fe20,FUN_0018fe20,85,false,
0018fe80,FUN_0018fe80,111,false,
0018fef0,FUN_0018fef0,190,false,
0018ffb0,FUN_0018ffb0,352,false,
00190110,FUN_00190110,245,false,
00190220,FUN_00190220,79,false,
00190270,FUN_00190270,42,false,
001902a0,FUN_001902a0,42,false,
001902d0,FUN_001902d0,42,false,
00190300,FUN_00190300,42,false,
00190330,FUN_00190330,67,false,
00190380,FUN_00190380,67,false,
001903d0,FUN_001903d0,42,false,
00190400,FUN_00190400,42,false,
00190430,CB3Score__RegisterStaticVariables,7918,false,community
00192320,FUN_00192320,2545,false,
00192d20,FUN_00192d20,73,false,
00192d70,FUN_00192d70,294,false,
00192ea0,FUN_00192ea0,1855,false,
001935f0,FUN_001935f0,3008,false,
001941c0,FUN_001941c0,56,false,
00194200,FUN_00194200,236,false,
001942f0,FUN_001942f0,130,false,
00194380,FUN_00194380,116,false,
00194400,FUN_00194400,39,false,
00194430,FUN_00194430,95,false,
00194490,FUN_00194490,191,false,
00194550,FUN_00194550,78,false,
001945a0,FUN_001945a0,85,false,
00194600,FUN_00194600,1148,false,
00194a80,FUN_00194a80,1103,false,
00194ee0,FUN_00194ee0,1446,false,
00195490,FUN_00195490,1258,false,
001959a0,FUN_001959a0,817,false,
00195ce0,FUN_00195ce0,230,false,
00195dd0,FUN_00195dd0,2075,false,
001965f0,FUN_001965f0,844,false,
00196940,FUN_00196940,660,false,
00196be0,FUN_00196be0,558,false,
00196e10,FUN_00196e10,558,false,
00197040,FUN_00197040,316,false,
00197180,FUN_00197180,215,false,
00197260,FUN_00197260,449,false,
00197430,FUN_00197430,590,false,
00197680,FUN_00197680,66,false,
001976d0,FUN_001976d0,67,false,
00197720,FUN_00197720,38,false,
00197750,FUN_00197750,226,false,
00197840,FUN_00197840,218,false,
00197920,FUN_00197920,190,false,
001979e0,FUN_001979e0,60,false,
00197a20,FUN_00197a20,162,false,
00197ad0,FUN_00197ad0,262,false,
00197be0,FUN_00197be0,307,false,
00197d20,FUN_00197d20,372,false,
00197ea0,FUN_00197ea0,238,false,
00197f90,FUN_00197f90,503,false,
00198190,FUN_00198190,57,false,
001981d0,FUN_001981d0,57,false,
00198210,FUN_00198210,57,false,
00198250,FUN_00198250,319,false,
00198390,FUN_00198390,774,false,
001986a0,FUN_001986a0,243,false,
001987a0,FUN_001987a0,503,false,
001989a0,FUN_001989a0,1205,false,
00198e60,FUN_00198e60,293,false,
00198f90,FUN_00198f90,141,false,
00199020,FUN_00199020,91,false,
00199080,FUN_00199080,356,false,
001991f0,FUN_001991f0,243,false,
001992f0,FUN_001992f0,95,false,
00199350,FUN_00199350,258,false,
00199460,FUN_00199460,97,false,
001994d0,FUN_001994d0,1453,false,
00199ab0,FUN_00199ab0,255,false,
00199be0,FUN_00199be0,177,false,
00199ca0,FUN_00199ca0,177,false,
00199d60,FUN_00199d60,167,false,
00199e10,FUN_00199e10,151,false,
00199eb0,FUN_00199eb0,371,false,
0019a030,FUN_0019a030,20,false,
0019a050,FUN_0019a050,905,false,
0019a3e0,FUN_0019a3e0,408,false,
0019a580,FUN_0019a580,576,false,
0019a7c0,FUN_0019a7c0,530,false,
0019a9e0,FUN_0019a9e0,223,false,
0019aac0,FUN_0019aac0,833,false,
0019ae10,FUN_0019ae10,706,false,
0019b110,FUN_0019b110,159,false,
0019b1b0,FUN_0019b1b0,48,false,
0019b1e0,FUN_0019b1e0,599,false,
0019b440,FUN_0019b440,90,false,
0019b4a0,FUN_0019b4a0,62,false,
0019b4e0,FUN_0019b4e0,908,false,
0019b890,FUN_0019b890,1685,false,
0019bf30,FUN_0019bf30,701,false,
0019c1f0,FUN_0019c1f0,83,false,
0019c250,FUN_0019c250,114,false,
0019c2d0,FUN_0019c2d0,215,false,
0019c3b0,FUN_0019c3b0,230,false,
0019c4a0,FUN_0019c4a0,413,false,
0019c640,FUN_0019c640,145,false,
0019c6e0,FUN_0019c6e0,93,false,
0019c740,FUN_0019c740,701,false,
0019ca30,FUN_0019ca30,266,false,
0019cb40,FUN_0019cb40,103,false,
0019cbb0,FUN_0019cbb0,167,false,
0019cc60,FUN_0019cc60,165,false,
0019cd10,FUN_0019cd10,443,false,
0019cee0,FUN_0019cee0,49,false,
0019cf20,FUN_0019cf20,470,false,
0019d100,FUN_0019d100,594,false,
0019d360,FUN_0019d360,79,false,
0019d3b0,FUN_0019d3b0,78,false,
0019d400,FUN_0019d400,777,false,
0019d710,FUN_0019d710,66,false,
0019d760,FUN_0019d760,56,false,
0019d7a0,FUN_0019d7a0,68,false,
0019d7f0,FUN_0019d7f0,125,false,
0019d870,FUN_0019d870,280,false,
0019d990,FUN_0019d990,210,false,
0019da70,FUN_0019da70,88,false,
0019dad0,FUN_0019dad0,82,false,
0019db30,FUN_0019db30,88,false,
0019db90,FUN_0019db90,82,false,
0019dbf0,FUN_0019dbf0,107,false,
0019dc60,FUN_0019dc60,399,false,
0019ddf0,FUN_0019ddf0,469,false,
0019dfd0,FUN_0019dfd0,386,false,
0019e160,FUN_0019e160,161,false,
0019e210,FUN_0019e210,137,false,
0019e2a0,FUN_0019e2a0,399,false,
0019e430,FUN_0019e430,376,false,
0019e5b0,FUN_0019e5b0,144,false,
0019e640,FUN_0019e640,144,false,
0019e6d0,FUN_0019e6d0,293,false,
0019e800,FUN_0019e800,87,false,
0019e860,FUN_0019e860,824,false,
0019eba0,FUN_0019eba0,1156,false,
0019f030,FUN_0019f030,388,false,
0019f1c0,FUN_0019f1c0,482,false,
0019f3b0,FUN_0019f3b0,418,false,
0019f560,FUN_0019f560,2367,false,
0019fec0,FUN_0019fec0,186,false,
0019ff80,FUN_0019ff80,26,false,
0019ffa0,FUN_0019ffa0,1087,false,
001a03f0,FUN_001a03f0,527,false,
001a0600,FUN_001a0600,238,false,
001a06f0,FUN_001a06f0,83,false,
001a0750,FUN_001a0750,487,false,
001a0940,FUN_001a0940,164,false,
001a09f0,FUN_001a09f0,253,false,
001a0b00,FUN_001a0b00,108,false,
001a0b70,FUN_001a0b70,974,false,
001a0f50,FUN_001a0f50,170,false,
001a1000,FUN_001a1000,210,false,
001a10e0,FUN_001a10e0,770,false,
001a13f0,FUN_001a13f0,2526,false,
001a1e10,FUN_001a1e10,733,false,
001a20f0,FUN_001a20f0,1614,false,
001a2770,FUN_001a2770,227,false,
001a2860,FUN_001a2860,70,false,
001a28b0,FUN_001a28b0,597,false,
001a2b20,FUN_001a2b20,1423,false,
001a30b0,FUN_001a30b0,87,false,
001a3110,_RwMatrixRotateOneMinusCosineSine,669,false,community
001a33b0,FUN_001a33b0,185,false,
001a3470,FUN_001a3470,1144,false,
001a38f0,FUN_001a38f0,121,false,
001a3970,FUN_001a3970,150,false,
001a3a10,FUN_001a3a10,106,false,
001a3a80,FUN_001a3a80,85,false,
001a3ae0,FUN_001a3ae0,912,false,
001a3ea0,FUN_001a3ea0,662,false,
001a4150,FUN_001a4150,69,false,
001a41a0,FUN_001a41a0,71,false,
001a41f0,FUN_001a41f0,99,false,
001a4260,FUN_001a4260,394,false,
001a4420,FUN_001a4420,98,false,
001a4490,FUN_001a4490,159,false,
001a4540,FUN_001a4540,365,false,
001a4710,FUN_001a4710,3744,false,
001a55d0,FUN_001a55d0,162,false,
001a5680,FUN_001a5680,271,false,
001a5790,FUN_001a5790,226,false,
001a5880,FUN_001a5880,136,false,
001a5910,FUN_001a5910,845,false,
001a5c70,FUN_001a5c70,246,false,
001a5d70,FUN_001a5d70,78,false,
001a5dc0,FUN_001a5dc0,108,false,
001a5e30,FUN_001a5e30,224,false,
001a5f40,FUN_001a5f40,71,false,
001a5f90,FUN_001a5f90,74,false,
001a5fe0,FUN_001a5fe0,134,false,
001a6070,FUN_001a6070,1306,false,
001a6590,FUN_001a6590,121,false,
001a6610,FUN_001a6610,100,false,
001a6680,FUN_001a6680,477,false,
001a6860,FUN_001a6860,103,false,
001a68d0,FUN_001a68d0,347,false,
001a6a30,FUN_001a6a30,265,false,
001a6b40,FUN_001a6b40,1737,false,
001a7210,FUN_001a7210,904,false,
001a75a0,FUN_001a75a0,89,false,
001a7600,FUN_001a7600,775,false,
001a7910,FUN_001a7910,2319,false,
001a8220,FUN_001a8220,1045,false,
001a8640,FUN_001a8640,1504,false,
001a8c30,FUN_001a8c30,90,false,
001a8c90,FUN_001a8c90,487,false,
001a8e80,FUN_001a8e80,93,false,
001a8ee0,FUN_001a8ee0,342,false,
001a9040,FUN_001a9040,300,false,
001a9170,FUN_001a9170,491,false,
001a9360,FUN_001a9360,663,false,
001a9600,FUN_001a9600,698,false,
001a98f0,FUN_001a98f0,49,false,
001a9930,FUN_001a9930,118,false,
001a99f0,FUN_001a99f0,577,false,
001a9c50,FUN_001a9c50,1186,false,
001aa100,CB3World__Prepare,1442,false,community
001aa720,FUN_001aa720,506,false,
001aa920,FUN_001aa920,104,false,
001aa990,CB3World__Release,561,false,community
001aabd0,FUN_001aabd0,218,false,
001aacb0,FUN_001aacb0,372,false,
001aae30,FUN_001aae30,162,false,
001aaf00,FUN_001aaf00,667,false,
001ab1a0,FUN_001ab1a0,953,false,
001ab560,FUN_001ab560,131,false,
001ab5f0,FUN_001ab5f0,86,false,
001ab650,FUN_001ab650,452,false,
001ab820,FUN_001ab820,3072,false,
001ac430,FUN_001ac430,2266,false,
001acd20,FUN_001acd20,209,false,
001ace00,FUN_001ace00,580,false,
001ad050,FUN_001ad050,193,false,
001ad120,FUN_001ad120,558,false,
001ad350,FUN_001ad350,336,false,
001ad4a0,FUN_001ad4a0,107,false,
001ad510,FUN_001ad510,195,false,
001ad5e0,FUN_001ad5e0,198,false,
001ad6b0,FUN_001ad6b0,231,false,
001ad7a0,FUN_001ad7a0,657,false,
001ada40,FUN_001ada40,336,false,
001adb90,FUN_001adb90,460,false,
001add60,FUN_001add60,1166,false,
001ae200,FUN_001ae200,145,false,
001ae2a0,FUN_001ae2a0,70,false,
001ae2f0,FUN_001ae2f0,64,false,
001ae340,FUN_001ae340,942,false,
001ae6f0,RwCameraClear,944,false,community
001aeaa0,FUN_001aeaa0,536,false,
001aecc0,FUN_001aecc0,109,false,
001aed30,FUN_001aed30,50,false,
001aed70,FUN_001aed70,59,false,
001aedb0,FUN_001aedb0,107,false,
001aee20,FUN_001aee20,131,false,
001aeeb0,FUN_001aeeb0,203,false,
001aef80,FUN_001aef80,71,false,
001aefe0,FUN_001aefe0,85,false,
001af040,FUN_001af040,156,false,
001af0f0,FUN_001af0f0,132,false,
001af180,FUN_001af180,117,false,
001af200,GtComms__CGtCommsToolBase__Prepare,71,false,community
001af250,FUN_001af250,48,false,
001af280,FUN_001af280,1788,false,
001af980,FUN_001af980,774,false,
001afc90,FUN_001afc90,734,false,
001aff70,FUN_001aff70,828,false,
001b02b0,FUN_001b02b0,109,false,
001b0330,FUN_001b0330,237,false,
001b0420,FUN_001b0420,215,false,
001b0500,FUN_001b0500,331,false,
001b0650,FUN_001b0650,129,false,
001b06e0,FUN_001b06e0,309,false,
001b0820,FUN_001b0820,413,false,
001b09c0,FUN_001b09c0,562,false,
001b0c00,FUN_001b0c00,120,false,
001b0c80,FUN_001b0c80,540,false,
001b0ea0,FUN_001b0ea0,91,false,
001b0f00,FUN_001b0f00,215,false,
001b0fe0,FUN_001b0fe0,102,false,
001b1050,FUN_001b1050,791,false,
001b1370,FUN_001b1370,1029,false,
001b1780,FUN_001b1780,1459,false,
001b1d40,FUN_001b1d40,574,false,
001b1f90,FUN_001b1f90,662,false,
001b2230,FUN_001b2230,438,false,
001b23f0,FUN_001b23f0,174,false,
001b24a0,FUN_001b24a0,581,false,
001b26f0,FUN_001b26f0,577,false,
001b2940,FUN_001b2940,335,false,
001b2a90,FUN_001b2a90,247,false,
001b2b90,FUN_001b2b90,180,false,
001b2c60,CGtUnicode__ConvertUTF8toUTF16Fast,106,false,community
001b2ce0,FUN_001b2ce0,250,false,
001b2df0,FUN_001b2df0,36,false,
001b2e20,FUN_001b2e20,51,false,
001b2e60,FUN_001b2e60,49,false,
001b2ea0,FUN_001b2ea0,68,false,
001b2ef0,FUN_001b2ef0,148,false,
001b2f90,FUN_001b2f90,89,false,
001b2ff0,FUN_001b2ff0,311,false,
001b3150,FUN_001b3150,53,false,
001b3190,FUN_001b3190,122,false,
001b3210,FUN_001b3210,136,false,
001b32a0,FUN_001b32a0,113,false,
001b3320,FUN_001b3320,118,false,
001b33a0,CGTFileSystem__Open,107,false,community
001b35d0,FUN_001b35d0,27,false,
001b35f0,FUN_001b35f0,8,false,
001b3630,FUN_001b3630,129,false,
001b36c0,FUN_001b36c0,32,false,
001b36e0,FUN_001b36e0,117,false,
001b3850,FUN_001b3850,102,false,
001b3950,TlsAlloc__,59,false,community
001b3990,FUN_001b3990,84,false,
001b39f0,FUN_001b39f0,131,false,
001b3a80,FUN_001b3a80,110,false,
001b3af0,FUN_001b3af0,69,false,
001b3b40,FUN_001b3b40,318,false,
001b3ca0,StartAddress,36,false,community
001b3cd0,FUN_001b3cd0,95,false,
001b3d60,FUN_001b3d60,158,false,
001b3e20,FUN_001b3e20,158,false,
001b3ed0,FUN_001b3ed0,22,false,
001b4000,FUN_001b4000,28,false,
001b4020,FUN_001b4020,87,false,
001b40e0,FUN_001b40e0,114,false,
001b4170,FUN_001b4170,116,false,
001b41f0,FUN_001b41f0,52,false,
001b4230,FUN_001b4230,34,false,
001b4260,FUN_001b4260,74,false,
001b42b0,FUN_001b42b0,34,false,
001b42e0,FUN_001b42e0,34,false,
001b4310,FUN_001b4310,158,false,
001b43c0,FUN_001b43c0,143,false,
001b44f0,FUN_001b44f0,33,false,
001b4520,FUN_001b4520,188,false,
001b47f0,FUN_001b47f0,455,false,
001b49c0,FUN_001b49c0,103,false,
001b4a30,FUN_001b4a30,299,false,
001b4b60,FUN_001b4b60,398,false,
001b4cf0,FUN_001b4cf0,475,false,
001b4f00,FUN_001b4f00,181,false,
001b4fc0,FUN_001b4fc0,50,false,
001b5000,FUN_001b5000,178,false,
001b50c0,FUN_001b50c0,81,false,
001b5120,FUN_001b5120,81,false,
001b5700,FUN_001b5700,114,false,
001b57a0,FUN_001b57a0,60,false,
001b57e0,FUN_001b57e0,145,false,
001b5880,FUN_001b5880,89,false,
001b58e0,FUN_001b58e0,414,false,
001b5a80,FUN_001b5a80,60,false,
001b5ac0,CGtTimer__Update,156,false,community
001b5b60,FUN_001b5b60,83,false,
001b5bc0,FUN_001b5bc0,150,false,
001b5c60,FUN_001b5c60,81,false,
001b5ce0,FUN_001b5ce0,169,false,
001b5d90,FUN_001b5d90,73,false,
001b5de0,FUN_001b5de0,136,false,
001b5e70,FUN_001b5e70,97,false,
001b5ee0,FUN_001b5ee0,790,false,
001b6220,FUN_001b6220,118,false,
001b62a0,FUN_001b62a0,104,false,
001b6310,FUN_001b6310,247,false,
001b6460,FUN_001b6460,128,false,
001b64e0,FUN_001b64e0,341,false,
001b6640,FUN_001b6640,262,false,
001b6750,FUN_001b6750,239,false,
001b6840,FUN_001b6840,183,false,
001b6900,FUN_001b6900,277,false,
001b6a20,FUN_001b6a20,100,false,
001b6a90,FUN_001b6a90,105,false,
001b6bc0,FUN_001b6bc0,38,false,
001b6bf0,FUN_001b6bf0,221,false,
001b6cd0,FUN_001b6cd0,103,false,
001b6d40,FUN_001b6d40,109,false,
001b6db0,FUN_001b6db0,90,false,
001b6e10,FUN_001b6e10,555,false,
001b7040,FUN_001b7040,192,false,
001b7100,FUN_001b7100,94,false,
001b7160,FUN_001b7160,211,false,
001b7240,FUN_001b7240,316,false,
001b7380,FUN_001b7380,105,false,
001b73f0,FUN_001b73f0,45,false,
001b7420,FUN_001b7420,39,false,
001b7460,FUN_001b7460,1372,false,
001b79c0,FUN_001b79c0,115,false,
001b7a40,FUN_001b7a40,105,false,
001b7ab0,FUN_001b7ab0,519,false,
001b7cc0,FUN_001b7cc0,180,false,
001b7d80,FUN_001b7d80,187,false,
001b7e40,FUN_001b7e40,33,false,
001b7e70,FUN_001b7e70,50,false,
001b7eb0,FUN_001b7eb0,58,false,
001b7ef0,FUN_001b7ef0,462,false,
001b80c0,FUN_001b80c0,235,false,
001b81b0,FUN_001b81b0,177,false,
001b8270,FUN_001b8270,136,false,
001b8300,FUN_001b8300,136,false,
001b8390,FUN_001b8390,321,false,
001b84e0,FUN_001b84e0,187,false,
001b85a0,FUN_001b85a0,173,false,
001b8650,FUN_001b8650,72,false,
001b86a0,FUN_001b86a0,169,false,
001b8750,FUN_001b8750,194,false,
001b8820,FUN_001b8820,198,false,
001b88f0,FUN_001b88f0,110,false,
001b8960,FUN_001b8960,321,false,
001b8ab0,FUN_001b8ab0,558,false,
001b8ce0,FUN_001b8ce0,129,false,
001b8d70,FUN_001b8d70,100,false,
001b8de0,FUN_001b8de0,147,false,
001b8e80,FUN_001b8e80,102,false,
001b8ef0,FUN_001b8ef0,100,false,
001b8f60,FUN_001b8f60,102,false,
001b8fd0,FUN_001b8fd0,127,false,
001b9050,FUN_001b9050,19,false,
001b9070,FUN_001b9070,17,false,
001b90f0,FUN_001b90f0,129,false,
001b9480,FUN_001b9480,693,false,
001b9740,FUN_001b9740,330,false,
001b98a0,FUN_001b98a0,193,false,
001b9970,FUN_001b9970,93,false,
001b99d0,FUN_001b99d0,57,false,
001b9a10,FUN_001b9a10,73,false,
001b9a60,FUN_001b9a60,101,false,
001b9ad0,FUN_001b9ad0,103,false,
001b9b40,FUN_001b9b40,196,false,
001b9c10,FUN_001b9c10,107,false,
001b9c80,FUN_001b9c80,583,false,
001b9ee0,FUN_001b9ee0,252,false,
001b9fe0,FUN_001b9fe0,99,false,
001ba050,FUN_001ba050,141,false,
001ba0e0,FUN_001ba0e0,34,false,
001ba110,FUN_001ba110,281,false,
001ba230,FUN_001ba230,217,false,
001ba310,FUN_001ba310,415,false,
001ba620,FUN_001ba620,116,false,
001ba6a0,FUN_001ba6a0,100,false,
001ba710,FUN_001ba710,100,false,
001ba780,FUN_001ba780,93,false,
001ba7e0,FUN_001ba7e0,279,false,
001ba970,FUN_001ba970,203,false,
001baa40,FUN_001baa40,45,false,
001baa70,FUN_001baa70,124,false,
001baaf0,FUN_001baaf0,481,false,
001bad70,FUN_001bad70,410,false,
001baf70,FUN_001baf70,175,false,
001bb020,FUN_001bb020,21,false,
001bb040,FUN_001bb040,399,false,
001bb1e0,FUN_001bb1e0,301,false,
001bb370,FUN_001bb370,314,false,
001bb4b0,FUN_001bb4b0,118,false,
001bb530,FUN_001bb530,124,false,
001bb5b0,FUN_001bb5b0,215,false,
001bb690,FUN_001bb690,32,false,
001bb6b0,FUN_001bb6b0,604,false,
001bb920,FUN_001bb920,66,false,
001bbb70,FUN_001bbb70,92,false,
001bbbe0,FUN_001bbbe0,95,false,
001bbc40,FUN_001bbc40,92,false,
001bbca0,FUN_001bbca0,92,false,
001bbd20,FUN_001bbd20,111,false,
001bbf20,FUN_001bbf20,366,false,
001bc090,FUN_001bc090,188,false,
001bc150,FUN_001bc150,253,false,
001bc250,FUN_001bc250,179,false,
001bc310,FUN_001bc310,107,false,
001bc3a0,FUN_001bc3a0,215,false,
001bc480,FUN_001bc480,434,false,
001bc640,FUN_001bc640,205,false,
001bc710,FUN_001bc710,164,false,
001bc820,FUN_001bc820,153,false,
001bc900,FUN_001bc900,239,false,
001bca00,FUN_001bca00,30,false,
001bca20,FUN_001bca20,1657,false,
001bd0a0,FUN_001bd0a0,60,false,
001bd0e0,FUN_001bd0e0,106,false,
001bd150,FUN_001bd150,120,false,
001bd1d0,FUN_001bd1d0,117,false,
001bd250,FUN_001bd250,120,false,
001bd2d0,FUN_001bd2d0,148,false,
001bd370,FUN_001bd370,75,false,
001bd3c0,FUN_001bd3c0,88,false,
001bd420,FUN_001bd420,295,false,
001bd550,FUN_001bd550,148,false,
001bd5f0,FUN_001bd5f0,58,false,
001bd630,FUN_001bd630,153,false,
001bd6f0,FUN_001bd6f0,317,false,
001bd830,FUN_001bd830,60,false,
001bd870,FUN_001bd870,124,false,
001bd8f0,FUN_001bd8f0,124,false,
001bd970,FUN_001bd970,89,false,
001bd9d0,FUN_001bd9d0,100,false,
001bda40,FUN_001bda40,54,false,
001bda80,FUN_001bda80,226,false,
001bdb70,FUN_001bdb70,89,false,
001bdbd0,FUN_001bdbd0,182,false,
001bdc90,FUN_001bdc90,58,false,
001bdcd0,FUN_001bdcd0,101,false,
001bdd50,FUN_001bdd50,49,false,
001bdd90,FUN_001bdd90,20,false,
001bddb0,FUN_001bddb0,79,false,
001bdf50,FUN_001bdf50,46,false,
001be060,FUN_001be060,137,false,
001be0f0,FUN_001be0f0,157,false,
001be190,FUN_001be190,89,false,
001be240,FUN_001be240,222,false,
001be320,FUN_001be320,49,false,
001be360,FUN_001be360,49,false,
001be3a0,FUN_001be3a0,127,false,
001be4e0,FUN_001be4e0,78,false,
001be530,FUN_001be530,79,false,
001be580,FUN_001be580,85,false,
001be5e0,FUN_001be5e0,46,false,
001be610,FUN_001be610,59,false,
001be650,FUN_001be650,46,false,
001be680,FUN_001be680,95,false,
001be6e0,FUN_001be6e0,48,false,
001be710,FUN_001be710,48,false,
001be740,FUN_001be740,59,false,
001be780,FUN_001be780,441,false,
001be940,FUN_001be940,48,false,
001be970,FUN_001be970,53,false,
001be9b0,FUN_001be9b0,167,false,
001bea90,FUN_001bea90,65,false,
001beae0,FUN_001beae0,296,false,
001bec20,FUN_001bec20,86,false,
001bec90,FUN_001bec90,111,false,
001bed00,FUN_001bed00,102,false,
001bed80,FUN_001bed80,110,false,
001bedf0,FUN_001bedf0,254,false,
001beef0,FUN_001beef0,50,false,
001bef30,FUN_001bef30,182,false,
001beff0,FUN_001beff0,74,false,
001bf040,FUN_001bf040,107,false,
001bf0b0,FUN_001bf0b0,128,false,
001bf130,FUN_001bf130,729,false,
001bf410,FUN_001bf410,378,false,
001bf590,FUN_001bf590,162,false,
001bf640,FUN_001bf640,138,false,
001bf6e0,FUN_001bf6e0,126,false,
001bf760,FUN_001bf760,3277,false,
001c0430,FUN_001c0430,237,false,
001c0520,FUN_001c0520,341,false,
001c0680,FUN_001c0680,269,false,
001c07f0,FUN_001c07f0,147,false,
001c0890,FUN_001c0890,332,false,
001c09e0,FUN_001c09e0,481,false,
001c0bd0,FUN_001c0bd0,894,false,
001c0f50,FUN_001c0f50,142,false,
001c0fe0,FUN_001c0fe0,128,false,
001c1060,FUN_001c1060,493,false,
001c1250,CGt2dFont__RenderString,560,false,community
001c1480,FUN_001c1480,171,false,
001c1530,FUN_001c1530,106,false,
001c15a0,FUN_001c15a0,101,false,
001c1610,FUN_001c1610,84,false,
001c1670,FUN_001c1670,202,false,
001c1740,FUN_001c1740,83,false,
001c17a0,FUN_001c17a0,71,false,
001c17f0,FUN_001c17f0,171,false,
001c18a0,FUN_001c18a0,134,false,
001c1930,FUN_001c1930,98,false,
001c19a0,FUN_001c19a0,182,false,
001c1a60,FUN_001c1a60,179,false,
001c1b20,FUN_001c1b20,200,false,
001c1bf0,FUN_001c1bf0,87,false,
001c1c50,FUN_001c1c50,89,false,
001c1cb0,FUN_001c1cb0,971,false,
001c2080,FUN_001c2080,132,false,
001c2110,FUN_001c2110,250,false,
001c2210,FUN_001c2210,450,false,
001c23e0,FUN_001c23e0,939,false,
001c2790,FUN_001c2790,331,false,
001c28e0,FUN_001c28e0,728,false,
001c2bc0,FUN_001c2bc0,461,false,
001c2d90,FUN_001c2d90,636,false,
001c3020,FUN_001c3020,653,false,
001c32c0,FUN_001c32c0,184,false,
001c3380,FUN_001c3380,264,false,
001c34a0,FUN_001c34a0,244,false,
001c35b0,FUN_001c35b0,399,false,
001c3750,FUN_001c3750,789,false,
001c3a80,FUN_001c3a80,791,false,
001c3db0,FUN_001c3db0,611,false,
001c4030,FUN_001c4030,750,false,
001c4320,FUN_001c4320,495,false,
001c4510,FUN_001c4510,566,false,
001c4750,FUN_001c4750,233,false,
001c4850,FUN_001c4850,233,false,
001c4950,FUN_001c4950,166,false,
001c4a00,FUN_001c4a00,84,false,
001c4a60,FUN_001c4a60,1145,false,
001c4ee0,FUN_001c4ee0,87,false,
001c4f40,FUN_001c4f40,89,false,
001c4fa0,FUN_001c4fa0,509,false,
001c51a0,FUN_001c51a0,131,false,
001c5230,FUN_001c5230,249,false,
001c5330,FUN_001c5330,449,false,
001c5500,FUN_001c5500,690,false,
001c57c0,FUN_001c57c0,216,false,
001c58a0,FUN_001c58a0,253,false,
001c59a0,FUN_001c59a0,1217,false,
001c5e70,FUN_001c5e70,194,false,
001c5f40,FUN_001c5f40,221,false,
001c6020,FUN_001c6020,370,false,
001c61a0,FUN_001c61a0,373,false,
001c6320,FUN_001c6320,120,false,
001c63a0,FUN_001c63a0,338,false,
001c6500,FUN_001c6500,340,false,
001c6660,FUN_001c6660,141,false,
001c66f0,FUN_001c66f0,222,false,
001c67d0,FUN_001c67d0,127,false,
001c6850,FUN_001c6850,102,false,
001c68c0,FUN_001c68c0,86,false,
001c6920,FUN_001c6920,151,false,
001c69c0,FUN_001c69c0,95,false,
001c6a20,FUN_001c6a20,207,false,
001c6af0,FUN_001c6af0,50,false,
001c6b30,FUN_001c6b30,1011,false,
001c6f30,FUN_001c6f30,544,false,
001c7150,FUN_001c7150,404,false,
001c72f0,FUN_001c72f0,310,false,
001c7430,FUN_001c7430,399,false,
001c75c0,FUN_001c75c0,326,false,
001c7710,FUN_001c7710,583,false,
001c7960,FUN_001c7960,798,false,
001c7c90,FUN_001c7c90,538,false,
001c7ec0,FUN_001c7ec0,765,false,
001c81c0,FUN_001c81c0,285,false,
001c82e0,FUN_001c82e0,228,false,
001c83d0,FUN_001c83d0,145,false,
001c8470,FUN_001c8470,148,false,
001c8510,FUN_001c8510,315,false,
001c8650,FUN_001c8650,50,false,
001c8690,FUN_001c8690,142,false,
001c8740,FUN_001c8740,45,false,
001c8770,FUN_001c8770,160,false,
001c8810,FUN_001c8810,49,false,
001c8870,FUN_001c8870,482,false,
001c8a60,FUN_001c8a60,426,false,
001c8c10,FUN_001c8c10,210,false,
001c8cf0,FUN_001c8cf0,175,false,
001c8da0,FUN_001c8da0,124,false,
001c8e20,FUN_001c8e20,101,false,
001c8e90,FUN_001c8e90,143,false,
001c8f20,FUN_001c8f20,77,false,
001c8f70,FUN_001c8f70,642,false,
001c9200,FUN_001c9200,189,false,
001c92c0,FUN_001c92c0,267,false,
001c93d0,CGtVideoDecoder__Update,162,false,community
001c9480,FUN_001c9480,119,false,
001c9500,FUN_001c9500,117,false,
001c9580,FUN_001c9580,115,false,
001c9600,FUN_001c9600,91,false,
001c9660,FUN_001c9660,248,false,
001c9840,FUN_001c9840,92,false,
001c98a0,FUN_001c98a0,91,false,
001c9900,FUN_001c9900,193,false,
001c99d0,FUN_001c99d0,348,false,
001c9b30,FUN_001c9b30,252,false,
001c9c30,FUN_001c9c30,71,false,
001c9c80,FUN_001c9c80,348,false,
001c9de0,FUN_001c9de0,108,false,
001c9e50,FUN_001c9e50,55,false,
001c9e90,FUN_001c9e90,58,false,
001c9ed0,FUN_001c9ed0,49,false,
001c9f10,FUN_001c9f10,354,false,
001ca080,FUN_001ca080,166,false,
001ca130,FUN_001ca130,166,false,
001ca1e0,FUN_001ca1e0,63,false,
001ca220,FUN_001ca220,77,false,
001ca270,FUN_001ca270,214,false,
001ca350,FUN_001ca350,334,false,
001ca4a0,FUN_001ca4a0,101,false,
001ca530,FUN_001ca530,109,false,
001ca5a0,FUN_001ca5a0,123,false,
001ca620,FUN_001ca620,93,false,
001ca680,FUN_001ca680,137,false,
001ca710,FUN_001ca710,109,false,
001ca790,FUN_001ca790,142,false,
001ca820,FUN_001ca820,381,false,
001ca9a0,FUN_001ca9a0,867,false,
001cad10,FUN_001cad10,275,false,
001cae30,FUN_001cae30,897,false,
001cb1c0,FUN_001cb1c0,67,false,
001cb210,FUN_001cb210,47,false,
001cb250,FUN_001cb250,102,false,
001cb2d0,FUN_001cb2d0,430,false,
001cb480,FUN_001cb480,299,false,
001cb5b0,FUN_001cb5b0,264,false,
001cb6c0,FUN_001cb6c0,281,false,
001cb7e0,FUN_001cb7e0,244,false,
001cb900,FUN_001cb900,112,false,
001cb970,FUN_001cb970,99,false,
001cb9e0,FUN_001cb9e0,42,false,
001cba10,CGtSoundStream__Play,73,false,community
001cba60,FUN_001cba60,230,false,
001cbb50,FUN_001cbb50,103,false,
001cbbc0,FUN_001cbbc0,220,false,
001cbca0,FUN_001cbca0,174,false,
001cbd50,FUN_001cbd50,166,false,
001cbe00,FUN_001cbe00,248,false,
001cbf00,FUN_001cbf00,44,false,
001cbf30,FUN_001cbf30,212,false,
001cc010,FUN_001cc010,174,false,
001cc0c0,FUN_001cc0c0,68,false,
001cc110,FUN_001cc110,32,false,
001cc130,FUN_001cc130,253,false,
001cc230,FUN_001cc230,48,false,
001cc260,FUN_001cc260,85,false,
001cc2c0,FUN_001cc2c0,280,false,
001cc3e0,FUN_001cc3e0,797,false,
001cc700,FUN_001cc700,521,false,
001cc910,FUN_001cc910,1153,false,
001ccda0,FUN_001ccda0,46,false,
001ccdd0,FUN_001ccdd0,100,false,
001cce50,FUN_001cce50,102,false,
001cced0,FUN_001cced0,509,false,
001cd0d0,FUN_001cd0d0,163,false,
001cd180,FUN_001cd180,121,false,
001cd200,FUN_001cd200,705,false,
001cd620,FUN_001cd620,290,false,
001cd760,FUN_001cd760,150,false,
001cd800,FUN_001cd800,103,false,
001cd880,FUN_001cd880,67,false,
001cd8d0,FUN_001cd8d0,282,false,
001cd9f0,FUN_001cd9f0,378,false,
001cdb70,FUN_001cdb70,69,false,
001cdbc0,FUN_001cdbc0,1076,false,
001ce000,FUN_001ce000,72,false,
001ce050,FUN_001ce050,82,false,
001ce0b0,FUN_001ce0b0,73,false,
001ce100,FUN_001ce100,62,false,
001ce140,FUN_001ce140,53,false,
001ce180,FUN_001ce180,47,false,
001ce1b0,FUN_001ce1b0,50,false,
001ce1f0,FUN_001ce1f0,110,false,
001ce3b0,FUN_001ce3b0,335,false,
001ce500,FUN_001ce500,366,false,
001ce6a0,FUN_001ce6a0,583,false,
001ce920,FUN_001ce920,89,false,
001ce980,FUN_001ce980,103,false,
001ce9f0,FUN_001ce9f0,143,false,
001cea80,FUN_001cea80,78,false,
001cead0,FUN_001cead0,50,false,
001ceb10,FUN_001ceb10,451,false,
001cece0,FUN_001cece0,39,false,
001ced10,FUN_001ced10,84,false,
001ced70,FUN_001ced70,18,false,
001ced90,FUN_001ced90,19,false,
001cedb0,FUN_001cedb0,343,false,
001cef10,FUN_001cef10,85,false,
001cef70,FUN_001cef70,76,false,
001cefc0,FUN_001cefc0,158,false,
001cf05e,FUN_001cf05e,37,false,
001cf083,FUN_001cf083,48,false,
001cf0b3,FUN_001cf0b3,48,false,
001cf0e3,FUN_001cf0e3,112,false,
001cf153,FUN_001cf153,254,false,
001cf251,FUN_001cf251,256,false,
001cf351,FUN_001cf351,147,false,
001cf3e4,FUN_001cf3e4,184,false,
001cf49c,FUN_001cf49c,155,false,
001cf537,XShaHmacInitialize,98,false,community
001cf599,XcSHAUpdate,5,true,xbsymboldb
001cf59e,XShaHmacComputeFinal,114,false,community
001cf610,XapiConvertSignatureToNonRoamable,117,false,community
001cf685,XapipCalculateSaveGameSignatureBegin,128,false,community
001cf705,FUN_001cf705,98,false,
001cf767,XapipCalculateContentSignatureBegin,54,false,community
001cf79d,FUN_001cf79d,26,false,
001cf7b7,FUN_001cf7b7,42,false,
001cf7e1,FUN_001cf7e1,33,false,
001cf802,XCalculateSignatureBeginEx,65,true,xbsymboldb
001cf843,XCalculateSignatureBegin,20,true,xbsymboldb
001cf857,XCalculateSignatureUpdate,78,true,xbsymboldb
001cf8a5,XCalculateSignatureEnd,69,true,xbsymboldb
001cf8ea,XGetVideoStandard,41,true,xbsymboldb
001cf913,XGetVideoFlags,73,true,xbsymboldb
001cf95c,GetSystemTimeAsFileTime,6,true,xbsymboldb
001cf962,wvsprintfW,23,true,xbsymboldb
001cf979,wsprintfW,19,true,xbsymboldb
001cf98c,GetDiskFreeSpaceExA,244,false,community
001cfa80,XapiSelectCachePartition,587,true,xbsymboldb
001cfccb,XMountUtilityDrive,261,true,xbsymboldb
001cfdd0,XGetDiskClusterSizeA,159,false,community
001cfe6f,XGetDiskSectorSizeA,155,false,community
001cff0a,XPhysicalAlloc,67,true,xbsymboldb
001cff4d,XPhysicalAllocEx,45,false,community
001cff7a,XPhysicalFree,6,true,xbsymboldb
001cff80,XGetAVPack,8,true,xbsymboldb
001cff88,XLaunchNewImageA,66,true,xbsymboldb
001cffca,XWriteTitleInfoNoReboot,225,false,community
001d00ab,XWriteTitleInfoAndRebootA,71,false,community
001d00f2,XGetAudioFlags,66,true,xbsymboldb
001d0134,XapiReadFromStDb,62,false,community
001d0172,XapiOpenStDbAndReadHeader,102,false,community
001d01d8,XapiGetNextSoundtrack,126,false,community
001d0256,XFindNextSoundtrack,31,true,xbsymboldb
001d0275,XFindFirstSoundtrack,183,true,xbsymboldb
001d032c,XGetSoundtrackSongInfo,552,true,xbsymboldb
001d0554,XOpenSoundtrackSong,144,true,xbsymboldb
001d05e4,HexDigitToChar,20,false,community
001d05f8,XapiSaveGameHashEncode,146,false,community
001d068a,XapiValidateAndSkipUnicodeSignature,72,false,community
001d06d2,XapiFindValueInMetaFile,387,false,community
001d0855,XapiFillInSaveGameData,257,false,community
001d0956,XapiVerifyGameName,128,false,community
001d09d6,XapiTouchDirectoryTimestamp,92,false,community
001d0a32,XCreateSaveGame,611,true,xbsymboldb
001d0c95,XFindFirstSaveGame,266,true,xbsymboldb
001d0d9f,XFindNextSaveGame,71,true,xbsymboldb
001d0de6,XFindClose,86,true,xbsymboldb
001d0e3c,CreateFileA,395,false,community
001d0fc7,ReadFile,237,true,xbsymboldb
001d10b4,WriteFile,214,true,xbsymboldb
001d118a,SetEndOfFile,132,true,xbsymboldb
001d120e,SetFilePointer,250,true,xbsymboldb
001d1308,SetFilePointerEx,200,true,xbsymboldb
001d13d0,FlushFileBuffers,39,true,xbsymboldb
001d13f7,GetFileSizeEx,62,true,xbsymboldb
001d1435,GetFileSize,59,true,xbsymboldb
001d1470,CreateEventA,97,true,xbsymboldb
001d14d1,SetEvent,32,true,xbsymboldb
001d14f1,CreateSemaphoreA,91,false,community
001d154c,ReleaseSemaphore,38,true,xbsymboldb
001d1572,WaitForSingleObjectEx,68,true,xbsymboldb
001d15b6,SleepEx,82,true,xbsymboldb
001d1608,WaitForSingleObject,18,true,xbsymboldb
001d161a,Sleep,14,true,xbsymboldb
001d1628,XapiCallThreadNotifyRoutines,56,true,xbsymboldb
001d1660,SetThreadPriority,82,true,xbsymboldb
001d16b2,GetThreadPriority,84,true,xbsymboldb
001d1706,RaiseException,86,true,xbsymboldb
001d175c,SwitchToThread,19,true,xbsymboldb
001d176f,ExitThread,18,true,xbsymboldb
001d1781,SetUnhandledExceptionFilter,18,true,xbsymboldb
001d1793,XRegisterThreadNotifyRoutine,73,true,xbsymboldb
001d17dc,UnhandledExceptionFilter,60,true,xbsymboldb
001d18b0,CreateThread,110,true,xbsymboldb
001d191e,GetCurrentThreadId,13,true,xbsymboldb
001d192b,GetLastError,40,true,xbsymboldb
001d1953,SetLastError,46,true,xbsymboldb
001d1981,XapiSetLastNTError,23,true,xbsymboldb
001d1998,GetOverlappedResult,101,true,xbsymboldb
001d19fd,CloseHandle,30,true,xbsymboldb
001d1a1b,DuplicateHandle,38,true,xbsymboldb
001d1a41,XLoadSectionA,130,false,community
001d1ac3,DeleteFileA,142,false,community
001d1b51,FUN_001d1b51,342,false,
001d1ca7,FUN_001d1ca7,184,false,
001d1d5f,MultiByteToWideChar,187,true,xbsymboldb
001d1e1a,WideCharToMultiByte,200,true,xbsymboldb
001d1ee2,XapiDirectoryInformationToFindData,108,false,community
001d1f4e,FindFirstFileA,269,false,community
001d205b,FindNextFileA,81,false,community
001d20ac,QueryPerformanceCounter,17,true,xbsymboldb
001d20bd,QueryPerformanceFrequency,20,true,xbsymboldb
001d20d1,lstrcmpiA,33,false,community
001d20f2,XboxTimeZoneDateToSystemTime,56,false,community
001d212a,XapipQueryTimeZoneInformation,170,true,xbsymboldb
001d21d4,GetSystemTime,100,true,xbsymboldb
001d2238,GetTickCount,8,true,xbsymboldb
001d2240,FileTimeToSystemTime,107,true,xbsymboldb
001d22ab,SystemTimeToFileTime,117,true,xbsymboldb
001d2320,CompareFileTime,55,true,xbsymboldb
001d2357,RtlpCutoverTimeToSystemTime,522,false,community
001d2561,GetTimeZoneInformation,348,true,xbsymboldb
001d26bd,XapipGetTimeZoneBias,86,false,community
001d2713,FileTimeToLocalFileTime,43,true,xbsymboldb
001d273e,XGetLanguage,45,true,xbsymboldb
001d276b,XGetGameRegion,40,true,xbsymboldb
001d2807,entry,114,true,xbsymboldb
001d2879,XMemAlloc,160,true,xbsymboldb
001d2919,XMemFree,26,true,xbsymboldb
001d2933,XQueryValue,34,true,xbsymboldb
001d2955,OutputDebugStringA,46,true,xbsymboldb
001d2987,XapiValidateDiskPartitionEx,120,false,community
001d29ff,XapiCopySectionToFile,231,false,community
001d2ae6,XapiMapLetterToDirectory,820,true,xbsymboldb
001d2e1a,XapiSetupPerTitleDriveLetters,85,false,community
001d2e6f,XapiBootToDash,101,true,xbsymboldb
001d2ed4,XapiValidateDiskPartition,17,false,community
001d2ee5,XapiInitProcess,367,true,xbsymboldb
001d3054,XapiFormatFATVolumeEx,804,false,community
001d3378,lstrlenW,47,true,xbsymboldb
001d33b2,FUN_001d33b2,74,false,
001d33fc,FUN_001d33fc,127,false,
001d347b,FUN_001d347b,204,false,
001d3547,FUN_001d3547,185,false,
001d3600,FUN_001d3600,100,false,
001d3664,FUN_001d3664,146,false,
001d36f6,FUN_001d36f6,129,false,
001d3777,FUN_001d3777,386,false,
001d38f9,FUN_001d38f9,119,false,
001d3970,FUN_001d3970,385,false,
001d3af1,FUN_001d3af1,357,false,
001d3c56,lstrcpynA,88,true,xbsymboldb
001d3cbb,lstrlenA,51,true,xbsymboldb
001d3cf9,CreateDirectoryA,108,false,community
001d3d65,FUN_001d3d65,142,false,
001d3df3,XapiFormatObjectAttributes,40,true,xbsymboldb
001d3e1b,XapiFormatTimeOut,46,false,community
001d3e4a,_cinit,88,true,xbsymboldb
001d3ea2,_rtinit,41,true,xbsymboldb
001d3ecb,FUN_001d3ecb,100,false,
001d3f2f,XapiApplyKernelPatches,197,false,community
001d3ff4,HeapCreate,79,true,xbsymboldb
001d4043,HeapDestroy,28,true,xbsymboldb
001d405f,HeapFree,23,true,xbsymboldb
001d4076,GetProcessHeap,6,false,community
001d407c,LocalAlloc,29,true,xbsymboldb
001d4099,LocalFree,30,true,xbsymboldb
001d40b7,XGetSectionHandleA,103,false,community
001d411e,XLoadSectionByHandle,33,true,xbsymboldb
001d413f,XFreeSectionByHandle,30,true,xbsymboldb
001d415d,XGetSectionSize,10,true,xbsymboldb
001d4167,XGetParentalControlSetting,37,true,xbsymboldb
001d418c,RtlpCreateUnCommittedRange,288,false,community
001d42ac,RtlpDestroyUnCommittedRange,33,false,community
001d42cd,RtlpInsertUnCommittedPages,147,false,community
001d4360,RtlpFindAndCommitPages,395,false,community
001d44eb,RtlpDestroyHeapSegment,50,false,community
001d451d,RtlpCoalesceFreeBlocks,677,false,community
001d47c2,RtlpInsertFreeBlock,250,false,community
001d48bc,RtlpGetExtraStuffPointer,28,false,community
001d48d8,RtlDestroyHeap,143,false,community
001d4967,RtlpGrowBlockInPlace,1022,false,community
001d4d94,RtlpInitializeHeapSegment,286,false,community
001d4eb2,RtlpExtendHeap,391,false,community
001d5039,RtlpDeCommitFreeBlock,682,false,community
001d52e3,RtlCreateHeap,1034,false,community
001d5707,RtlAllocateHeap,1887,false,community
001d5e6f,FUN_001d5e6f,19,false,
001d5e82,RtlFreeHeap,478,false,community
001d6063,FUN_001d6063,19,false,
001d678e,FUN_001d678e,22,false,
001d67a4,XAutoPowerDownResetTimer,27,true,xbsymboldb
001d67d1,XapiInitAutoPowerDown,116,false,community
001d68c0,FUN_001d68c0,4,false,
001d68c4,XComputeContentSignatureKey,31,true,xbsymboldb
001d68e3,FUN_001d68e3,229,false,
001d69c8,FUN_001d69c8,225,false,
001d6aac,FUN_001d6aac,37,false,
001d6ae1,FUN_001d6ae1,403,false,
001d6c74,FUN_001d6c74,926,false,
001d7012,XcSHAUpdate,6,true,xbsymboldb
001d7018,XcSHAInit,6,true,xbsymboldb
001d701e,XcSHAFinal,6,true,xbsymboldb
001d7024,ExQueryNonVolatileSetting,6,true,xbsymboldb
001d702a,XcHMAC,6,true,xbsymboldb
001d7030,DbgPrint,6,true,xbsymboldb
001d7040,__rwXbFlushCacheBuffer,234,false,community
001d7130,FUN_001d7130,23,false,
001d7150,FUN_001d7150,33,false,
001d7180,__rwXbCacheInit,2938,false,community
001d7d10,FUN_001d7d10,26,false,
001d7d30,FUN_001d7d30,26,false,
001d7d50,FUN_001d7d50,31,false,
001d7d70,FUN_001d7d70,21,false,
001d7d90,FUN_001d7d90,2887,false,
001d88e0,FUN_001d88e0,410,false,
001d8a80,FUN_001d8a80,1306,false,
001d8fa0,FUN_001d8fa0,400,false,
001d9130,FUN_001d9130,65,false,
001d91b0,FUN_001d91b0,52,false,
001d9280,FUN_001d9280,11,false,
001d9290,FUN_001d9290,11,false,
001d92a0,FUN_001d92a0,180,false,
001d9360,FUN_001d9360,180,false,
001d9420,FUN_001d9420,35,false,
001d9450,FUN_001d9450,71,false,
001d94a0,FUN_001d94a0,39,false,
001d94d0,FUN_001d94d0,51,false,
001d9510,FUN_001d9510,290,false,
001d9700,FUN_001d9700,501,false,
001d9a50,FUN_001d9a50,147,false,
001d9af0,FUN_001d9af0,206,false,
001d9bc0,FUN_001d9bc0,374,false,
001d9d40,FUN_001d9d40,1017,false,
001da140,FUN_001da140,19,false,
001da160,FUN_001da160,145,false,
001da620,FUN_001da620,77,false,
001da670,FUN_001da670,77,false,
001da6c0,FUN_001da6c0,77,false,
001da710,FUN_001da710,77,false,
001da760,FUN_001da760,2184,false,
001daba0,FUN_001daba0,24,false,
001dabc0,FUN_001dabc0,6,false,
001dabd0,FUN_001dabd0,34,false,
001dac30,FUN_001dac30,6,false,
001dac40,FUN_001dac40,36,false,
001dac70,RwEngineStop,114,false,community
001dacf0,RwEngineStart,195,false,community
001dadc0,RwEngineClose,91,false,community
001dae20,RwEngineTerm,49,false,community
001dae60,CorePluginAttach,560,false,community
001db090,rwDeviceSystemRequest,191,false,community
001db150,_RwEngineOpen,170,false,community
001db200,RwEngineInit,192,false,community
001dba70,FUN_001dba70,245,false,
001dbb70,FUN_001dbb70,94,false,
001dbbd0,FUN_001dbbd0,107,false,
001dbc40,FUN_001dbc40,39,false,
001dbcc0,FUN_001dbcc0,36,false,
001dbd50,_RwXboxSetRenderTarget,57,false,community
001dbd90,FUN_001dbd90,79,false,
001dc2d0,__rwXbRasterLockPalette,139,false,community
001dc3c0,FUN_001dc3c0,737,false,
001dc700,FUN_001dc700,91,false,
001dc760,FUN_001dc760,325,false,
001dc8b0,FUN_001dc8b0,80,false,
001dc900,GlobalReAlloc,57,false,community
001dc940,FUN_001dc940,103,false,
001dc9b0,FUN_001dc9b0,333,false,
001dcb00,FUN_001dcb00,102,false,
001dced0,FUN_001dced0,112,false,
001dd020,FUN_001dd020,55,false,
001dd060,FUN_001dd060,19,false,
001dd080,FUN_001dd080,218,false,
001dd160,FUN_001dd160,48,false,
001dd190,FUN_001dd190,105,false,
001dd200,FUN_001dd200,19,false,
001dd220,FUN_001dd220,93,false,
001dd280,FUN_001dd280,31,false,
001dd2a0,FUN_001dd2a0,99,false,
001dd310,FUN_001dd310,25,false,
001dd330,FUN_001dd330,89,false,
001dd3a0,FUN_001dd3a0,40,false,
001dd3d0,FUN_001dd3d0,37,false,
001dd420,FUN_001dd420,55,false,
001dd490,FUN_001dd490,89,false,
001dd4f0,FUN_001dd4f0,370,false,
001dd670,FUN_001dd670,119,false,
001dd760,thunk_FUN_001dbcc0,5,true,xbsymboldb
001dd770,FUN_001dd770,51,false,
001dd7b0,FUN_001dd7b0,51,false,
001dd7f0,FUN_001dd7f0,287,false,
001dd910,FUN_001dd910,454,false,
001ddb40,FUN_001ddb40,1454,false,
001de0f0,FUN_001de0f0,145,false,
001de190,FUN_001de190,560,false,
001de6c0,_rwDeviceGetHandle,6,false,community
001de6d0,FUN_001de6d0,23,false,
001de6f0,FUN_001de6f0,27,false,
001de710,FUN_001de710,56,false,
001de750,RwRasterRegisterPlugin,39,false,community
001de780,FUN_001de780,36,false,
001de7b0,FUN_001de7b0,48,false,
001de7e0,FUN_001de7e0,42,false,
001de810,FUN_001de810,91,false,
001de870,_RwRasterCreate,143,false,community
001de900,FUN_001de900,45,false,
001dea90,_RwStreamRead,320,false,community
001debe0,_RwImageSetPath,428,false,community
001deda0,FUN_001deda0,251,false,
001deeb0,RwaSPU2RemoteIOPFopsReadToEE,6,false,community
001deef0,rwFileSystemOpen,116,false,community
001def70,FUN_001def70,46,false,
001defa0,FUN_001defa0,46,false,
001defd0,FUN_001defd0,95,false,
001df110,FUN_001df110,130,false,
001df1a0,FUN_001df1a0,84,false,
001df200,FUN_001df200,84,false,
001df260,_RwImageAllocatePixels,186,false,community
001df320,FUN_001df320,33,false,
001df350,_RwImageMakeMask,171,false,community
001df410,FUN_001df410,291,false,
001df540,FUN_001df540,46,false,
001df570,FUN_001df570,196,false,
001df640,FUN_001df640,123,false,
001df6c0,FUN_001df6c0,38,false,
001df6f0,FUN_001df6f0,162,false,
001df7a0,FUN_001df7a0,276,false,
001df8c0,FUN_001df8c0,67,false,
001df910,_RwImageGammaCorrect,259,false,community
001dfa20,RwImageSetGamma,174,false,community
001dfc80,FUN_001dfc80,79,false,
001dfcd0,_RwImageApplyMask,439,false,community
001dfe90,FUN_001dfe90,128,false,
001e0130,FUN_001e0130,560,false,
001e0360,FUN_001e0360,91,false,
001e03c0,FUN_001e03c0,209,false,
001e04e0,_RwMatrixOptimize,340,false,community
001e0640,FUN_001e0640,12,false,
001e0650,_RwMatrixMultiply,239,false,community
001e0740,FUN_001e0740,280,false,
001e0900,FUN_001e0900,76,false,
001e0950,FUN_001e0950,29,false,
001e0970,__rwFreeListEnable,10,false,community
001e0980,FUN_001e0980,85,false,
001e09e0,RwFreeListDestroy,34,false,community
001e0b40,FUN_001e0b40,168,false,
001e0bf0,FUN_001e0bf0,138,false,
001e0c80,_RwFreeListForAllUsed,250,false,community
001e0d80,FUN_001e0d80,51,false,
001e0e00,RwOsGetMemoryInterface,6,false,community
001e0e10,FUN_001e0e10,94,false,
001e0e70,FUN_001e0e70,315,false,
001e0fb0,FUN_001e0fb0,32,false,
001e0fd0,RwFreeListCreateAndPreallocateSpace,37,false,community
001e1000,thunk_FUN_001e0e10,5,true,xbsymboldb
001e1010,FUN_001e1010,92,false,
001e1070,rwMemoryOpen,105,false,community
001e10e0,__rwStreamReadChunkHeader,180,false,community
001e11a0,FUN_001e11a0,81,false,
001e1200,__rwStringStreamFindAndRead,246,false,community
001e1300,FUN_001e1300,28,false,
001e1320,FUN_001e1320,80,false,
001e1370,FUN_001e1370,168,false,
001e1450,FUN_001e1450,119,false,
001e14d0,FUN_001e14d0,78,false,
001e1530,FUN_001e1530,162,false,
001e15e0,FUN_001e15e0,65,false,
001e1630,FUN_001e1630,88,false,
001e1690,FUN_001e1690,57,false,
001e1710,RwErrorSet,83,false,community
001e1770,rwPluginRegistryOpen,61,false,community
001e17f0,__rwPluginRegistryClose,187,false,community
001e18b0,FUN_001e18b0,57,false,
001e18f0,RwEngineRegisterPlugin,505,false,community
001e1af0,rwPluginRegistryInitObject,83,false,community
001e1b50,rwPluginRegistryDeInitObject,45,false,community
001e1b80,FUN_001e1b80,185,false,
001e1c70,_RwResourcesFreeResEntry,96,false,community
001e1cd0,__rwResourcesPurge,95,false,community
001e1d30,FUN_001e1d30,365,false,
001e1ea0,RwResourcesEmptyArena,181,false,community
001e1fb0,FUN_001e1fb0,49,false,
001e1ff0,FUN_001e1ff0,419,false,
001e2390,FUN_001e2390,233,false,
001e2480,FUN_001e2480,458,false,
001e2650,FUN_001e2650,734,false,
001e2bb0,FUN_001e2bb0,102,false,
001e2c20,FUN_001e2c20,73,false,
001e2c70,FUN_001e2c70,106,false,
001e2ce0,FUN_001e2ce0,67,false,
001e2d30,FUN_001e2d30,86,false,
001e2d90,FUN_001e2d90,30,false,
001e2db0,FUN_001e2db0,98,false,
001e2e20,FUN_001e2e20,98,false,
001e2e90,FUN_001e2e90,62,false,
001e2ed0,FUN_001e2ed0,32,false,
001e2ef0,_RwTextureSetMaskName,581,false,community
001e36f0,FUN_001e36f0,101,false,
001e3a90,rwStringOpen,176,false,community
001e3bd0,__rwXbMemoryPhysicalFree,649,false,community
001e3e60,FUN_001e3e60,91,false,
001e3ec0,FUN_001e3ec0,163,false,
001e3f70,FUN_001e3f70,296,false,
001e40a0,FUN_001e40a0,89,false,
001e4100,FUN_001e4100,20,false,
001e4120,__rwXbMemoryManagerClose,141,false,community
001e41b0,__rwXbMemoryPhysicalAlloc,680,false,community
001e4460,_RwXbCreateVertexBuffer,126,false,community
001e44e0,_RwXboxLockDynamicVertexBuffer,482,false,community
001e46d0,FUN_001e46d0,155,false,
001e4770,FUN_001e4770,21,false,
001e4790,FUN_001e4790,42,false,
001e47c0,FUN_001e47c0,42,false,
001e47f0,FUN_001e47f0,57,false,
001e4830,FUN_001e4830,55,false,
001e48e0,FUN_001e48e0,441,false,
001e4aa0,FUN_001e4aa0,40,false,
001e4ad0,FUN_001e4ad0,40,false,
001e4b00,FUN_001e4b00,57,false,
001e4b40,FUN_001e4b40,44,false,
001e4be0,__rwXbPixelToRGB,391,false,community
001e4d70,FUN_001e4d70,187,false,
001e4e30,FUN_001e4e30,538,false,
001e5080,FUN_001e5080,531,false,
001e53c0,FUN_001e53c0,174,false,
001e5470,FUN_001e5470,175,false,
001e5520,FUN_001e5520,73,false,
001e5570,FUN_001e5570,240,false,
001e5670,FUN_001e5670,251,false,
001e5770,FUN_001e5770,250,false,
001e5870,__rwXbRasterSetFromImage,335,false,community
001e59f0,FUN_001e59f0,227,false,
001e5ae0,__rwXbImageFindRasterFormat,296,false,community
001e5c80,FUN_001e5c80,76,false,
001e5cd0,FUN_001e5cd0,147,false,
001e5d70,FUN_001e5d70,521,false,
001e6490,FUN_001e6490,634,false,
001e6710,__rwXbNativeTextureGetSize,155,false,community
001e67b0,__rwXbNativeTextureWrite,675,false,community
001e6a60,__rwXbNativeTextureRead,1086,false,community
001e6eb0,FUN_001e6eb0,1544,false,
001e74c0,FUN_001e74c0,303,false,
001e75f0,FUN_001e75f0,239,false,
001e7790,__rwXbRasterClearGeneric,725,false,community
001e7ad0,FUN_001e7ad0,50,false,
001e7b20,FUN_001e7b20,648,false,
001e7db0,FUN_001e7db0,578,false,
001e8000,FUN_001e8000,352,false,
001e8160,FUN_001e8160,246,false,
001e8260,__rwpathisabsolute,41,false,community
001e8290,rxPipelineClose,82,false,community
001e82f0,rxPipelineOpen,174,false,community
001e83a0,FUN_001e83a0,553,false,
001e85d0,FUN_001e85d0,99,false,
001e8640,FUN_001e8640,103,false,
001e86b0,FUN_001e86b0,89,false,
001e8710,FUN_001e8710,69,false,
001e8760,rwResHeapClose,6,false,community
001e8770,__rwResHeapFree,125,false,community
001e87f0,FUN_001e87f0,129,false,
001e8880,FUN_001e8880,154,false,
001e8920,FUN_001e8920,123,false,
001e89a0,FUN_001e89a0,108,false,
001e8a10,FUN_001e8a10,80,false,
001e8a60,FUN_001e8a60,176,false,
001e8b10,rwIm3DCreatePlatformTransformPipeline,103,false,community
001e8b80,rwIm3DDestroyPlatformTransformPipeline,38,false,community
001e8bb0,rwIm3DDestroyPlatformRenderPipelines,83,false,community
001e8c10,rwIm3DCreatePlatformRenderPipelines,153,false,community
001e8cb0,FUN_001e8cb0,251,false,
001e8db0,FUN_001e8db0,309,false,
001e8ef0,FUN_001e8ef0,179,false,
001e8fb0,FUN_001e8fb0,88,false,
001e9010,FUN_001e9010,166,false,
001e90c0,FUN_001e90c0,1001,false,
001e94c0,FUN_001e94c0,351,false,
001e9620,FUN_001e9620,466,false,
001e9800,FUN_001e9800,603,false,
001e9a60,FUN_001e9a60,221,false,
001e9b40,FUN_001e9b40,530,false,
001e9d60,FUN_001e9d60,67,false,
001e9db0,FUN_001e9db0,97,false,
001e9e20,FUN_001e9e20,54,false,
001e9e60,FUN_001e9e60,1209,false,
001ea320,__rwPalQuantMatchImage,1140,false,community
001ea7a0,FUN_001ea7a0,213,false,
001ea880,FUN_001ea880,78,false,
001ea8d0,FUN_001ea8d0,53,false,
001ea910,FUN_001ea910,236,false,
001eaa00,FUN_001eaa00,84,false,
001eaa60,FUN_001eaa60,90,false,
001eaac0,FUN_001eaac0,103,false,
001eab30,FUN_001eab30,257,false,
001eac40,FUN_001eac40,455,false,
001eae10,FUN_001eae10,72,false,
001eae60,FUN_001eae60,302,false,
001eaf90,FUN_001eaf90,110,false,
001eb000,FUN_001eb000,474,false,
001eb1e0,FUN_001eb1e0,45,false,
001eb210,FUN_001eb210,259,false,
001eb320,FUN_001eb320,967,false,
001eb6f0,FUN_001eb6f0,268,false,
001eb800,FUN_001eb800,486,false,
001eb9f0,FUN_001eb9f0,1130,false,
001ebe80,FUN_001ebe80,6,false,
001ebe90,FUN_001ebe90,6,false,
001ebea0,FUN_001ebea0,120,false,
001ebf20,FUN_001ebf20,277,false,
001ec040,FUN_001ec040,106,false,
001ec0b0,FUN_001ec0b0,934,false,
001ec460,FUN_001ec460,742,false,
001ec750,FUN_001ec750,456,false,
001ec920,FUN_001ec920,149,false,
001ec9c0,FUN_001ec9c0,85,false,
001eca20,FUN_001eca20,63,false,
001eca60,FUN_001eca60,141,false,
001ecb20,FUN_001ecb20,607,false,
001ecd90,FUN_001ecd90,91,false,
001ecdf0,FUN_001ecdf0,278,false,
001ecf10,FUN_001ecf10,126,false,
001ecf90,FUN_001ecf90,235,false,
001ed140,FUN_001ed140,89,false,
001ed1a0,FUN_001ed1a0,39,false,
001ed1d0,FUN_001ed1d0,34,false,
001ed200,FUN_001ed200,235,false,
001ed2f0,FUN_001ed2f0,118,false,
001ed370,FUN_001ed370,60,false,
001ed410,FUN_001ed410,341,false,
001ed570,FUN_001ed570,330,false,
001ed770,FUN_001ed770,75,false,
001ed7c0,FUN_001ed7c0,63,false,
001ed800,FUN_001ed800,73,false,
001ed850,FUN_001ed850,73,false,
001ed8a0,FUN_001ed8a0,124,false,
001ed920,FUN_001ed920,39,false,
001ed950,FUN_001ed950,39,false,
001ed980,FUN_001ed980,34,false,
001eda60,FUN_001eda60,18,false,
001eda80,FUN_001eda80,103,false,
001edba0,FUN_001edba0,39,false,
001edbd0,FUN_001edbd0,34,false,
001edc00,FUN_001edc00,20,false,
001edd00,FUN_001edd00,53,false,
001edd40,FUN_001edd40,337,false,
001edea0,FUN_001edea0,470,false,
001ee080,FUN_001ee080,69,false,
001ee0d0,FUN_001ee0d0,338,false,
001ee230,FUN_001ee230,119,false,
001ee2b0,FUN_001ee2b0,121,false,
001ee330,FUN_001ee330,271,false,
001ee440,FUN_001ee440,250,false,
001ee540,FUN_001ee540,736,false,
001ee830,FUN_001ee830,2088,false,
001ef060,FUN_001ef060,612,false,
001ef2d0,FUN_001ef2d0,1075,false,
001ef8f0,FUN_001ef8f0,96,false,
001ef950,FUN_001ef950,330,false,
001efb60,FUN_001efb60,81,false,
001efdb0,FUN_001efdb0,16,false,
001efdc0,FUN_001efdc0,586,false,
001f0030,FUN_001f0030,36,false,
001f0120,FUN_001f0120,35,false,
001f0150,FUN_001f0150,42,false,
001f0180,FUN_001f0180,26,false,
001f01a0,FUN_001f01a0,14,false,
001f01b0,FUN_001f01b0,70,false,
001f03e0,FUN_001f03e0,140,false,
001f04a0,FUN_001f04a0,549,false,
001f06d0,FUN_001f06d0,27,false,
001f06f0,FUN_001f06f0,27,false,
001f0710,FUN_001f0710,15,false,
001f0720,FUN_001f0720,51,false,
001f0760,FUN_001f0760,82,false,
001f07c0,FUN_001f07c0,14,false,
001f07d0,FUN_001f07d0,39,false,
001f0800,FUN_001f0800,16,false,
001f0810,FUN_001f0810,106,false,
001f0880,FUN_001f0880,63,false,
001f08c0,FUN_001f08c0,106,false,
001f0930,FUN_001f0930,56,false,
001f0970,FUN_001f0970,60,false,
001f09b0,FUN_001f09b0,62,false,
001f09f0,FUN_001f09f0,60,false,
001f0a30,FUN_001f0a30,62,false,
001f0ab0,FUN_001f0ab0,805,false,
001f0de0,FUN_001f0de0,39,false,
001f0e10,FUN_001f0e10,51,false,
001f0ea0,FUN_001f0ea0,46,false,
001f0f50,FUN_001f0f50,39,false,
001f0f80,FUN_001f0f80,34,false,
001f0fb0,FUN_001f0fb0,100,false,
001f1020,FUN_001f1020,56,false,
001f1060,FUN_001f1060,60,false,
001f10a0,FUN_001f10a0,62,false,
001f1190,FUN_001f1190,39,false,
001f11c0,FUN_001f11c0,34,false,
001f11f0,FUN_001f11f0,91,false,
001f1250,FUN_001f1250,185,false,
001f1310,FUN_001f1310,392,false,
001f14a0,FUN_001f14a0,26,false,
001f14c0,FUN_001f14c0,35,false,
001f14f0,FUN_001f14f0,41,false,
001f1520,FUN_001f1520,34,false,
001f1550,FUN_001f1550,35,false,
001f1580,FUN_001f1580,52,false,
001f15c0,FUN_001f15c0,91,false,
001f1630,FUN_001f1630,103,false,
001f16a0,FUN_001f16a0,23,false,
001f1770,FUN_001f1770,600,false,
001f1e00,FUN_001f1e00,1296,false,
001f2340,FUN_001f2340,467,false,
001f2540,FUN_001f2540,84,false,
001f25a0,FUN_001f25a0,1370,false,
001f2b00,FUN_001f2b00,1375,false,
001f31d0,FUN_001f31d0,13,false,
001f31f0,FUN_001f31f0,96,false,
001f3260,FUN_001f3260,589,false,
001f3870,FUN_001f3870,169,false,
001f3940,FUN_001f3940,54,false,
001f3980,FUN_001f3980,87,false,
001f39e0,FUN_001f39e0,73,false,
001f3a30,FUN_001f3a30,40,false,
001f3a60,FUN_001f3a60,36,false,
001f3d30,FUN_001f3d30,6,false,
001f3d40,FUN_001f3d40,630,false,
001f3fc0,FUN_001f3fc0,387,false,
001f4150,FUN_001f4150,196,false,
001f4220,FUN_001f4220,398,false,
001f43b0,FUN_001f43b0,612,false,
001f4710,FUN_001f4710,757,false,
001f4a40,FUN_001f4a40,6,false,
001f4a50,FUN_001f4a50,78,false,
001f4aa0,FUN_001f4aa0,30,false,
001f4b40,FUN_001f4b40,860,false,
001f4ea0,FUN_001f4ea0,337,false,
001f5000,FUN_001f5000,392,false,
001f5190,FUN_001f5190,1240,false,
001f5670,FUN_001f5670,43,false,
001f56a0,FUN_001f56a0,10,false,
001f56b0,FUN_001f56b0,10,false,
001f5740,RwaCoreOpenCodeModules,102,false,community
001f5810,RwaCoreUpdateStart,36,false,community
001f5840,RwaCoreUpdateFinish,38,false,community
001f5880,RwaCoreRegisterDefaultObjects,62,false,community
001f58c0,RwaSizeOf,110,false,community
001f5990,rwaCoreOpen,105,false,community
001f5a00,FUN_001f5a00,15,false,
001f5a10,FUN_001f5a10,19,false,
001f5a30,FUN_001f5a30,37,false,
001f5a60,FUN_001f5a60,56,false,
001f5aa0,FUN_001f5aa0,45,false,
001f5b10,RwaObjInit,206,false,community
001f5c00,RwaObjEnum,60,false,community
001f5c40,rwaObjStartExecute,98,false,community
001f5cb0,rwaObjFinishExecute,98,false,community
001f5d40,RwaObjDisconnectParamIndex,238,false,community
001f5e30,RwaObjGetTopLevelObject,6,false,community
001f5e40,rwaObjCalcSize,183,false,community
001f5f00,FUN_001f5f00,41,false,
001f5f30,RwaObjDestroy,214,false,community
001f6050,RwaHeapCreate,593,false,community
001f6340,FUN_001f6340,15,false,
001f6350,FUN_001f6350,32,false,
001f6370,FUN_001f6370,53,false,
001f63b0,FUN_001f63b0,55,false,
001f63f0,rwaWaveDictCreate,125,false,community
001f6470,FUN_001f6470,43,false,
001f64a0,FUN_001f64a0,28,false,
001f64c0,RwaObjInterfaceDefAssignID,34,false,community
001f64f0,RwaWaveDictForAllWaves,58,false,community
001f6530,FUN_001f6530,31,false,
001f6550,FUN_001f6550,62,false,
001f6590,RwaHeapBlockFree,16,false,community
001f65a0,FUN_001f65a0,16,false,
001f65b0,FUN_001f65b0,51,false,
001f65f0,FUN_001f65f0,6,false,
001f6600,FUN_001f6600,46,false,
001f6630,FUN_001f6630,43,false,
001f6660,FUN_001f6660,27,false,
001f6720,FUN_001f6720,208,false,
001f6890,FUN_001f6890,49,false,
001f68d0,FUN_001f68d0,20,false,
001f6930,RwaWaveDictStreamHeaderByteSwap,234,false,community
001f6a20,FUN_001f6a20,93,false,
001f6a80,FUN_001f6a80,19,false,
001f6ad0,FUN_001f6ad0,23,false,
001f6b20,RwaWaveDictFixup,275,false,community
001f6c40,FUN_001f6c40,86,false,
001f6ca0,rwaWaveDictLoaderLoadData,159,false,community
001f6d40,FUN_001f6d40,248,false,
001f6e40,FUN_001f6e40,112,false,
001f6eb0,rwaWaveDictLoaderLoadWaves,518,false,community
001f70c0,FUN_001f70c0,131,false,
001f7150,FUN_001f7150,36,false,
001f7180,RwaVirtualListenerUnregister,43,false,community
001f71b0,FUN_001f71b0,186,false,
001f74c0,FUN_001f74c0,562,false,
001f7700,FUN_001f7700,121,false,
001f77c0,FUN_001f77c0,50,false,
001f7800,FUN_001f7800,10,false,
001f7810,FUN_001f7810,40,false,
001f7840,FUN_001f7840,368,false,
001f79b0,FUN_001f79b0,219,false,
001f7a90,FUN_001f7a90,33,false,
001f7af0,FUN_001f7af0,194,false,
001f7bc0,FUN_001f7bc0,928,false,
001f8260,FUN_001f8260,561,false,
001f8520,FUN_001f8520,39,false,
001f8550,RwaObjDefAssignID,34,false,community
001f8580,FUN_001f8580,32,false,
001f85a0,FUN_001f85a0,154,false,
001f8640,FUN_001f8640,65,false,
001f8690,rwaObjDefFreeObj,134,false,community
001f8720,rwaObjDefCreateSupported,38,false,community
001f8750,FUN_001f8750,172,false,
001f8800,FUN_001f8800,82,false,
001f8880,RwaObjDefParamsFree,141,false,community
001f8910,FUN_001f8910,95,false,
001f8970,RwaObjDefDestroy,208,false,community
001f8a40,FUN_001f8a40,194,false,
001f8b10,FUN_001f8b10,81,false,
001f8b70,FUN_001f8b70,281,false,
001f8c90,FUN_001f8c90,150,false,
001f8d70,FUN_001f8d70,167,false,
001f8e20,RwaObjDefCreate,280,false,community
001f9050,FUN_001f9050,39,false,
001f9130,FUN_001f9130,24,false,
001f9170,FUN_001f9170,175,false,
001f9220,FUN_001f9220,233,false,
001f9310,rwaStreamSetLoopSegment,53,false,community
001f9350,FUN_001f9350,112,false,
001f93c0,rwaStreamSetPlayState,53,false,community
001f9400,FUN_001f9400,11,false,
001f9410,FUN_001f9410,66,false,
001f9460,FUN_001f9460,59,false,
001f94a0,FUN_001f94a0,302,false,
001f9670,FUN_001f9670,31,false,
001f9970,FUN_001f9970,656,false,
001f9d00,FUN_001f9d00,117,false,
001f9d80,FUN_001f9d80,83,false,
001f9de0,RwaWaveFormatGetFrameSize,242,false,community
001f9ee0,FUN_001f9ee0,40,false,
001f9f10,FUN_001f9f10,47,false,
001f9f40,FUN_001f9f40,125,false,
001f9fc0,FUN_001f9fc0,70,false,
001fa010,FUN_001fa010,93,false,
001fa070,FUN_001fa070,83,false,
001fa0d0,FUN_001fa0d0,54,false,
001fa110,FUN_001fa110,32,false,
001fa130,rwaWaveDefIsTargetFormatSupported,132,false,community
001fa1c0,FUN_001fa1c0,52,false,
001fa200,FUN_001fa200,12,false,
001fa210,RwaWaveFormatGetSamplesPerAudioFrame,364,false,community
001fa380,FUN_001fa380,186,false,
001fa440,FUN_001fa440,41,false,
001fa470,FUN_001fa470,182,false,
001fa530,RwaWaveDefFindByUUID,48,false,community
001fa560,FUN_001fa560,614,false,
001fa7d0,RwaWaveFormatGetSamples,156,false,community
001fa8f0,FUN_001fa8f0,72,false,
001fa940,rwaWaveSetTargetFormat,262,false,community
001faa50,RwaWaveCreateLoadedWave,176,false,community
001fab00,FUN_001fab00,132,false,
001fab90,FUN_001fab90,29,false,
001fabb0,FUN_001fabb0,17,false,
001fabd0,FUN_001fabd0,219,false,
001facb0,FUN_001facb0,35,false,
001face0,FUN_001face0,12,false,
001facf0,FUN_001facf0,408,false,
001fae90,FUN_001fae90,259,false,
001fafa0,FUN_001fafa0,39,false,
001fafd0,RwaVirtualVoiceUnregister,43,false,community
001fb0a0,RwaVirtualVoiceStartExecute,75,false,community
001fb100,FUN_001fb100,62,false,
001fb140,FUN_001fb140,87,false,
001fb1a0,FUN_001fb1a0,33,false,
001fb550,FUN_001fb550,65,false,
001fb720,RwaVirtualVoiceRegisterCommon,576,false,community
001fb960,RwaVirtualVoiceRegisterUsingInterface,121,false,community
001fba20,RwaObjHandleRelease,184,false,community
001fbae0,RwaObjHandleSetParamData,46,false,community
001fbb10,FUN_001fbb10,44,false,
001fbb40,RwaObjHandleSetParamReal,34,false,community
001fbb70,RwaObjHandleSetParamPointer,54,false,community
001fbbb0,FUN_001fbbb0,50,false,
001fbbf0,RwaObjHandleGetParamPointer,65,false,community
001fbc90,FUN_001fbc90,257,false,
001fbdf0,rwaVoiceManagerUpdateTimeStamp,101,false,community
001fbe70,FUN_001fbe70,433,false,
001fc030,RwaVoiceManagerRegisterVoice,59,false,community
001fc070,RwaVoiceManagerStopVoice,186,false,community
001fc130,RwaVoiceManagerReInsertVoice,611,false,community
001fc3a0,rwaVoiceManagerUpdate,666,false,community
001fc640,FUN_001fc640,65,false,
001fc690,RwaVoiceManagerUpdateVoice,53,false,community
001fc6f0,FUN_001fc6f0,66,false,
001fc930,RwaTimerGetValue,24,false,community
001fc950,RwaTimerGetFrequency,6,false,community
001fc980,FUN_001fc980,20,false,
001fc9a0,FUN_001fc9a0,73,false,
001fc9f0,FUN_001fc9f0,8,false,
001fca50,FUN_001fca50,748,false,
001fcd40,FUN_001fcd40,77,false,
001fce00,FUN_001fce00,171,false,
001fceb0,FUN_001fceb0,235,false,
001fcfa0,thunk_FUN_001fceb0,5,true,xbsymboldb
001fcfb0,FUN_001fcfb0,47,false,
001fcfe0,FUN_001fcfe0,247,false,
001fd130,FUN_001fd130,157,false,
001fd1d0,FUN_001fd1d0,81,false,
001fd230,FUN_001fd230,75,false,
001fd280,FUN_001fd280,52,false,
001fd300,rwaObjInterfaceRegister,44,false,community
001fd330,RwaObjInterfaceRemove,56,false,community
001fd370,FUN_001fd370,250,false,
001fd480,RwaObjInterfaceDefSetup,284,false,community
001fd5a0,RwaObjInterfaceDefCreate,121,false,community
001fd620,FUN_001fd620,153,false,
001fd6c0,FUN_001fd6c0,74,false,
001fd770,FUN_001fd770,557,false,
001fd9a0,FUN_001fd9a0,56,false,
001fd9e0,FUN_001fd9e0,56,false,
001fda20,FUN_001fda20,47,false,
001fda50,RwaParamTypeDestroy,87,false,community
001fdb80,FUN_001fdb80,46,false,
001fdbb0,FUN_001fdbb0,315,false,
001fdcf0,FUN_001fdcf0,175,false,
001fde10,rwaParamTypeCreateByTypeDefs,349,false,community
001fe0e0,FUN_001fe0e0,46,false,
001fe110,FUN_001fe110,36,false,
001fe140,FUN_001fe140,43,false,
001fe170,FUN_001fe170,66,false,
001fe1c0,FUN_001fe1c0,25,false,
001fe1e0,FUN_001fe1e0,53,false,
001fe220,FUN_001fe220,78,false,
001fe270,RwaUUIDCompare,38,false,community
001fe2a0,RwaUUIDByteSwap,115,false,community
001fe320,FUN_001fe320,89,false,
001fe3d0,rwaUniqueIDInitialize,15,false,community
001fe3e0,FUN_001fe3e0,58,false,
001fe420,FUN_001fe420,83,false,
001fe480,rwaUniqueIDAssignName,51,false,community
001fe4c0,rwaUniqueIDAssignUUID,54,false,community
001fe500,rwaUniqueIDFreeData,75,false,community
001fe590,FUN_001fe590,139,false,
001fe620,FUN_001fe620,60,false,
001fe660,FUN_001fe660,76,false,
001fe6b0,RwaHeapDestroy,85,false,community
001fe710,FUN_001fe710,89,false,
001fe770,rwaFree,112,false,community
001fe820,FUN_001fe820,221,false,
001fe900,RwaFreeListAlloc,282,false,community
001fea30,RwaFreeListFree,213,false,community
001feb10,FUN_001feb10,82,false,
001feb70,RwaFreeListDestroy,29,false,community
001febf0,RwaFreeListCreate,285,false,community
001fed80,rwaMalloc,6,false,community
001fed90,FUN_001fed90,44,false,
001fedc0,RwaHeapFree,6,false,community
001fedd0,FUN_001fedd0,6,false,
001fee90,rwaFreeAligned,17,false,community
001feeb0,RwaWaveRendererSubCreateGlobalNULLPacket,65,false,community
001fef00,FUN_001fef00,60,false,
001fef90,FUN_001fef90,82,false,
001ff120,FUN_001ff120,85,false,
001ff180,FUN_001ff180,62,false,
001ff270,XboxGetSystemTime,33,false,community
001ff2a0,FUN_001ff2a0,16,false,
001ff2b0,FUN_001ff2b0,61,false,
001ff360,FUN_001ff360,77,false,
001ff3b0,FUN_001ff3b0,67,false,
001ff560,FUN_001ff560,15,false,
001ff570,FUN_001ff570,61,false,
001ff5b0,FUN_001ff5b0,44,false,
001ff5e0,FUN_001ff5e0,178,false,
001ff790,FUN_001ff790,62,false,
001ff7d0,FUN_001ff7d0,110,false,
001ff840,FUN_001ff840,529,false,
001ffa60,FUN_001ffa60,164,false,
001ffb10,FUN_001ffb10,545,false,
001ffd40,FUN_001ffd40,55,false,
001ffd80,RwaEndianCopy,118,false,community
001ffe00,FUN_001ffe00,127,false,
001ffe80,FUN_001ffe80,128,false,
001fff00,RwaFindLSB,28,false,community
001fff20,FUN_001fff20,68,false,
001fff70,FUN_001fff70,14,false,
001fff80,FUN_001fff80,68,false,
001fffd0,FUN_001fffd0,14,false,
001fffe0,RwaObjDefAliasDestroy,29,false,community
00200010,rwaSymbolTableInit,15,false,community
00200030,FUN_00200030,12,false,
002000b0,FUN_002000b0,78,false,
00200100,rwaSymbolTableFindParamTypeFirstDepend,48,false,community
00200130,SkyUpLoadAlignedRectangle,61,false,community
00200200,FUN_00200200,124,false,
00200280,FUN_00200280,53,false,
002002f0,FUN_002002f0,80,false,
00200340,FUN_00200340,281,false,
00200470,FUN_00200470,40,false,
002004b0,FUN_002004b0,124,false,
00200540,FUN_00200540,89,false,
002005d0,FUN_002005d0,71,false,
00200640,FUN_00200640,59,false,
00200680,FUN_00200680,92,false,
002006e0,FUN_002006e0,715,false,
002009b0,FUN_002009b0,191,false,
00200a70,FUN_00200a70,129,false,
00200b00,FUN_00200b00,168,false,
00200bd0,FUN_00200bd0,109,false,
00200c40,FUN_00200c40,48,false,
00200c70,FUN_00200c70,81,false,
00200cd0,FUN_00200cd0,82,false,
00200d30,FUN_00200d30,207,false,
00200e00,FUN_00200e00,12,false,
00200e10,FUN_00200e10,124,false,
00200e90,FUN_00200e90,587,false,
002010e0,FUN_002010e0,202,false,
002011b0,FUN_002011b0,743,false,
002014a0,FUN_002014a0,82,false,
00201500,FUN_00201500,1617,false,
00201b60,FUN_00201b60,226,false,
00201c50,FUN_00201c50,71,false,
00201ca0,FUN_00201ca0,323,false,
00201df0,FUN_00201df0,118,false,
00201e70,FUN_00201e70,32,false,
00201e90,FUN_00201e90,40,false,
00201ec0,FUN_00201ec0,44,false,
00201ef0,FUN_00201ef0,15,false,
00201f00,FUN_00201f00,32,false,
00201f20,FUN_00201f20,86,false,
00201f80,rwaStreamContainerCommandSetLoopSegment,15,false,community
00201f90,FUN_00201f90,18,false,
00201fd0,FUN_00201fd0,124,false,
00202050,FUN_00202050,71,false,
002020a0,FUN_002020a0,71,false,
002020f0,FUN_002020f0,43,false,
00202120,FUN_00202120,15,false,
00202150,FUN_00202150,105,false,
002021c0,FUN_002021c0,32,false,
002021e0,FUN_002021e0,15,false,
002021f0,FUN_002021f0,18,false,
00202210,FUN_00202210,35,false,
00202240,FUN_00202240,35,false,
00202270,FUN_00202270,39,false,
002022a0,FUN_002022a0,29,false,
002022c0,FUN_002022c0,33,false,
002022f0,FUN_002022f0,29,false,
00202310,FUN_00202310,55,false,
00202350,FUN_00202350,24,false,
00202370,FUN_00202370,11,false,
00202380,FUN_00202380,73,false,
00202410,FUN_00202410,59,false,
00202450,FUN_00202450,68,false,
002024a0,FUN_002024a0,241,false,
002025a0,FUN_002025a0,12,false,
002025b0,FUN_002025b0,87,false,
00202610,FUN_00202610,89,false,
00202670,FUN_00202670,135,false,
00202700,FUN_00202700,1465,false,
00202cf0,FUN_00202cf0,423,false,
00202ea0,FUN_00202ea0,277,false,
00202fc0,FUN_00202fc0,180,false,
00203080,FUN_00203080,519,false,
00203290,FUN_00203290,371,false,
00203410,FUN_00203410,80,false,
00203460,FUN_00203460,44,false,
00203490,FUN_00203490,41,false,
002034c0,FUN_002034c0,41,false,
002034f0,_RwMatrixTranslate,284,false,community
00203610,FUN_00203610,744,false,
00203910,FUN_00203910,2765,false,
002043f0,FUN_002043f0,574,false,
00204630,RwaSemaphoreCreate,32,false,community
00204650,FUN_00204650,32,false,
00204670,FUN_00204670,39,false,
002046d0,FUN_002046d0,58,false,
00204710,FUN_00204710,11,false,
00204720,FUN_00204720,665,false,
002049d0,FUN_002049d0,384,false,
00204b60,FUN_00204b60,38,false,
00204b90,FUN_00204b90,28,false,
00204bb0,FUN_00204bb0,811,false,
00204ef0,FUN_00204ef0,156,false,
00204f90,FUN_00204f90,100,false,
00205000,FUN_00205000,481,false,
002051f0,FUN_002051f0,822,false,
00205560,FUN_00205560,999,false,
00205ad0,FUN_00205ad0,315,false,
00205c10,FUN_00205c10,367,false,
00205d80,FUN_00205d80,2153,false,
00206600,FUN_00206600,460,false,
002067d0,FUN_002067d0,217,false,
002068b0,FUN_002068b0,1129,false,
00206d30,FUN_00206d30,325,false,
00206e80,FUN_00206e80,207,false,
00206f50,FUN_00206f50,164,false,
00207000,FUN_00207000,123,false,
00207110,FUN_00207110,799,false,
00207760,FUN_00207760,189,false,
00207820,FUN_00207820,214,false,
00207900,FUN_00207900,310,false,
00207a40,FUN_00207a40,933,false,
00207df0,FUN_00207df0,68,false,
00207e40,RwaVirtualVoiceInterfaceUnregister,14,false,community
002080f0,FUN_002080f0,56,false,
00208130,FUN_00208130,124,false,
002081f0,FUN_002081f0,41,false,
002082d0,FUN_002082d0,24,false,
00208360,FUN_00208360,148,false,
00208400,FUN_00208400,596,false,
002086e0,FUN_002086e0,43,false,
002087b0,rwerror,5,false,community
002087c0,FUN_002087c0,45,false,
002087f0,FUN_002087f0,286,false,
002089c0,FUN_002089c0,45,false,
002089f0,FUN_002089f0,24,false,
00208bf0,FUN_00208bf0,583,false,
00208ea0,FUN_00208ea0,68,false,
00208ef0,FUN_00208ef0,14,false,
00208f20,FUN_00208f20,260,false,
00209030,FUN_00209030,145,false,
002090d0,FUN_002090d0,77,false,
00209120,FUN_00209120,253,false,
00209220,FUN_00209220,223,false,
00209300,FUN_00209300,107,false,
00209430,FUN_00209430,43,false,
00209490,FUN_00209490,52,false,
00209590,FUN_00209590,300,false,
002096c0,FUN_002096c0,589,false,
00209a40,FUN_00209a40,58,false,
00209a80,FUN_00209a80,14,false,
00209a90,FUN_00209a90,148,false,
00209b30,FUN_00209b30,138,false,
00209bc0,FUN_00209bc0,45,false,
00209bf0,FUN_00209bf0,873,false,
00209f70,FUN_00209f70,30,false,
00209f90,FUN_00209f90,42,false,
00209fc0,FUN_00209fc0,39,false,
00209ff0,RwaSPU2OutputCreate,39,false,community
0020a050,FUN_0020a050,61,false,
0020a1b0,FUN_0020a1b0,50,false,
0020a1f0,FUN_0020a1f0,12,false,
0020a200,FUN_0020a200,32,false,
0020a330,FUN_0020a330,108,false,
0020a3c0,FUN_0020a3c0,35,false,
0020a3f0,FUN_0020a3f0,322,false,
0020a540,FUN_0020a540,2521,false,
0020af20,FUN_0020af20,77,false,
0020b0e0,FUN_0020b0e0,576,false,
0020b3d0,RwaSPU2RegisterUsingInterface,120,false,community
0020b450,RwaSPU2VoiceCreate,39,false,community
0020b4b0,FUN_0020b4b0,149,false,
0020b550,FUN_0020b550,55,false,
0020b590,FUN_0020b590,128,false,
0020b610,FUN_0020b610,729,false,
0020b8f0,FUN_0020b8f0,721,false,
0020bc00,FUN_0020bc00,28,false,
0020bc20,FUN_0020bc20,28,false,
0020bc40,FUN_0020bc40,24,false,
0020bc60,FUN_0020bc60,24,false,
0020bc80,FUN_0020bc80,24,false,
0020bca0,FUN_0020bca0,8,false,
0020bcb0,FUN_0020bcb0,24,false,
0020bcd0,FUN_0020bcd0,8,false,
0020bce0,FUN_0020bce0,53,false,
0020bd20,FUN_0020bd20,14,false,
0020bd30,FUN_0020bd30,120,false,
0020bdb0,FUN_0020bdb0,11,false,
0020bdc0,FUN_0020bdc0,35,false,
0020bdf0,FUN_0020bdf0,155,false,
0020beb0,FUN_0020beb0,962,false,
0020c280,FUN_0020c280,11,false,
0020c290,FUN_0020c290,24,false,
0020c2b0,FUN_0020c2b0,30,false,
0020c2d0,FUN_0020c2d0,22,false,
0020ca50,FUN_0020ca50,1534,false,
0020d050,FUN_0020d050,91,false,
0020dc60,FUN_0020dc60,576,false,
0020df70,FUN_0020df70,39,false,
0020dfa0,thunk_FUN_001fab00,5,true,xbsymboldb
0020dfd0,FUN_0020dfd0,49,false,
0020e010,FUN_0020e010,242,false,
0020e1d0,FUN_0020e1d0,31,false,
0020e320,FUN_0020e320,72,false,
0020e430,FUN_0020e430,21,false,
0020e450,RwaSPU2OutputInterfaceRegister,68,false,community
0020e4a0,FUN_0020e4a0,14,false,
0020e4c0,FUN_0020e4c0,56,false,
0020e5d0,FUN_0020e5d0,97,false,
0020e750,FUN_0020e750,100,false,
0020e7c0,FUN_0020e7c0,187,false,
0020e880,FUN_0020e880,142,false,
0020e9d0,FUN_0020e9d0,43,false,
0020ea80,FUN_0020ea80,181,false,
0020eb60,FUN_0020eb60,1035,false,
0020ef80,FUN_0020ef80,168,false,
0020f690,FUN_0020f690,576,false,
0020f950,RwaSPU2VoiceInterfaceRegiste,68,false,community
0020f9a0,FUN_0020f9a0,14,false,
0020f9ae,XNetGetEthernetLinkStatus,72,true,xbsymboldb
0020f9f8,FUN_0020f9f8,69,false,
0020fa3d,FUN_0020fa3d,30,false,
0020fa6b,FUN_0020fa6b,152,false,
0020fb03,FUN_0020fb03,129,false,
0020fb84,FUN_0020fb84,226,false,
0020fc66,FUN_0020fc66,96,false,
0020fcc6,FUN_0020fcc6,96,false,
0020fd26,FUN_0020fd26,188,false,
0020fde2,FUN_0020fde2,616,false,
0021004a,FUN_0021004a,74,false,
00210094,FUN_00210094,101,false,
002100f9,FUN_002100f9,194,false,
002101bb,FUN_002101bb,180,false,
0021026f,FUN_0021026f,82,false,
002102c1,FUN_002102c1,52,false,
002102f5,XcspWriteFileSection,304,false,community
00210425,FUN_00210425,741,false,
0021070a,thunk_FUN_0020fa6b,5,true,xbsymboldb
00210710,FUN_00210710,145,false,
002107b0,FUN_002107b0,387,false,
00210940,FUN_00210940,104,false,
002109b0,FUN_002109b0,50,false,
002109f0,FUN_002109f0,142,false,
00210a80,FUN_00210a80,291,false,
00210bb0,FUN_00210bb0,133,false,
00210c40,FUN_00210c40,18,false,
00210c60,FUN_00210c60,29,false,
00210c80,FUN_00210c80,35,false,
00210cb0,FUN_00210cb0,11,false,
00210cc0,FUN_00210cc0,190,false,
00210d80,FUN_00210d80,92,false,
00210de0,FUN_00210de0,111,false,
00210e50,FUN_00210e50,28,false,
00210e70,FUN_00210e70,33,false,
00210ea0,FUN_00210ea0,83,false,
00210f00,FUN_00210f00,70,false,
00210f50,FUN_00210f50,194,false,
00211020,FUN_00211020,99,false,
00211090,FUN_00211090,178,false,
00211150,FUN_00211150,148,false,
002111f0,FUN_002111f0,36,false,
00211220,FUN_00211220,46,false,
00211250,FUN_00211250,31,false,
00211270,FUN_00211270,16,false,
00211280,FUN_00211280,38,false,
002112b0,FUN_002112b0,38,false,
002112e0,FUN_002112e0,38,false,
00211310,FUN_00211310,7,false,
00211320,FUN_00211320,19,false,
00211340,FUN_00211340,19,false,
00211360,FUN_00211360,19,false,
00211380,FUN_00211380,12,false,
00211390,FUN_00211390,26,false,
002113b0,FUN_002113b0,21,false,
002113d0,FUN_002113d0,19,false,
002113f0,FUN_002113f0,72,false,
00211440,FUN_00211440,19,false,
00211460,FUN_00211460,13,false,
00211470,FUN_00211470,39,false,
002114a0,FUN_002114a0,16,false,
002114b0,FUN_002114b0,80,false,
00211500,FUN_00211500,118,false,
00211580,FUN_00211580,49,false,
002115c0,FUN_002115c0,46,false,
002115f0,FUN_002115f0,23,false,
00211610,FUN_00211610,104,false,
00211680,FUN_00211680,12,false,
00211690,FUN_00211690,52,false,
002116d0,FUN_002116d0,16,false,
002116e0,FUN_002116e0,102,false,
00211750,FUN_00211750,71,false,
002117a0,FUN_002117a0,35,false,
002117d0,FUN_002117d0,45,false,
00211800,FUN_00211800,125,false,
00211920,FUN_00211920,62,false,
00211960,FUN_00211960,365,false,
00211ad0,FUN_00211ad0,102,false,
00211b40,FUN_00211b40,114,false,
00211bc0,FUN_00211bc0,32,false,
00211be0,FUN_00211be0,63,false,
00211c20,FUN_00211c20,90,false,
00211c80,FUN_00211c80,71,false,
00211cd0,FUN_00211cd0,155,false,
00211d70,FUN_00211d70,34,false,
00211da0,FUN_00211da0,197,false,
00211e70,FUN_00211e70,119,false,
00211ef0,FUN_00211ef0,205,false,
00211fc0,FUN_00211fc0,213,false,
002120a0,FUN_002120a0,28,false,
002120c0,FUN_002120c0,604,false,
00212320,FUN_00212320,166,false,
002123d0,FUN_002123d0,124,false,
00212450,FUN_00212450,334,false,
002125a0,FUN_002125a0,71,false,
002125f0,FUN_002125f0,505,false,
00212910,FUN_00212910,212,false,
002129f0,FUN_002129f0,96,false,
00212a50,FUN_00212a50,51,false,
00212a90,FUN_00212a90,104,false,
00212c60,FUN_00212c60,424,false,
00212e10,FUN_00212e10,79,false,
00212e60,FUN_00212e60,242,false,
00212f60,FUN_00212f60,65,false,
00212fb0,FUN_00212fb0,78,false,
00213000,FUN_00213000,69,false,
00213050,FUN_00213050,336,false,
002131a0,FUN_002131a0,142,false,
00213230,FUN_00213230,68,false,
00213280,FUN_00213280,549,false,
002134b0,FUN_002134b0,200,false,
00213580,FUN_00213580,102,false,
002135f0,FUN_002135f0,50,false,
00213630,FUN_00213630,176,false,
002136e0,FUN_002136e0,135,false,
00213770,FUN_00213770,362,false,
002138e0,FUN_002138e0,136,false,
00213970,FUN_00213970,317,false,
00213ab0,FUN_00213ab0,188,false,
00213b70,FUN_00213b70,209,false,
00213c50,FUN_00213c50,174,false,
00213d00,FUN_00213d00,63,false,
00213d40,FUN_00213d40,89,false,
00213da0,FUN_00213da0,75,false,
00213df0,FUN_00213df0,59,false,
00213e30,FUN_00213e30,69,false,
00213e80,FUN_00213e80,57,false,
00213ec0,FUN_00213ec0,383,false,
00214040,FUN_00214040,396,false,
002141d0,FUN_002141d0,212,false,
002142b0,FUN_002142b0,620,false,
00214520,FUN_00214520,484,false,
00214710,FUN_00214710,142,false,
002147a0,FUN_002147a0,117,false,
00214820,FUN_00214820,29,false,
00214840,FUN_00214840,200,false,
00214910,FUN_00214910,278,false,
00214a30,FUN_00214a30,112,false,
00214ab0,FUN_00214ab0,312,false,
00214bf0,FUN_00214bf0,39,false,
00214c20,FUN_00214c20,34,false,
00214c50,FUN_00214c50,58,false,
00214c90,FUN_00214c90,57,false,
00214cd0,FUN_00214cd0,106,false,
00214d40,FUN_00214d40,108,false,
00214db0,FUN_00214db0,69,false,
00214e00,FUN_00214e00,122,false,
00214e80,FUN_00214e80,111,false,
00214ef0,FUN_00214ef0,202,false,
002151d0,FUN_002151d0,204,false,
002152a0,FUN_002152a0,267,false,
002153b0,FUN_002153b0,369,false,
00215530,FUN_00215530,105,false,
002155a0,FUN_002155a0,483,false,
00215790,FUN_00215790,79,false,
002157e0,FUN_002157e0,289,false,
00215910,FUN_00215910,73,false,
00215960,FUN_00215960,69,false,
002159b0,FUN_002159b0,86,false,
00215a10,FUN_00215a10,27,false,
00215a30,FUN_00215a30,139,false,
00215ac0,FUN_00215ac0,83,false,
00215b20,FUN_00215b20,132,false,
00215bb0,FUN_00215bb0,99,false,
00215c20,FUN_00215c20,61,false,
00215c60,FUN_00215c60,99,false,
00215cd0,FUN_00215cd0,466,false,
00215ef0,FUN_00215ef0,26,false,
00215f10,FUN_00215f10,237,false,
00216000,FUN_00216000,280,false,
00216190,FUN_00216190,242,false,
00216290,FUN_00216290,82,false,
002162f0,FUN_002162f0,50,false,
00216330,FUN_00216330,114,false,
002163b0,FUN_002163b0,176,false,
00216460,FUN_00216460,154,false,
00216500,FUN_00216500,777,false,
00216810,FUN_00216810,1141,false,
00216c90,FUN_00216c90,94,false,
00216d50,FUN_00216d50,85,false,
00216db0,FUN_00216db0,81,false,
00216e10,FUN_00216e10,224,false,
00216ef0,FUN_00216ef0,92,false,
00216f50,FUN_00216f50,171,false,
00217010,FUN_00217010,84,false,
00217070,FUN_00217070,738,false,
00217360,FUN_00217360,7347,false,
00219020,FUN_00219020,137,false,
002190b0,FUN_002190b0,36,false,
002190e0,FUN_002190e0,1168,false,
00219570,FUN_00219570,957,false,
00219930,FUN_00219930,194,false,
00219a00,FUN_00219a00,319,false,
00219eb0,FUN_00219eb0,87,false,
00219f10,FUN_00219f10,868,false,
0021a280,FUN_0021a280,35,false,
0021a2b0,FUN_0021a2b0,84,false,
0021a330,FUN_0021a330,139,false,
0021a3c0,FUN_0021a3c0,152,false,
0021a460,FUN_0021a460,156,false,
0021a500,FUN_0021a500,197,false,
0021a5d0,FUN_0021a5d0,263,false,
0021a6e0,FUN_0021a6e0,133,false,
0021a770,FUN_0021a770,234,false,
0021a860,FUN_0021a860,68,false,
0021a8b0,FUN_0021a8b0,823,false,
0021abf0,FUN_0021abf0,108,false,
0021ac60,FUN_0021ac60,58,false,
0021aca0,FUN_0021aca0,212,false,
0021ad80,FUN_0021ad80,107,false,
0021adf0,FUN_0021adf0,86,false,
0021ae50,FUN_0021ae50,88,false,
0021aeb0,FUN_0021aeb0,297,false,
0021afe0,FUN_0021afe0,187,false,
0021b0a0,FUN_0021b0a0,40,false,
0021b0d0,FUN_0021b0d0,27,false,
0021b0f0,FUN_0021b0f0,12,false,
0021b100,FUN_0021b100,54,false,
0021b140,FUN_0021b140,90,false,
0021b1a0,FUN_0021b1a0,125,false,
0021b470,FUN_0021b470,235,false,
0021b560,FUN_0021b560,98,false,
0021b5d0,FUN_0021b5d0,499,false,
0021b7d0,FUN_0021b7d0,90,false,
0021b830,FUN_0021b830,37,false,
0021b860,FUN_0021b860,557,false,
0021bba0,FUN_0021bba0,122,false,
0021bc20,FUN_0021bc20,12,false,
0021bc30,FUN_0021bc30,25,false,
0021bc50,FUN_0021bc50,231,false,
0021bd40,FUN_0021bd40,194,false,
0021be10,FUN_0021be10,37,false,
0021be40,FUN_0021be40,81,false,
0021bea0,FUN_0021bea0,27,false,
0021bec0,FUN_0021bec0,243,false,
0021bff0,FUN_0021bff0,54,false,
0021c030,FUN_0021c030,60,false,
0021c070,FUN_0021c070,67,false,
0021c0c0,FUN_0021c0c0,99,false,
0021c130,FUN_0021c130,74,false,
0021c180,FUN_0021c180,14,false,
0021c190,FUN_0021c190,106,false,
0021c200,FUN_0021c200,47,false,
0021c230,FUN_0021c230,8,false,
0021c240,FUN_0021c240,33,false,
0021c270,FUN_0021c270,40,false,
0021c2a0,FUN_0021c2a0,40,false,
0021c2d0,FUN_0021c2d0,28,false,
0021c2f0,FUN_0021c2f0,28,false,
0021c310,FUN_0021c310,207,false,
0021c3e0,FUN_0021c3e0,12,false,
0021c3f0,FUN_0021c3f0,8,false,
0021c400,FUN_0021c400,58,false,
0021c440,FUN_0021c440,244,false,
0021c540,FUN_0021c540,11,false,
0021c550,FUN_0021c550,112,false,
0021c5c0,FUN_0021c5c0,135,false,
0021c650,FUN_0021c650,47,false,
0021c680,FUN_0021c680,42,false,
0021c6b0,FUN_0021c6b0,81,false,
0021c710,FUN_0021c710,59,false,
0021c750,FUN_0021c750,220,false,
0021c870,FUN_0021c870,142,false,
0021c900,FUN_0021c900,47,false,
0021c930,FUN_0021c930,105,false,
0021c9a0,FUN_0021c9a0,48,false,
0021c9d0,FUN_0021c9d0,71,false,
0021ca20,FUN_0021ca20,141,false,
0021cab0,FUN_0021cab0,55,false,
0021caf0,FUN_0021caf0,120,false,
0021cb70,FUN_0021cb70,384,false,
0021ccf0,FUN_0021ccf0,1000,false,
0021d0e0,FUN_0021d0e0,330,false,
0021d230,FUN_0021d230,78,false,
0021d280,FUN_0021d280,103,false,
0021d2f0,FUN_0021d2f0,595,false,
0021d550,FUN_0021d550,425,false,
0021d700,FUN_0021d700,116,false,
0021d780,FUN_0021d780,181,false,
0021d840,FUN_0021d840,278,false,
0021d960,FUN_0021d960,136,false,
0021d9f0,FUN_0021d9f0,128,false,
0021da70,FUN_0021da70,200,false,
0021dbd0,FUN_0021dbd0,312,false,
0021dd10,FUN_0021dd10,183,false,
0021ddd0,FUN_0021ddd0,10,false,
0021dde0,FUN_0021dde0,25,false,
0021de00,FUN_0021de00,131,false,
0021de90,FUN_0021de90,195,false,
0021df60,FUN_0021df60,475,false,
0021e140,FUN_0021e140,81,false,
0021e1a0,FUN_0021e1a0,64,false,
0021e1e0,FUN_0021e1e0,240,false,
0021e2d0,FUN_0021e2d0,33,false,
0021e300,FUN_0021e300,25,false,
0021e320,FUN_0021e320,39,false,
0021e350,FUN_0021e350,58,false,
0021e390,FUN_0021e390,15,false,
0021e3a0,FUN_0021e3a0,225,false,
0021e490,FUN_0021e490,39,false,
0021e4c0,FUN_0021e4c0,143,false,
0021e550,FUN_0021e550,25,false,
0021e570,FUN_0021e570,25,false,
0021e5f0,FUN_0021e5f0,232,false,
0021e6e0,FUN_0021e6e0,465,false,
0021e8c0,FUN_0021e8c0,699,false,
0021eb80,FUN_0021eb80,74,false,
0021ebd0,FUN_0021ebd0,778,false,
0021eee0,FUN_0021eee0,178,false,
0021efa0,FUN_0021efa0,611,false,
0021f210,FUN_0021f210,115,false,
0021f290,FUN_0021f290,142,false,
0021f320,FUN_0021f320,123,false,
0021f3a0,FUN_0021f3a0,654,false,
0021f630,FUN_0021f630,3199,false,
002202c0,FUN_002202c0,135,false,
00220460,FUN_00220460,214,false,
00220550,FUN_00220550,141,false,
002205e0,FUN_002205e0,188,false,
002206a0,FUN_002206a0,92,false,
00220700,FUN_00220700,89,false,
00220760,FUN_00220760,125,false,
002207e0,FUN_002207e0,75,false,
002208d0,FUN_002208d0,39,false,
00220900,FUN_00220900,168,false,
002209b0,FUN_002209b0,133,false,
00220a40,FUN_00220a40,130,false,
00220ad0,FUN_00220ad0,178,false,
00220b90,FUN_00220b90,209,false,
00220c70,FUN_00220c70,372,false,
00220df0,FUN_00220df0,414,false,
00220f90,FUN_00220f90,45,false,
00221020,FUN_00221020,38,false,
00221050,FUN_00221050,320,false,
00221190,FUN_00221190,189,false,
00221250,FUN_00221250,60,false,
00221290,FUN_00221290,132,false,
00221320,FUN_00221320,256,false,
00221420,FUN_00221420,66,false,
00221470,FUN_00221470,63,false,
002214b0,FUN_002214b0,180,false,
00221570,FUN_00221570,60,false,
002215b0,FUN_002215b0,24,false,
002215d0,FUN_002215d0,83,false,
00221630,FUN_00221630,1292,false,
00221b40,FUN_00221b40,288,false,
00221c60,FUN_00221c60,187,false,
00221d20,FUN_00221d20,98,false,
00221d90,FUN_00221d90,238,false,
00221e80,FUN_00221e80,60,false,
00221ec0,FUN_00221ec0,85,false,
00221f20,FUN_00221f20,83,false,
00221f80,FUN_00221f80,58,false,
00222010,FUN_00222010,109,false,
00222080,FUN_00222080,66,false,
002220d0,FUN_002220d0,93,false,
00222130,FUN_00222130,110,false,
002221a0,FUN_002221a0,52,false,
002221e0,FUN_002221e0,78,false,
00222230,FUN_00222230,13,false,
00222240,FUN_00222240,99,false,
002222b0,FUN_002222b0,143,false,
00222340,FUN_00222340,70,false,
00222390,FUN_00222390,126,false,
00222410,FUN_00222410,60,false,
00222450,FUN_00222450,704,false,
00222710,FUN_00222710,211,false,
002227f0,FUN_002227f0,46,false,
00222820,FUN_00222820,246,false,
00222920,FUN_00222920,146,false,
002229c0,FUN_002229c0,276,false,
00222ae0,FUN_00222ae0,886,false,
00222e60,FUN_00222e60,65,false,
00222eb0,FUN_00222eb0,131,false,
00222f40,FUN_00222f40,282,false,
00223070,FUN_00223070,451,false,
00223240,FUN_00223240,268,false,
00223350,FUN_00223350,54,false,
00223390,FUN_00223390,54,false,
002233d0,FUN_002233d0,109,false,
00223440,FUN_00223440,97,false,
002234b0,FUN_002234b0,68,false,
00223500,FUN_00223500,3149,false,
00224160,FUN_00224160,35,false,
00224190,FUN_00224190,24,false,
002241b0,FUN_002241b0,133,false,
00224240,FUN_00224240,410,false,
002243e0,FUN_002243e0,30,false,
00224400,FUN_00224400,1713,false,
00224ac0,FUN_00224ac0,127,false,
00224b40,FUN_00224b40,271,false,
00224c50,FUN_00224c50,77,false,
00224ca0,FUN_00224ca0,2210,false,
00225550,FUN_00225550,39,false,
00225580,FUN_00225580,85,false,
002255e0,FUN_002255e0,220,false,
002256c0,FUN_002256c0,72,false,
00225710,FUN_00225710,66,false,
00225760,FUN_00225760,197,false,
00225830,FUN_00225830,168,false,
002258e0,FUN_002258e0,156,false,
00225980,FUN_00225980,110,false,
002259f0,FUN_002259f0,129,false,
00225a80,FUN_00225a80,41,false,
00225ab0,thunk_FUN_002259f0,5,true,xbsymboldb
00225ac0,FUN_00225ac0,57,false,
00225b00,FUN_00225b00,25,false,
00225b20,FUN_00225b20,58,false,
00225b60,FUN_00225b60,22,false,
00225b80,FUN_00225b80,77,false,
00225bd0,FUN_00225bd0,278,false,
00225d20,FUN_00225d20,445,false,
00225f10,FUN_00225f10,156,false,
00225fb0,FUN_00225fb0,25,false,
00225fd0,FUN_00225fd0,622,false,
00226240,FUN_00226240,149,false,
002262e0,thunk_FUN_00221050,5,true,xbsymboldb
002262f0,FUN_002262f0,49,false,
00226330,FUN_00226330,75,false,
00226380,FUN_00226380,41,false,
002263b0,FUN_002263b0,128,false,
00226430,FUN_00226430,34,false,
00226460,FUN_00226460,17,false,
00226480,FUN_00226480,86,false,
002264e0,FUN_002264e0,24,false,
00226500,FUN_00226500,157,false,
002265a0,FUN_002265a0,55,false,
002265e0,FUN_002265e0,238,false,
002266d0,FUN_002266d0,108,false,
00226740,FUN_00226740,159,false,
002267e0,FUN_002267e0,32,false,
00226800,FUN_00226800,87,false,
00226860,FUN_00226860,56,false,
002268a0,FUN_002268a0,32,false,
002268c0,FUN_002268c0,170,false,
00226970,FUN_00226970,344,false,
00226ad0,FUN_00226ad0,104,false,
00226b40,FUN_00226b40,64,false,
00226b90,FUN_00226b90,475,false,
00226d70,FUN_00226d70,53,false,
00226db0,FUN_00226db0,178,false,
00226e70,FUN_00226e70,207,false,
00226f40,FUN_00226f40,68,false,
00226f90,FUN_00226f90,69,false,
00226fe0,FUN_00226fe0,363,false,
00227160,FUN_00227160,143,false,
002271f0,FUN_002271f0,936,false,
002275a0,FUN_002275a0,81,false,
00227600,FUN_00227600,145,false,
002276a0,FUN_002276a0,31,false,
002276c0,FUN_002276c0,41,false,
002276e9,FUN_002276e9,42,false,
00227720,FUN_00227720,24,false,
00227740,FUN_00227740,21,false,
00227760,FUN_00227760,21,false,
00227780,FUN_00227780,16,false,
00227790,FUN_00227790,16,false,
002277a0,FUN_002277a0,94,false,
00227a10,FUN_00227a10,364,false,
00227b80,FUN_00227b80,705,false,
00227e50,FUN_00227e50,119,false,
00227ed0,FUN_00227ed0,135,false,
00227f60,FUN_00227f60,135,false,
00227ff0,FUN_00227ff0,167,false,
002280a0,FUN_002280a0,94,false,
00228100,FUN_00228100,149,false,
002281a0,FUN_002281a0,162,false,
00228250,FUN_00228250,394,false,
002283e0,FUN_002283e0,108,false,
00228450,FUN_00228450,105,false,
002284c0,FUN_002284c0,112,false,
00228530,FUN_00228530,176,false,
002285e0,FUN_002285e0,134,false,
00228670,FUN_00228670,211,false,
00228750,FUN_00228750,91,false,
002287b0,FUN_002287b0,130,false,
00228840,FUN_00228840,158,false,
002288e0,FUN_002288e0,721,false,
00228bc0,FUN_00228bc0,107,false,
00228c30,FUN_00228c30,374,false,
00228db0,FUN_00228db0,232,false,
00228ea0,FUN_00228ea0,106,false,
00228f10,FUN_00228f10,46,false,
00228f40,FUN_00228f40,26,false,
00228f60,FUN_00228f60,268,false,
00229070,FUN_00229070,100,false,
002290e0,FUN_002290e0,78,false,
00229130,FUN_00229130,96,false,
00229190,FUN_00229190,205,false,
00229260,FUN_00229260,112,false,
002292d0,FUN_002292d0,237,false,
002293c0,FUN_002293c0,8,false,
002293d0,FUN_002293d0,8,false,
002293e0,FUN_002293e0,8,false,
002293f0,FUN_002293f0,201,false,
002294c0,FUN_002294c0,51,false,
00229500,FUN_00229500,42,false,
00229530,FUN_00229530,21,false,
00229550,FUN_00229550,21,false,
00229570,FUN_00229570,145,false,
00229610,FUN_00229610,219,false,
002296f0,FUN_002296f0,207,false,
002297d0,FUN_002297d0,695,false,
00229a90,FUN_00229a90,479,false,
00229c70,FUN_00229c70,83,false,
00229cd0,FUN_00229cd0,39,false,
00229d00,thunk_FUN_0022bca0,5,true,xbsymboldb
00229d10,FUN_00229d10,80,false,
00229d60,FUN_00229d60,61,false,
00229da0,FUN_00229da0,256,false,
00229ea0,FUN_00229ea0,513,false,
0022a0b0,FUN_0022a0b0,579,false,
0022a300,FUN_0022a300,205,false,
0022a3d0,FUN_0022a3d0,30,false,
0022a3f0,FUN_0022a3f0,124,false,
0022a470,FUN_0022a470,46,false,
0022a4a0,FUN_0022a4a0,437,false,
0022a660,FUN_0022a660,77,false,
0022a6b0,FUN_0022a6b0,28,false,
0022a6d0,FUN_0022a6d0,169,false,
0022a780,FUN_0022a780,677,false,
0022aa30,FUN_0022aa30,94,false,
0022aa90,FUN_0022aa90,44,false,
0022aac0,FUN_0022aac0,295,false,
0022abf0,FUN_0022abf0,21,false,
0022ac10,FUN_0022ac10,49,false,
0022ac50,FUN_0022ac50,28,false,
0022ac70,FUN_0022ac70,221,false,
0022ad50,FUN_0022ad50,409,false,
0022aef0,FUN_0022aef0,665,false,
0022b190,FUN_0022b190,53,false,
0022b1d0,FUN_0022b1d0,26,false,
0022b1f0,FUN_0022b1f0,102,false,
0022b260,FUN_0022b260,37,false,
0022b290,FUN_0022b290,156,false,
0022b330,FUN_0022b330,129,false,
0022b3c0,FUN_0022b3c0,150,false,
0022b460,FUN_0022b460,227,false,
0022b550,FUN_0022b550,154,false,
0022b5f0,FUN_0022b5f0,372,false,
0022b770,FUN_0022b770,53,false,
0022b7b0,FUN_0022b7b0,117,false,
0022b830,FUN_0022b830,167,false,
0022b8e0,FUN_0022b8e0,133,false,
0022b970,FUN_0022b970,220,false,
0022ba50,FUN_0022ba50,573,false,
0022bca0,FUN_0022bca0,156,false,
0022bd40,FUN_0022bd40,381,false,
0022bec0,FUN_0022bec0,41,false,
0022bef0,FUN_0022bef0,33,false,
0022bf20,FUN_0022bf20,207,false,
0022bff0,FUN_0022bff0,350,false,
0022c160,FUN_0022c160,445,false,
0022c320,FUN_0022c320,427,false,
0022c4e0,FUN_0022c4e0,408,false,
0022c680,FUN_0022c680,208,false,
0022c750,FUN_0022c750,220,false,
0022c830,FUN_0022c830,47,false,
0022c860,FUN_0022c860,25,false,
0022c880,FUN_0022c880,597,false,
0022cae0,FUN_0022cae0,151,false,
0022cb80,FUN_0022cb80,783,false,
0022cea0,FUN_0022cea0,171,false,
0022cf50,FUN_0022cf50,54,false,
0022cf90,FUN_0022cf90,291,false,
0022d0c0,FUN_0022d0c0,310,false,
0022d200,FUN_0022d200,145,false,
0022d2a0,FUN_0022d2a0,243,false,
0022d3a0,FUN_0022d3a0,28,false,
0022d3c0,FUN_0022d3c0,317,false,
0022d500,FUN_0022d500,35,false,
0022d530,FUN_0022d530,195,false,
0022d600,FUN_0022d600,402,false,
0022d7a0,FUN_0022d7a0,436,false,
0022d958,FUN_0022d958,155,false,
0022d9f8,FUN_0022d9f8,314,false,
00230298,FUN_00230298,263,false,
002303a8,FUN_002303a8,197,false,
00230478,FUN_00230478,585,false,
002306c8,FUN_002306c8,746,false,
002309b8,FUN_002309b8,763,false,
00230cb8,FUN_00230cb8,60,false,
00230cf8,FUN_00230cf8,59,false,
00230d78,FUN_00230d78,100,false,
00230df0,FUN_00230df0,515,false,
00231000,FUN_00231000,398,false,
002311a0,FUN_002311a0,43,false,
002311d0,FUN_002311d0,157,false,
00231270,FUN_00231270,249,false,
00231370,FUN_00231370,254,false,
00231480,FUN_00231480,197,false,
00231550,FUN_00231550,180,false,
00231610,FUN_00231610,443,false,
002317d0,FUN_002317d0,157,false,
00231870,FUN_00231870,489,false,
00231a60,FUN_00231a60,551,false,
00231c90,FUN_00231c90,339,false,
00231de4,FUN_00231de4,156,false,
00231e84,FUN_00231e84,397,false,
00232020,FUN_00232020,187,false,
002320e0,FUN_002320e0,179,false,
002321a0,FUN_002321a0,595,false,
00232400,FUN_00232400,1291,false,
00232920,FUN_00232920,104,false,
00232990,FUN_00232990,115,false,
00232a10,FUN_00232a10,13,false,
00232a20,FUN_00232a20,70,false,
00232a70,FUN_00232a70,554,false,
00232ca0,FUN_00232ca0,108,false,
00232d10,FUN_00232d10,51,false,
00232d50,FUN_00232d50,106,false,
00232dc0,FUN_00232dc0,642,false,
00233050,FUN_00233050,66,false,
002330a0,FUN_002330a0,114,false,
00233120,FUN_00233120,142,false,
002331b0,FUN_002331b0,176,false,
00233260,FUN_00233260,1561,false,
00233880,FUN_00233880,337,false,
002339e0,FUN_002339e0,290,false,
00233b10,FUN_00233b10,512,false,
00234460,FUN_00234460,68,false,
00234500,FUN_00234500,317,false,
00234d84,FUN_00234d84,242,false,
00234e84,FUN_00234e84,161,false,
00234f34,FUN_00234f34,185,false,
00234ff4,FUN_00234ff4,556,false,
00235224,FUN_00235224,306,false,
00235364,FUN_00235364,306,false,
002354a4,FUN_002354a4,65,false,
002354f4,FUN_002354f4,65,false,
00235544,FUN_00235544,1232,false,
00235a34,FUN_00235a34,150,false,
00235ad4,FUN_00235ad4,737,false,
00235dc4,FUN_00235dc4,107,false,
00235e34,FUN_00235e34,737,false,
00236124,FUN_00236124,107,false,
00236194,FUN_00236194,1213,false,
00236674,FUN_00236674,56,false,
002366b4,FUN_002366b4,60,false,
002366f4,FUN_002366f4,33,false,
00236724,FUN_00236724,558,false,
00236954,FUN_00236954,429,false,
00236b10,FUN_00236b10,215,false,
00236f20,FUN_00236f20,364,false,
00237440,FUN_00237440,592,false,
00237690,FUN_00237690,191,false,
00237750,FUN_00237750,509,false,
00237a10,FUN_00237a10,333,false,
00237b60,FUN_00237b60,2912,false,
002386d0,FUN_002386d0,2967,false,
00239280,FUN_00239280,2912,false,
00239df0,FUN_00239df0,2967,false,
0023b410,FUN_0023b410,3075,false,
0023caa0,FUN_0023caa0,3075,false,
0023d6c0,FUN_0023d6c0,142,false,
0023d970,FUN_0023d970,598,false,
0023dbe0,FUN_0023dbe0,697,false,
0023dea0,FUN_0023dea0,307,false,
0023e0e0,FUN_0023e0e0,264,false,
0023e43e,FUN_0023e43e,261,false,
0023e850,FUN_0023e850,269,false,
0023e960,FUN_0023e960,276,false,
0023ea80,FUN_0023ea80,135,false,
0023eb0c,FUN_0023eb0c,76,false,
0023ed61,FUN_0023ed61,90,false,
0023edc3,FUN_0023edc3,177,false,
0023eebd,FUN_0023eebd,69,false,
0023efb0,FUN_0023efb0,343,false,
0023f110,FUN_0023f110,88,false,
0023f170,FUN_0023f170,61,false,
0023f1b0,FUN_0023f1b0,346,false,
0023f310,FUN_0023f310,311,false,
0023f450,FUN_0023f450,257,false,
0023f560,FUN_0023f560,256,false,
0023f670,FUN_0023f670,61,false,
0023f6b0,FUN_0023f6b0,552,false,
0023f8e0,FUN_0023f8e0,570,false,
0023fb20,FUN_0023fb20,442,false,
0023fce0,FUN_0023fce0,1366,false,
00240850,FUN_00240850,423,false,
00240af0,FUN_00240af0,1081,false,
00240f30,FUN_00240f30,1081,false,
00241370,FUN_00241370,566,false,
00241bd0,FUN_00241bd0,235,false,
00241f90,FUN_00241f90,77,false,
00242060,FUN_00242060,179,false,
00242160,FUN_00242160,199,false,
00242230,FUN_00242230,65,false,
00242280,FUN_00242280,55,false,
002422c0,FUN_002422c0,126,false,
002423e0,FUN_002423e0,30,false,
00242400,FUN_00242400,449,false,
002425d0,FUN_002425d0,99,false,
00242640,FUN_00242640,148,false,
002426e0,FUN_002426e0,43,false,
00242710,FUN_00242710,41,false,
00242740,FUN_00242740,8,false,
00242750,FUN_00242750,16,false,
00242760,FUN_00242760,16,false,
00242770,FUN_00242770,70,false,
002427f0,FUN_002427f0,113,false,
00242870,FUN_00242870,31,false,
00242890,FUN_00242890,104,false,
00242900,FUN_00242900,65,false,
00242950,FUN_00242950,115,false,
002429d0,FUN_002429d0,26,false,
002429f0,FUN_002429f0,43,false,
00242a20,FUN_00242a20,39,false,
00242a50,FUN_00242a50,172,false,
00242b00,FUN_00242b00,211,false,
00242be0,FUN_00242be0,132,false,
00242c70,FUN_00242c70,17,false,
00242c90,FUN_00242c90,116,false,
00242d10,FUN_00242d10,437,false,
00242ed0,FUN_00242ed0,183,false,
00242f90,FUN_00242f90,205,false,
00243060,FUN_00243060,79,false,
002430b0,FUN_002430b0,149,false,
00243150,FUN_00243150,24,false,
00243170,FUN_00243170,51,false,
002431b0,FUN_002431b0,59,false,
002431f0,FUN_002431f0,20,false,
00243210,GetTickCount,5,true,xbsymboldb
00243215,_sprintf,88,true,xbsymboldb
0024326d,onexit_lk,1,false,community
00243315,_onexit,50,false,community
00243347,FUN_00243347,6,false,
0024334d,_atexit,18,false,community
00243373,__ceil_default,211,true,xbsymboldb
00243450,_shortsort,106,true,xbsymboldb
002434c0,_qsort,643,true,xbsymboldb
00243743,__floor_default,211,true,xbsymboldb
00243816,__snprintf,87,true,xbsymboldb
0024386d,thunk_FUN_002440a5,5,true,xbsymboldb
00243872,??2@YAPAXI@Z,14,true,xbsymboldb
00243880,_strncpy,292,true,xbsymboldb
002439b0,_strncmp,57,true,xbsymboldb
002439e9,_atol,88,true,xbsymboldb
00243a41,_atol,5,true,xbsymboldb
00243a46,__atoi64,121,true,xbsymboldb
00243ad0,_strchr,195,true,xbsymboldb
00243b8e,FUN_00243b8e,58,false,
00243bd0,_strstr,134,true,xbsymboldb
00243c60,_strncat,309,true,xbsymboldb
00243d95,_rand,34,true,xbsymboldb
00243db7,__abstract_cw,146,true,xbsymboldb
00243e49,__hw_cw,142,true,xbsymboldb
00243ed7,__control87,50,true,xbsymboldb
00243f09,__controlfp,22,true,xbsymboldb
00243f1f,__vsnprintf,86,true,xbsymboldb
00243f75,_isspace,41,true,xbsymboldb
00243f9e,FUN_00243f9e,22,false,
00243fc0,_strpbrk,64,true,xbsymboldb
00244000,FUN_00244000,165,false,
002440a5,_free,77,false,community
002440f4,FUN_002440f4,9,false,
002440fd,_calloc,77,false,community
0024414a,_heap_alloc,39,false,community
00244171,__nh_malloc,44,true,xbsymboldb
0024419d,_malloc,18,true,xbsymboldb
002442a0,FID_conflict:_memcpy,672,true,xbsymboldb
002445e0,__alldiv,170,true,xbsymboldb
0024468a,_vswprintf,110,true,xbsymboldb
002446f8,_vsprintf,87,true,xbsymboldb
00244750,__allmul,52,true,xbsymboldb
00244784,__SEH_prolog,59,true,xbsymboldb
002447bf,__SEH_epilog,17,true,xbsymboldb
002448aa,FUN_002448aa,27,false,
002448c8,__global_unwind2,32,true,xbsymboldb
0024490a,__local_unwind2,104,true,xbsymboldb
00244995,__NLG_Notify1,9,true,xbsymboldb
0024499e,FUN_0024499e,24,false,
002449b6,_wcsncpy,61,true,xbsymboldb
00244a00,__aullshr,31,true,xbsymboldb
00244a20,__aullrem,117,true,xbsymboldb
00244a95,_wcsstr,94,true,xbsymboldb
00244af3,_wcscmp,50,true,xbsymboldb
00244b25,FID_conflict:?swprintf@@YAHPA_WIPB_WZZ,112,true,xbsymboldb
00244b95,FUN_00244b95,28,false,
00244bb1,__strnicmp,85,true,xbsymboldb
00244c10,FUN_00244c10,65,false,
00244c51,__stricmp,67,true,xbsymboldb
00244ca0,__aulldiv,104,true,xbsymboldb
00244d08,__fpclass,156,true,xbsymboldb
00244da4,FUN_00244da4,56,false,
00244ddc,FUN_00244ddc,20,false,
00244df0,FUN_00244df0,117,false,
00244e9c,thunk_FUN_00244e9e,2,true,xbsymboldb
00244e9e,FUN_00244e9e,25,false,
00244ec0,FUN_00244ec0,453,false,
00245085,FUN_00245085,40,false,
00245156,FUN_00245156,20,false,
0024516a,__lock_file,47,true,xbsymboldb
00245199,__lock_file2,35,true,xbsymboldb
002451bc,__unlock_file,47,true,xbsymboldb
002451eb,__unlock_file2,35,true,xbsymboldb
0024520e,__ftell_lk,354,true,xbsymboldb
002453b1,__flush,93,true,xbsymboldb
0024540e,__fflush_lk,46,true,xbsymboldb
0024543c,_flsall,182,true,xbsymboldb
002454dc,FUN_002454dc,17,false,
00245508,FUN_00245508,9,false,
00245561,__flushall,9,true,xbsymboldb
0024556a,FUN_0024556a,143,false,
0024574a,FUN_0024574a,279,false,
002458ad,FUN_002458ad,248,false,
002459f1,__fclose_lk,76,true,xbsymboldb
00245a3d,_fclose,70,true,xbsymboldb
00245a86,FUN_00245a86,8,false,
00245d18,FUN_00245d18,56,false,
00245d50,__wcsnicmp,158,true,xbsymboldb
00245df0,__allrem,178,true,xbsymboldb
00245ea2,FUN_00245ea2,49,false,
00245ee0,__allshl,31,true,xbsymboldb
00245eff,FUN_00245eff,71,false,
00245f46,_wcschr,34,true,xbsymboldb
00245f68,FUN_00245f68,425,false,
00246111,FUN_00246111,23,false,
00246128,_localtime,384,true,xbsymboldb
002462a8,_gmtime,263,true,xbsymboldb
002463b0,FUN_002463b0,20,false,
002463cd,FUN_002463cd,174,false,
0024647b,__flsbuf,281,true,xbsymboldb
00246594,_write_char,51,true,xbsymboldb
002465c7,_write_multi_char,36,true,xbsymboldb
002465eb,_write_string,55,true,xbsymboldb
00246622,FUN_00246622,1895,false,
00246da9,_lockexit,9,false,community
00246db2,_unlockexit,9,false,community
00246dbb,FUN_00246dbb,180,false,
00246e71,FUN_00246e71,14,false,
00246e7f,FUN_00246e7f,12,false,
00246ee4,_amsg_exit,28,false,community
00246f00,FUN_00246f00,676,false,
002471a4,FUN_002471a4,493,false,
00247391,FID_conflict:__set_errno_from_matherr,40,true,xbsymboldb
002473b9,__errcode,45,true,xbsymboldb
002473e6,__umatherr,158,true,xbsymboldb
00247484,__handle_qnan1,83,true,xbsymboldb
002474d7,FUN_002474d7,160,false,
00247577,__frnd,17,true,xbsymboldb
00247588,__set_exp,42,true,xbsymboldb
002475b2,__sptype,91,true,xbsymboldb
0024760d,FUN_0024760d,180,false,
002476c1,FUN_002476c1,11,false,
002476cc,FUN_002476cc,12,false,
002476d8,__ctrlfp,36,true,xbsymboldb
002476fc,FUN_002476fc,86,false,
00247752,FUN_00247752,48,false,
00247782,__hextodec,50,true,xbsymboldb
002477b4,__inc,22,true,xbsymboldb
002477ca,FUN_002477ca,2896,false,
00248347,_getptd,130,false,community
002484e4,FUN_002484e4,115,false,
00248557,FUN_00248557,18,false,
00248569,FUN_00248569,33,false,
0024858a,__mtinitlocks,73,true,xbsymboldb
002485d3,FUN_002485d3,41,false,
002485fc,_unlock,18,false,community
0024860e,__mtinitlocknum,151,true,xbsymboldb
002486a5,FUN_002486a5,9,false,
002486ae,_lock,46,false,community
002486dc,__callnewh,27,true,xbsymboldb
002486f7,_write_char,37,true,xbsymboldb
0024871c,_write_multi_char,37,true,xbsymboldb
00248741,_write_string,61,true,xbsymboldb
0024877e,FUN_0024877e,1956,false,
00248f42,FUN_00248f42,49,false,
00248f80,___ascii_strnicmp,97,true,xbsymboldb
00248ff0,___ascii_stricmp,78,true,xbsymboldb
0024903e,FUN_0024903e,88,false,
002490fb,__fassign,62,true,xbsymboldb
00249139,FUN_00249139,35,false,
0024915c,FUN_0024915c,169,false,
00249205,FUN_00249205,94,false,
00249263,FUN_00249263,167,false,
0024930a,FUN_0024930a,82,false,
0024935c,FUN_0024935c,141,false,
002493e9,__cfltcvt,81,true,xbsymboldb
00249538,__cintrindisp2,62,true,xbsymboldb
00249576,__cintrindisp1,61,true,xbsymboldb
002495b3,__ctrandisp2,72,true,xbsymboldb
002495fb,FUN_002495fb,7,false,
00249602,FUN_00249602,327,false,
00249749,__ctrandisp1,51,true,xbsymboldb
0024977c,__fload,60,true,xbsymboldb
002499b0,__trandisp1,103,true,xbsymboldb
00249a17,__trandisp2,140,true,xbsymboldb
00249b7c,FUN_00249b7c,23,false,
00249b93,__startOneArgErrorHandling,60,true,xbsymboldb
00249bd0,FUN_00249bd0,21,false,
00249be5,FUN_00249be5,23,false,
00249bfc,FUN_00249bfc,25,false,
00249c15,__fload_withFB,67,true,xbsymboldb
00249c58,FUN_00249c58,22,false,
00249c6e,FUN_00249c6e,13,false,
00249c7b,__math_exit,42,true,xbsymboldb
00249cb9,FUN_00249cb9,163,false,
00249d5c,FUN_00249d5c,101,false,
00249dc1,FUN_00249dc1,338,false,
00249f13,FUN_00249f13,136,false,
0024a02a,FUN_0024a02a,123,false,
0024a0a5,FUN_0024a0a5,9,false,
0024a0ae,FUN_0024a0ae,9,false,
0024a0b7,FUN_0024a0b7,9,false,
0024a0c0,__dosmaperr,115,true,xbsymboldb
0024a133,FUN_0024a133,114,false,
0024a1a5,__lseek,160,true,xbsymboldb
0024a22c,FUN_0024a22c,8,false,
0024a250,FUN_0024a250,395,false,
0024a3db,__write,160,true,xbsymboldb
0024a462,FUN_0024a462,8,false,
0024a486,FUN_0024a486,175,false,
0024a524,FUN_0024a524,8,false,
0024a540,__filbuf,225,true,xbsymboldb
0024a621,FUN_0024a621,471,false,
0024a7f8,__read,160,true,xbsymboldb
0024a87f,FUN_0024a87f,8,false,
0024a8a3,FUN_0024a8a3,129,false,
0024a924,__close,144,true,xbsymboldb
0024a99b,FUN_0024a99b,8,false,
0024a9bf,__freebuf,43,true,xbsymboldb
0024a9ea,__openfile,360,true,xbsymboldb
0024ac74,FUN_0024ac74,48,false,
0024aca4,FUN_0024aca4,207,false,
0024ad7c,_cvtdate,440,true,xbsymboldb
0024af34,__isindst_lk,391,true,xbsymboldb
0024b0bb,___tzset,67,true,xbsymboldb
0024b0fe,FUN_0024b0fe,9,false,
0024b107,__isindst,53,true,xbsymboldb
0024b13c,FUN_0024b13c,9,false,
0024b145,__getbuf,68,true,xbsymboldb
0024b189,__isatty,42,true,xbsymboldb
0024b1b3,FUN_0024b1b3,43,false,
0024b1e0,__aulldvrm,149,true,xbsymboldb
0024b275,_NMSG_WRITE,44,false,community
0024b2a1,_FF_MSGBANNER,34,false,community
0024b2c3,FUN_0024b2c3,3,false,
0024b2c6,FID_conflict:_ungetc,108,true,xbsymboldb
0024b332,FUN_0024b332,55,false,
0024b369,FUN_0024b369,43,false,
0024b394,FUN_0024b394,271,false,
0024b4a3,FUN_0024b4a3,280,false,
0024b5bb,FUN_0024b5bb,9,false,
0024b616,__crtInitCritSecNoSpinCount,16,false,community
0024b626,FUN_0024b626,62,false,
0024b687,FUN_0024b687,197,false,
0024b74c,__ZeroTail,50,true,xbsymboldb
0024b77e,__IncMan,77,true,xbsymboldb
0024b7cb,__RoundMan,114,true,xbsymboldb
0024b83d,__CopyMan,27,true,xbsymboldb
0024b858,__IsZeroMan,25,true,xbsymboldb
0024b871,__ShrMan,123,true,xbsymboldb
0024b8ec,__ld12cvt,344,true,xbsymboldb
0024ba44,FID_conflict:__ld12tod,22,true,xbsymboldb
0024ba5a,FID_conflict:__ld12tod,22,true,xbsymboldb
0024ba70,FUN_0024ba70,45,false,
0024ba9d,FUN_0024ba9d,45,false,
0024baca,FUN_0024baca,127,false,
0024bb49,___dtold,186,true,xbsymboldb
0024bc03,FUN_0024bc03,101,false,
0024bc68,FUN_0024bc68,9,false,
0024bc71,FUN_0024bc71,221,false,
0024bd4e,FUN_0024bd4e,70,false,
0024bd94,FUN_0024bd94,73,false,
0024bddd,__get_osfhandle,65,true,xbsymboldb
0024be1e,__lock_fhandle,148,true,xbsymboldb
0024beb5,FUN_0024beb5,9,false,
0024bebe,__unlock_fhandle,34,true,xbsymboldb
0024bee0,__alloc_osfhnd,356,true,xbsymboldb
0024bfb9,FUN_0024bfb9,9,false,
0024c053,FUN_0024c053,9,false,
0024c05c,FUN_0024c05c,129,false,
0024c0dd,FUN_0024c0dd,662,false,
0024c373,__sopen,69,true,xbsymboldb
0024c3b8,FUN_0024c3b8,16,false,
0024c3c8,__flswbuf,296,true,xbsymboldb
0024c4f0,___addl,33,true,xbsymboldb
0024c511,___add_12,94,true,xbsymboldb
0024c56f,___shl_12,46,true,xbsymboldb
0024c59d,___shr_12,45,true,xbsymboldb
0024c5ca,FUN_0024c5ca,206,false,
0024c698,FUN_0024c698,1095,false,
0024cb0f,FUN_0024cb0f,631,false,
0024cd86,FUN_0024cd86,291,false,
0024cea9,FUN_0024cea9,546,false,
0024d0cb,FUN_0024d0cb,118,false,
0024d141,__setmode_lk,108,true,xbsymboldb
0024d1cf,FUN_0024d1cf,45,false,
0024d210,__CallSettingFrame@12,76,true,xbsymboldb
0024d25c,__CxxUnhandledExceptionFilter,70,false,community
0024d2b4,FUN_0024d2b4,12,false,
0024d2c0,FUN_0024d2c0,23,false,
0024d2fe,CancelIo,201,true,xbsymboldb
0024d3d0,_MulDiv@12,288,true,xbsymboldb
0024d4f0,IsBadReadPtr,90,true,xbsymboldb
0024d555,IsBadCodePtr,14,true,xbsymboldb
0024d564,XcBlockCryptCBC,6,true,xbsymboldb
0024d56a,XcKeyTable,6,true,xbsymboldb
0024d570,XcDESKeyParity,6,true,xbsymboldb
0024d576,XcRC4Crypt,6,true,xbsymboldb
0024d57c,XcRC4Key,6,true,xbsymboldb
0024d582,XcModExp,6,true,xbsymboldb
0024d588,XcVerifyPKCS1Signature,6,true,xbsymboldb
0024d58e,RtlUnwind,6,true,xbsymboldb
0024d5a0,FUN_0024d5a0,56,false,
0024d5e0,FUN_0024d5e0,109,false,
0024d650,FUN_0024d650,90,false,
0024d6b0,FUN_0024d6b0,246,false,
0024d7b0,FUN_0024d7b0,44,false,
0024d7e0,FUN_0024d7e0,165,false,
0024d890,FUN_0024d890,74,false,
0024d8e0,FUN_0024d8e0,36,false,
0024d910,FUN_0024d910,391,false,
0024daa0,FUN_0024daa0,50,false,
0024dad2,FUN_0024dad2,24,false,
0024daea,FUN_0024daea,64,false,
0024db2a,FUN_0024db2a,163,false,
0024dbcd,FUN_0024dbcd,109,false,
0024dc3a,FUN_0024dc3a,35,false,
0024dc5d,FUN_0024dc5d,44,false,
0024dc89,FUN_0024dc89,44,false,
0024dcb5,FUN_0024dcb5,52,false,
0024dce9,FUN_0024dce9,52,false,
0024dd1d,FUN_0024dd1d,52,false,
0024dd51,FUN_0024dd51,83,false,
0024dda4,FUN_0024dda4,83,false,
0024ddf7,FUN_0024ddf7,112,false,
0024de67,FUN_0024de67,11,false,
0024de72,FUN_0024de72,42,false,
0024de9c,FUN_0024de9c,165,false,
0024df41,FUN_0024df41,48,false,
0024df71,FUN_0024df71,48,false,
0024dfa1,FUN_0024dfa1,69,false,
0024dfe6,thunk_FUN_0024db2a,5,true,xbsymboldb
0024dfeb,FUN_0024dfeb,15,false,
0024dffa,thunk_FUN_0024dbcd,5,true,xbsymboldb
0024dfff,thunk_FUN_0024dc3a,5,true,xbsymboldb
0024e004,FUN_0024e004,28,false,
0024e020,FUN_0024e020,28,false,
0024e03c,FUN_0024e03c,36,false,
0024e060,FUN_0024e060,36,false,
0024e084,FUN_0024e084,36,false,
0024e0a8,FUN_0024e0a8,44,false,
0024e0d4,FUN_0024e0d4,36,false,
0024e0f8,FUN_0024e0f8,58,false,
0024e132,thunk_FUN_0024e0a8,5,true,xbsymboldb
0024e137,thunk_FUN_0024e0d4,5,true,xbsymboldb
0024e13c,FUN_0024e13c,32,false,
0024e177,FUN_0024e177,238,false,
0024e265,FUN_0024e265,112,false,
0024e2d5,FUN_0024e2d5,51,false,
0024e308,thunk_FUN_0024e2d5,5,true,xbsymboldb
0024e34f,FUN_0024e34f,40,false,
0024e377,FUN_0024e377,39,false,
0024e3f1,FUN_0024e3f1,129,false,
0024e472,FUN_0024e472,94,false,
0024e4d0,FUN_0024e4d0,33,false,
0024e4f1,FUN_0024e4f1,67,false,
0024e534,FUN_0024e534,55,false,
0024e56b,FUN_0024e56b,53,false,
0024e5a0,FUN_0024e5a0,125,false,
0024e64e,FUN_0024e64e,119,false,
0024e6c5,FUN_0024e6c5,81,false,
0024e722,FUN_0024e722,76,false,
0024e76e,FUN_0024e76e,213,false,
0024e8b0,FUN_0024e8b0,37,false,
0024e8d5,FUN_0024e8d5,40,false,
0024e8fd,FUN_0024e8fd,81,false,
0024e94e,FUN_0024e94e,54,false,
0024e984,FUN_0024e984,61,false,
0024e9c1,FUN_0024e9c1,37,false,
0024e9e6,FUN_0024e9e6,54,false,
0024ea1c,FUN_0024ea1c,52,false,
0024ea50,FUN_0024ea50,202,false,
0024eb1a,FUN_0024eb1a,123,false,
0024eb95,FUN_0024eb95,122,false,
0024ec0f,FUN_0024ec0f,39,false,
0024ec36,FUN_0024ec36,39,false,
0024ed94,FUN_0024ed94,229,false,
0024ee87,FUN_0024ee87,259,false,
0024ef8a,FUN_0024ef8a,35,false,
0024efad,FUN_0024efad,22,false,
0024efc3,FUN_0024efc3,56,false,
0024effb,FUN_0024effb,40,false,
0024f023,FUN_0024f023,48,false,
0024f053,FUN_0024f053,65,false,
0024f094,FUN_0024f094,25,false,
0024f0ad,FUN_0024f0ad,28,false,
0024f0c9,FUN_0024f0c9,28,false,
0024f0e5,FUN_0024f0e5,16,false,
0024f0f5,FUN_0024f0f5,20,false,
0024f109,FUN_0024f109,12,false,
0024f115,FUN_0024f115,37,false,
0024f13a,FUN_0024f13a,32,false,
0024f15a,FUN_0024f15a,50,false,
0024f18c,FUN_0024f18c,23,false,
0024f1a3,FUN_0024f1a3,93,false,
0024f271,FUN_0024f271,8,false,
0024f279,FUN_0024f279,31,false,
0024f298,FUN_0024f298,59,false,
0024f2d3,FUN_0024f2d3,58,false,
0024f30d,FUN_0024f30d,37,false,
0024f332,FUN_0024f332,30,false,
0024f350,FUN_0024f350,49,false,
0024f381,FUN_0024f381,49,false,
0024f3b2,FUN_0024f3b2,122,false,
0024f42c,FUN_0024f42c,235,false,
0024f517,FUN_0024f517,55,false,
0024f54e,FUN_0024f54e,8,false,
0024f556,FUN_0024f556,63,false,
0024f595,FUN_0024f595,88,false,
0024f5ed,FUN_0024f5ed,70,false,
0024f633,FUN_0024f633,69,false,
0024f678,FUN_0024f678,121,false,
0024f6f1,FUN_0024f6f1,72,false,
0024f767,FUN_0024f767,111,false,
0024f7d6,FUN_0024f7d6,32,false,
0024f7f6,FUN_0024f7f6,26,false,
0024f810,FUN_0024f810,73,false,
0024f859,FUN_0024f859,118,false,
0024f8cf,FUN_0024f8cf,56,false,
0024f907,FUN_0024f907,152,false,
0024f99f,FUN_0024f99f,111,false,
0024fa0e,FUN_0024fa0e,161,false,
0024faaf,FUN_0024faaf,45,false,
0024fadc,FUN_0024fadc,81,false,
0024fb36,FUN_0024fb36,56,false,
0024fb6e,FUN_0024fb6e,91,false,
0024fbc9,FUN_0024fbc9,69,false,
0024fc0e,FUN_0024fc0e,19,false,
0024fc2d,FUN_0024fc2d,31,false,
0024fc58,FUN_0024fc58,33,false,
0024fc8c,FUN_0024fc8c,1,false,
0024fc8d,FUN_0024fc8d,22,false,
0024fca3,FUN_0024fca3,30,false,
0024fcc1,XHVNamespace__CNetworkQueue__GetTickCount,57,false,community
0024fcfa,FUN_0024fcfa,36,false,
0024fd1e,FUN_0024fd1e,56,false,
0024fd56,FUN_0024fd56,108,false,
0024fdc2,FUN_0024fdc2,76,false,
0024fe0e,FUN_0024fe0e,94,false,
0024fe6c,FUN_0024fe6c,173,false,
0024ff19,FUN_0024ff19,42,false,
0024ff43,FUN_0024ff43,57,false,
0024ff7c,FUN_0024ff7c,145,false,
0025000d,InterlockedDecrement_0,44,false,community
00250039,FUN_00250039,80,false,
00250089,FUN_00250089,26,false,
002500a3,FUN_002500a3,455,false,
0025026a,FUN_0025026a,59,false,
002502a5,FUN_002502a5,558,false,
002504d3,FUN_002504d3,154,false,
0025056d,FUN_0025056d,96,false,
002505cd,FUN_002505cd,244,false,
002506c1,FUN_002506c1,20,false,
002506d5,FUN_002506d5,332,false,
00250821,FUN_00250821,92,false,
0025087d,FUN_0025087d,70,false,
002508c3,FUN_002508c3,96,false,
00250923,FUN_00250923,32,false,
00250943,FUN_00250943,32,false,
00250963,FUN_00250963,74,false,
002509ad,FUN_002509ad,53,false,
002509e2,FUN_002509e2,56,false,
00250a1a,FUN_00250a1a,38,false,
00250a40,FUN_00250a40,26,false,
00250a5a,FUN_00250a5a,185,false,
00250b13,FUN_00250b13,26,false,
00250b2d,FUN_00250b2d,169,false,
00250bd6,FUN_00250bd6,161,false,
00250c77,FUN_00250c77,106,false,
00250ce1,FUN_00250ce1,56,false,
00250d19,FUN_00250d19,141,false,
00250da6,FUN_00250da6,74,false,
00250e1e,FUN_00250e1e,320,false,
00250f5e,FUN_00250f5e,216,false,
00251036,FUN_00251036,24,false,
0025104e,FUN_0025104e,19,false,
00251061,FUN_00251061,52,false,
00251095,FUN_00251095,153,false,
0025112e,FUN_0025112e,75,false,
00251179,FUN_00251179,42,false,
002511a3,FUN_002511a3,108,false,
0025120f,FUN_0025120f,19,false,
00251222,FUN_00251222,142,false,
002512b0,FUN_002512b0,34,false,
002512d2,FUN_002512d2,39,false,
002512f9,FUN_002512f9,33,false,
0025131a,FUN_0025131a,297,false,
00251443,FUN_00251443,593,false,
00251694,FUN_00251694,367,false,
00251803,FUN_00251803,46,false,
00251831,FUN_00251831,334,false,
0025197f,FUN_0025197f,62,false,
002519bd,FUN_002519bd,57,false,
002519f6,FUN_002519f6,91,false,
00251a51,FUN_00251a51,96,false,
00251b16,FUN_00251b16,109,false,
00251b83,FUN_00251b83,79,false,
00251bd2,FUN_00251bd2,466,false,
00251da4,FUN_00251da4,234,false,
00251e8e,FUN_00251e8e,259,false,
00251f91,FUN_00251f91,135,false,
00252018,FUN_00252018,94,false,
00252076,FUN_00252076,134,false,
002520fc,FUN_002520fc,85,false,
00252151,FUN_00252151,588,false,
0025239d,FUN_0025239d,426,false,
00252547,FUN_00252547,557,false,
00252774,FUN_00252774,104,false,
002527dc,FUN_002527dc,1056,false,
00252bfc,FUN_00252bfc,1037,false,
00253009,FUN_00253009,66,false,
0025304b,FUN_0025304b,156,false,
002530e7,FUN_002530e7,119,false,
0025315e,FUN_0025315e,345,false,
002532b7,FUN_002532b7,253,false,
002533b4,FUN_002533b4,53,false,
002533e9,FUN_002533e9,110,false,
00253457,FUN_00253457,17,false,
00253468,FUN_00253468,139,false,
002534f3,FUN_002534f3,778,false,
002537fd,FUN_002537fd,193,false,
002538be,FUN_002538be,734,false,
00253b9c,FUN_00253b9c,350,false,
00253cfa,FUN_00253cfa,244,false,
00253dee,FUN_00253dee,151,false,
00253e85,FUN_00253e85,338,false,
00253fd7,FUN_00253fd7,71,false,
0025401e,FUN_0025401e,98,false,
00254080,FUN_00254080,241,false,
00254171,FUN_00254171,372,false,
002542e5,FUN_002542e5,817,false,
00254616,FUN_00254616,173,false,
002546c3,FUN_002546c3,104,false,
0025472b,FUN_0025472b,2701,false,
002551b8,FUN_002551b8,339,false,
0025530b,FUN_0025530b,347,false,
00255466,FUN_00255466,181,false,
0025551b,FUN_0025551b,126,false,
00255599,FUN_00255599,32,false,
002555b9,FUN_002555b9,160,false,
00255659,FUN_00255659,35,false,
0025567c,FUN_0025567c,45,false,
002556a9,FUN_002556a9,38,false,
002556cf,FUN_002556cf,24,false,
002556e7,FUN_002556e7,44,false,
00255713,FUN_00255713,26,false,
0025572d,FUN_0025572d,21,false,
00255742,FUN_00255742,85,false,
00255797,FUN_00255797,118,false,
0025580d,FUN_0025580d,111,false,
0025587c,FUN_0025587c,7,false,
00255883,FUN_00255883,7,false,
0025588a,FUN_0025588a,14,false,
00255898,FUN_00255898,7,false,
0025589f,FUN_0025589f,78,false,
002558ed,FUN_002558ed,127,false,
0025596c,FUN_0025596c,269,false,
00255a79,FUN_00255a79,739,false,
00255d5c,FUN_00255d5c,2082,false,
0025657e,FUN_0025657e,137,false,
00256607,FUN_00256607,453,false,
002567cc,FUN_002567cc,374,false,
00256942,FUN_00256942,671,false,
00256be1,FUN_00256be1,420,false,
00256d85,FUN_00256d85,191,false,
00256e44,FUN_00256e44,242,false,
00256f36,FUN_00256f36,79,false,
00256f85,FUN_00256f85,296,false,
002570ad,FUN_002570ad,463,false,
0025727c,FUN_0025727c,178,false,
0025732e,FUN_0025732e,137,false,
002573b7,FUN_002573b7,171,false,
00257470,__allshr,33,true,xbsymboldb
002574b0,FUN_002574b0,20,false,
002574cd,FUN_002574cd,174,false,
002647b0,FUN_002647b0,203,false,
00265030,FUN_00265030,69,false,
00266790,FUN_00266790,98,false,
00269cc0,FUN_00269cc0,1570,false,
002a26f0,FUN_002a26f0,100,false,
002a2760,FUN_002a2760,127,false,
002a27e0,FUN_002a27e0,127,false,
002a2860,FUN_002a2860,127,false,
002a28e0,FUN_002a28e0,127,false,
002af400,FUN_002af400,58,false,
002af520,FUN_002af520,74,false,
002af810,FUN_002af810,102,false,
002b0ed0,FUN_002b0ed0,92,false,
002b0f30,FUN_002b0f30,92,false,
002b4ea0,FUN_002b4ea0,143,false,
002b4f30,FUN_002b4f30,143,false,
002b4fc0,FUN_002b4fc0,143,false,
002b5050,FUN_002b5050,143,false,
002b5180,FUN_002b5180,82,false,
002b51e0,FUN_002b51e0,82,false,
002b5240,FUN_002b5240,103,false,
002b52b0,FUN_002b52b0,103,false,
002b5380,FUN_002b5380,94,false,
002b6440,FUN_002b6440,105,false,
002b64b0,FUN_002b64b0,105,false,
002b6c00,FUN_002b6c00,89,false,
002b70e0,FUN_002b70e0,138,false,
002b7170,FUN_002b7170,133,false,
002b7200,FUN_002b7200,133,false,
002b72f0,FUN_002b72f0,117,false,
002b7370,FUN_002b7370,121,false,
002cc200,FUN_002cc200,116,false,
002cc274,FUN_002cc274,153,false,
002cc30d,XMVDecoder_CreateDecoderForFile,557,true,xbsymboldb
002cc53a,XMVDecoder_CreateDecoderForPackets,791,true,xbsymboldb
002cc851,XMVDecoder_CloseDecoder,228,true,xbsymboldb
002cc935,XMVDecoder_GetVideoDescriptor,28,true,xbsymboldb
002cc951,XMVDecoder_TerminateImmediately,459,true,xbsymboldb
002ccb1c,XMVDecoder_GetNextFrame,1661,true,xbsymboldb
002cd199,FUN_002cd199,21,false,
002cd1ae,FUN_002cd1ae,21,false,
002cd1c3,FUN_002cd1c3,37,false,
002cd1e8,FUN_002cd1e8,69,false,
002cd22d,FUN_002cd22d,74,false,
002cd277,FUN_002cd277,247,false,
002cd36e,FUN_002cd36e,349,false,
002cd4cb,FUN_002cd4cb,305,false,
002cd6b6,FUN_002cd6b6,476,false,
002cd892,FUN_002cd892,325,false,
002cda91,FUN_002cda91,476,false,
002cdc6d,FUN_002cdc6d,214,false,
002cdd43,FUN_002cdd43,816,false,
002ce073,FUN_002ce073,301,false,
002ce1a0,FUN_002ce1a0,1007,false,
002ce58f,FUN_002ce58f,105,false,
002ce5f8,FUN_002ce5f8,316,false,
002ce734,FUN_002ce734,474,false,
002ce90e,FUN_002ce90e,829,false,
002cec4b,FUN_002cec4b,47,false,
002cec7a,FUN_002cec7a,2723,false,
002cf71d,FUN_002cf71d,107,false,
002cf788,FUN_002cf788,1133,false,
002cfbf5,FUN_002cfbf5,1666,false,
002d0277,FUN_002d0277,631,false,
002d04ee,FUN_002d04ee,682,false,
002d0798,FUN_002d0798,47,false,
002d07c7,FUN_002d07c7,30,false,
002d07e5,FUN_002d07e5,104,false,
002d084d,FUN_002d084d,47,false,
002d087c,FUN_002d087c,133,false,
002d0901,FUN_002d0901,462,false,
002d0acf,FUN_002d0acf,361,false,
002d0c38,FUN_002d0c38,137,false,
002d0cc1,FUN_002d0cc1,188,false,
002d0d7d,FUN_002d0d7d,346,false,
002d0ed7,FUN_002d0ed7,641,false,
002d1158,FUN_002d1158,888,false,
002d14d0,FUN_002d14d0,511,false,
002d16cf,FUN_002d16cf,485,false,
002d18b4,FUN_002d18b4,1645,false,
002d1f21,FUN_002d1f21,2109,false,
002d275e,FUN_002d275e,526,false,
002d296c,FUN_002d296c,172,false,
002d2a18,FUN_002d2a18,805,false,
002d2d6d,FUN_002d2d6d,61,false,
002d2daa,FUN_002d2daa,277,false,
002d2ebf,FUN_002d2ebf,62,false,
002d2efd,FUN_002d2efd,197,false,
002d2fc2,FUN_002d2fc2,130,false,
002d3044,FUN_002d3044,1297,false,
002d3585,FUN_002d3585,152,false,
002d361d,FUN_002d361d,722,false,
002d38ef,FUN_002d38ef,589,false,
002d3b3c,FUN_002d3b3c,2234,false,
002d43f6,FUN_002d43f6,739,false,
002f3f40,FUN_002f3f40,31,false,
002f3f5f,operator_new_4,17,false,community
002f3f70,FUN_002f3f70,34,false,
002f3f92,FUN_002f3f92,23,false,
002f3fa9,FUN_002f3fa9,37,false,
002f3fce,FUN_002f3fce,30,false,
002f400a,DSound_CRefCount_Release,33,true,xbsymboldb
002f402b,FUN_002f402b,73,false,
002f4074,FUN_002f4074,4,false,
002f4078,FUN_002f4078,41,false,
002f40a1,FUN_002f40a1,55,false,
002f40d8,FUN_002f40d8,32,false,
002f40f8,FUN_002f40f8,52,false,
002f412c,FUN_002f412c,34,false,
002f414e,FUN_002f414e,39,false,
002f4175,DirectSoundEnterCriticalSection,30,true,xbsymboldb
002f4193,FUN_002f4193,47,false,
002f41c2,FUN_002f41c2,63,false,
002f4201,IDirectSound_Release,22,true,xbsymboldb
002f4217,IDirectSoundBuffer_Release,22,true,xbsymboldb
002f422d,DirectSoundUseLightHRTF,31,true,xbsymboldb
002f424c,XAudioCalculatePitch,74,true,xbsymboldb
002f4296,FUN_002f4296,34,false,
002f42b8,DirectSound_CDirectSound_CDirectSound,29,false,community
002f42d5,FUN_002f42d5,58,false,
002f430f,CDirectSound_GetSpeakerConfig,77,true,xbsymboldb
002f435c,CDirectSound_DownloadEffectsImage,100,true,xbsymboldb
002f43c0,CDirectSound_SetEffectData,98,true,xbsymboldb
002f4422,CDirectSound_GetEffectData,95,true,xbsymboldb
002f4481,CDirectSound_CommitEffectData,80,true,xbsymboldb
002f44d1,CDirectSound_SetMixBinHeadroom,95,true,xbsymboldb
002f4530,CDirectSound_GetOutputLevels,70,true,xbsymboldb
002f4576,CDirectSound_SynchPlayback,77,true,xbsymboldb
002f45c3,CDirectSound_DoWork,49,true,xbsymboldb
002f45f4,CDirectSound_EnableHeadphones,283,true,xbsymboldb
002f470f,CDirectSoundVoiceSettings_SetMixBinVolumes,37,true,xbsymboldb
002f4734,FUN_002f4734,110,false,
002f47a2,FUN_002f47a2,77,false,
002f47ef,CDirectSoundVoice_SetPitch,25,true,xbsymboldb
002f4808,CDirectSoundVoice_SetVolume,28,true,xbsymboldb
002f4824,CDirectSoundVoice_SetHeadroom,35,true,xbsymboldb
002f4847,CDirectSoundVoice_SetMixBinVolumes,29,true,xbsymboldb
002f4864,CDirectSoundVoice_CommitDeferredSettings,17,true,xbsymboldb
002f4875,FUN_002f4875,213,false,
002f494a,FUN_002f494a,51,false,
002f4a0e,CDirectSoundBuffer_Play,81,true,xbsymboldb
002f4a5f,CDirectSoundBuffer_Stop,79,true,xbsymboldb
002f4aae,CDirectSoundBuffer_StopEx,89,true,xbsymboldb
002f4b07,CDirectSoundBuffer_GetStatus,81,true,xbsymboldb
002f4b58,CDirectSoundBuffer_SetLoopRegion,133,true,xbsymboldb
002f4bdd,CDirectSoundBuffer_GetCurrentPosition,85,true,xbsymboldb
002f4c32,CDirectSoundBuffer_SetCurrentPosition,81,true,xbsymboldb
002f4c83,FUN_002f4c83,62,false,
002f4ea6,CDirectSoundStream_Process,119,true,xbsymboldb
002f4f1d,CDirectSoundStream_Pause,81,true,xbsymboldb
002f4f6e,CDirectSoundStream_FlushEx,106,true,xbsymboldb
002f4fd8,CDirectSound3DCalculator_GetVoiceData,737,true,xbsymboldb
002f52b9,FUN_002f52b9,55,false,
002f5320,CDirectSoundBuffer_SetVolume,78,true,xbsymboldb
002f536e,CDirectSoundBuffer_SetHeadroom,78,true,xbsymboldb
002f53bc,CDirectSoundBuffer_SetMixBinVolumes,78,true,xbsymboldb
002f540a,CDirectSoundStream_SetVolume,82,true,xbsymboldb
002f545c,CDirectSoundStream_SetHeadroom,82,true,xbsymboldb
002f54ae,CDirectSoundStream_SetMixBinVolumes_8,82,true,xbsymboldb
002f5500,IDirectSound_GetSpeakerConfig,28,true,xbsymboldb
002f551c,IDirectSound_DownloadEffectsImage,39,true,xbsymboldb
002f5543,IDirectSound_GetEffectData,39,true,xbsymboldb
002f556a,IDirectSound_SetEffectData,42,true,xbsymboldb
002f55ac,IDirectSound_EnableHeadphones,28,true,xbsymboldb
002f55c8,IDirectSound_SetMixBinHeadroom,32,true,xbsymboldb
002f55e8,IDirectSound_GetOutputLevels,32,true,xbsymboldb
002f5608,IDirectSound_SynchPlayback,24,true,xbsymboldb
002f5620,IDirectSoundBuffer_SetVolume,28,true,xbsymboldb
002f563c,IDirectSoundBuffer_SetHeadroom,28,true,xbsymboldb
002f5658,IDirectSoundBuffer_SetMixBinVolumes_8,28,true,xbsymboldb
002f5674,IDirectSoundBuffer_Play,36,true,xbsymboldb
002f5698,IDirectSoundBuffer_Stop,24,true,xbsymboldb
002f56b0,IDirectSoundBuffer_StopEx,36,true,xbsymboldb
002f56d4,IDirectSoundBuffer_SetLoopRegion,32,true,xbsymboldb
002f56f4,IDirectSoundBuffer_GetStatus,28,true,xbsymboldb
002f5710,IDirectSoundBuffer_GetCurrentPosition,32,true,xbsymboldb
002f5730,IDirectSoundBuffer_SetCurrentPosition,28,true,xbsymboldb
002f574c,IDirectSoundStream_SetVolume,5,true,xbsymboldb
002f5751,IDirectSoundStream_SetHeadroom,5,true,xbsymboldb
002f5756,IDirectSoundStream_SetMixBinVolumes_8,5,true,xbsymboldb
002f575b,IDirectSoundStream_Pause,5,true,xbsymboldb
002f5760,IDirectSoundStream_FlushEx,24,true,xbsymboldb
002f5778,DirectSoundDoWork,41,true,xbsymboldb
002f57a1,FUN_002f57a1,27,false,
002f57bc,FUN_002f57bc,203,false,
002f5887,FUN_002f5887,211,false,
002f595a,FUN_002f595a,42,false,
002f5984,FUN_002f5984,27,false,
002f599f,FUN_002f599f,151,false,
002f5a36,CDirectSoundVoice_SetFrequency,36,true,xbsymboldb
002f5a5a,CDirectSoundVoice_SetOutputBuffer,84,true,xbsymboldb
002f5aae,CDirectSoundVoice_SetMixBins,29,true,xbsymboldb
002f5acb,CDirectSoundVoice_SetAllParameters,312,true,xbsymboldb
002f5c03,CDirectSoundVoice_SetRolloffCurve,67,true,xbsymboldb
002f5c46,CDirectSoundVoice_SetI3DL2Source,202,true,xbsymboldb
002f5d10,FUN_002f5d10,36,false,
002f5d34,FUN_002f5d34,24,false,
002f5d4c,FUN_002f5d4c,27,false,
002f5d67,CDirectSoundBuffer_SetPlayRegion,128,true,xbsymboldb
002f5de7,FUN_002f5de7,27,false,
002f5e02,CDirectSoundBuffer_SetFrequency,78,true,xbsymboldb
002f5e50,CDirectSoundBuffer_SetOutputBuffer,78,true,xbsymboldb
002f5e9e,CDirectSoundBuffer_SetMixBins,78,true,xbsymboldb
002f5eec,CDirectSoundBuffer_SetAllParameters,82,true,xbsymboldb
002f5f3e,CDirectSoundBuffer_SetRolloffCurve,86,true,xbsymboldb
002f5f94,CDirectSoundBuffer_SetI3DL2Source,82,true,xbsymboldb
002f5fe6,CDirectSoundStream_SetMixBins,82,true,xbsymboldb
002f6038,IDirectSoundBuffer_SetFrequency,28,true,xbsymboldb
002f6054,IDirectSoundBuffer_SetOutputBuffer,28,true,xbsymboldb
002f6070,IDirectSoundBuffer_SetMixBins,28,true,xbsymboldb
002f608c,IDirectSoundBuffer_SetAllParameters,32,true,xbsymboldb
002f60ac,IDirectSoundBuffer_SetRolloffCurve,36,true,xbsymboldb
002f60d0,IDirectSoundBuffer_SetI3DL2Source,32,true,xbsymboldb
002f60f0,IDirectSoundBuffer_SetPlayRegion,32,true,xbsymboldb
002f6110,IDirectSoundStream_SetMixBins,5,true,xbsymboldb
002f6115,FUN_002f6115,201,false,
002f61de,FUN_002f61de,77,false,
002f622b,FUN_002f622b,134,false,
002f62b1,CDirectSoundVoice_SetFormat,68,true,xbsymboldb
002f62f5,CDirectSoundBufferSettings_SetBufferData,140,true,xbsymboldb
002f6381,CDirectSoundBuffer_SetBufferData,174,true,xbsymboldb
002f642f,CDirectSoundStream_Constructor,37,true,xbsymboldb
002f6454,CDirectSound3DCalculator_Calculate3D,576,true,xbsymboldb
002f6694,CDirectSoundBuffer_SetFormat,78,true,xbsymboldb
002f66e2,CDirectSoundStream_SetFormat,82,true,xbsymboldb
002f6734,IDirectSoundBuffer_SetFormat,28,true,xbsymboldb
002f6750,IDirectSoundBuffer_SetBufferData,32,true,xbsymboldb
002f6770,IDirectSoundStream_SetFormat,5,true,xbsymboldb
002f6775,FUN_002f6775,143,false,
002f6804,CDirectSound_CommitDeferredSettings,154,true,xbsymboldb
002f689e,FUN_002f689e,27,false,
002f68b9,FUN_002f68b9,258,false,
002f69bb,FUN_002f69bb,37,false,
002f69e0,FUN_002f69e0,101,false,
002f6a45,FUN_002f6a45,231,false,
002f6b2c,FUN_002f6b2c,33,false,
002f6b4d,FUN_002f6b4d,57,false,
002f6b86,FUN_002f6b86,170,false,
002f6c30,IDirectSound_CommitDeferredSettings,24,true,xbsymboldb
002f6c48,CDirectSound_CreateSoundBuffer,156,true,xbsymboldb
002f6ce4,CDirectSound_CreateSoundStream,145,true,xbsymboldb
002f6d75,CDirectSound_SetDistanceFactor,95,true,xbsymboldb
002f6dd4,CDirectSound_SetDopplerFactor,95,true,xbsymboldb
002f6e33,CDirectSound_SetRolloffFactor,95,true,xbsymboldb
002f6e92,CDirectSound_SetOrientation,141,true,xbsymboldb
002f6f1f,CDirectSound_SetPosition,115,true,xbsymboldb
002f6f92,CDirectSound_SetVelocity,115,true,xbsymboldb
002f7005,CDirectSound_SetI3DL2Listener,264,true,xbsymboldb
002f710d,FUN_002f710d,27,false,
002f7128,IDirectSound_CreateSoundBuffer,36,true,xbsymboldb
002f7170,IDirectSound_SetDopplerFactor,36,true,xbsymboldb
002f7194,IDirectSound_SetOrientation,74,true,xbsymboldb
002f71de,IDirectSound_SetPosition,53,true,xbsymboldb
002f7237,IDirectSound_SetVelocity,53,true,xbsymboldb
002f728c,DirectSound_CDirectSound_Initialize,313,false,community
002f73c5,FUN_002f73c5,109,false,
002f7432,DirectSoundCreate,71,true,xbsymboldb
002f7479,DirectSoundCreateStream,87,true,xbsymboldb
002f74d0,DSound_CMemoryManager_PoolAlloc,71,true,xbsymboldb
002f7517,FUN_002f7517,24,false,
002f752f,FUN_002f752f,79,false,
002f757e,FUN_002f757e,24,false,
002f7596,FUN_002f7596,104,false,
002f75fe,FUN_002f75fe,52,false,
002f7632,FUN_002f7632,41,false,
002f765b,FUN_002f765b,39,false,
002f7682,FUN_002f7682,73,false,
002f76cb,FUN_002f76cb,67,false,
002f770e,FUN_002f770e,11,false,
002f7724,FUN_002f7724,39,false,
002f774b,FUN_002f774b,55,false,
002f7782,FUN_002f7782,73,false,
002f77cb,FUN_002f77cb,61,false,
002f7808,FUN_002f7808,150,false,
002f789e,FUN_002f789e,75,false,
002f78e9,FUN_002f78e9,273,false,
002f79fa,FUN_002f79fa,144,false,
002f7a8a,FUN_002f7a8a,121,false,
002f7b03,FUN_002f7b03,58,false,
002f7b3d,FUN_002f7b3d,232,false,
002f7c25,FUN_002f7c25,183,false,
002f7cdc,CLightHRTFSource_GetCenterVolume,105,true,xbsymboldb
002f7d45,FUN_002f7d45,122,false,
002f7dbf,CHRTFSource_SetLightHRTF5Channel,111,true,xbsymboldb
002f7e2e,FUN_002f7e2e,31,false,
002f7e4d,FUN_002f7e4d,117,false,
002f7ec2,FUN_002f7ec2,373,false,
002f8037,FUN_002f8037,39,false,
002f805e,FUN_002f805e,101,false,
002f80c3,FUN_002f80c3,20,false,
002f80d7,FUN_002f80d7,23,false,
002f80ee,FUN_002f80ee,65,false,
002f812f,FUN_002f812f,153,false,
002f81c8,FUN_002f81c8,169,false,
002f8271,FUN_002f8271,58,false,
002f82ab,FUN_002f82ab,42,false,
002f82d5,FUN_002f82d5,152,false,
002f836d,FUN_002f836d,99,false,
002f83d0,FUN_002f83d0,145,false,
002f8461,FUN_002f8461,109,false,
002f84ce,FUN_002f84ce,99,false,
002f8531,FUN_002f8531,121,false,
002f85aa,FUN_002f85aa,44,false,
002f85d6,FUN_002f85d6,110,false,
002f8644,FUN_002f8644,80,false,
002f8694,FUN_002f8694,37,false,
002f86b9,FUN_002f86b9,98,false,
002f871b,FUN_002f871b,130,false,
002f879d,CMcpxAPU_ServiceDeferredCommandsLow,146,true,xbsymboldb
002f882f,FUN_002f882f,55,false,
002f8866,CMcpxAPU_SetMixBinHeadroom,69,true,xbsymboldb
002f88ab,FUN_002f88ab,89,false,
002f8904,FUN_002f8904,39,false,
002f892b,FUN_002f892b,17,false,
002f893c,CMcpxAPU_SynchPlayback,319,true,xbsymboldb
002f8a7b,FUN_002f8a7b,183,false,
002f8b5a,FUN_002f8b5a,171,false,
002f8c05,FUN_002f8c05,66,false,
002f8c47,FUN_002f8c47,22,false,
002f8c5d,FUN_002f8c5d,68,false,
002f8cad,FUN_002f8cad,27,false,
002f8cc8,FUN_002f8cc8,71,false,
002f8d0f,FUN_002f8d0f,214,false,
002f8de5,FUN_002f8de5,85,false,
002f8e3a,FUN_002f8e3a,71,false,
002f8e8d,FUN_002f8e8d,242,false,
002f8f7f,FUN_002f8f7f,30,false,
002f8f9d,FUN_002f8f9d,68,false,
002f8fe1,FUN_002f8fe1,27,false,
002f8ffc,FUN_002f8ffc,30,false,
002f901a,FUN_002f901a,25,false,
002f9033,FUN_002f9033,34,false,
002f9055,FUN_002f9055,24,false,
002f906d,FUN_002f906d,167,false,
002f9114,CMcpxStream_Stop,114,true,xbsymboldb
002f9186,CMcpxStream_GetStatus,90,true,xbsymboldb
002f91e0,FUN_002f91e0,45,false,
002f920d,FUN_002f920d,355,false,
002f9370,FUN_002f9370,213,false,
002f9445,FUN_002f9445,76,false,
002f9491,FUN_002f9491,64,false,
002f9500,FUN_002f9500,26,false,
002f951a,DirectSound_AddRef_DirectSound_CDirectSound,21,false,community
002f952f,FUN_002f952f,171,false,
002f95da,CMcpxStream_Stop_Ex,57,true,xbsymboldb
002f9613,FUN_002f9613,103,false,
002f967a,FUN_002f967a,118,false,
002f96f0,FUN_002f96f0,40,false,
002f9718,CMcpxStream_Discontinuity,45,true,xbsymboldb
002f9745,FUN_002f9745,195,false,
002f9808,CMcpxStream_Flush,224,true,xbsymboldb
002f98e8,FUN_002f98e8,16,false,
002f98f8,FUN_002f98f8,228,false,
002f99dc,FUN_002f99dc,136,false,
002f9a64,FUN_002f9a64,93,false,
002f9ac1,FUN_002f9ac1,239,false,
002f9bb0,FUN_002f9bb0,206,false,
002f9c7e,CMcpxStream_Pause,142,true,xbsymboldb
002f9d57,FUN_002f9d57,27,false,
002f9d72,FUN_002f9d72,119,false,
002f9de9,FUN_002f9de9,30,false,
002f9e07,FUN_002f9e07,54,false,
002f9e3d,FUN_002f9e3d,39,false,
002f9e64,FUN_002f9e64,32,false,
002f9e84,FUN_002f9e84,34,false,
002f9ea6,FUN_002f9ea6,139,false,
002f9f31,FUN_002f9f31,209,false,
002fa002,FUN_002fa002,33,false,
002fa023,FUN_002fa023,109,false,
002fa090,FUN_002fa090,23,false,
002fa0a7,FUN_002fa0a7,37,false,
002fa0cc,FUN_002fa0cc,97,false,
002fa12d,FUN_002fa12d,132,false,
002fa1b1,FUN_002fa1b1,225,false,
002fa292,FUN_002fa292,27,false,
002fa2ad,FUN_002fa2ad,27,false,
002fa2c8,FUN_002fa2c8,143,false,
002fa357,FUN_002fa357,92,false,
002fa3b3,FUN_002fa3b3,27,false,
002fa3ce,FUN_002fa3ce,153,false,
002fa467,FUN_002fa467,75,false,
002fa4c8,FUN_002fa4c8,4,false,
002fa4cc,FUN_002fa4cc,4,false,
002fa4d0,FUN_002fa4d0,34,false,
002fa4f2,FUN_002fa4f2,28,false,
002fa50e,FUN_002fa50e,75,false,
002fa559,FUN_002fa559,275,false,
002fa66c,FUN_002fa66c,136,false,
002fa6f4,FUN_002fa6f4,177,false,
002fa7a5,FUN_002fa7a5,596,false,
002fa9f9,FUN_002fa9f9,130,false,
002faa7b,FUN_002faa7b,116,false,
002faaef,FUN_002faaef,476,false,
002faccb,FUN_002faccb,101,false,
002fad30,FUN_002fad30,132,false,
002fadb4,FUN_002fadb4,84,false,
002fae08,FUN_002fae08,230,false,
002faeee,FUN_002faeee,367,false,
002fb05d,CMcpxVoiceClient_SetFilter,330,true,xbsymboldb
002fb1a7,FUN_002fb1a7,139,false,
002fb232,FUN_002fb232,30,false,
002fb250,FUN_002fb250,23,false,
002fb267,FUN_002fb267,378,false,
002fb3e1,CMcpxVoiceClient_SetMixBins,193,true,xbsymboldb
002fb4a2,CMcpxVoiceClient_SetVolume,152,true,xbsymboldb
002fb53a,CMcpxVoiceClient_SetPitch,146,true,xbsymboldb
002fb5cc,FUN_002fb5cc,28,false,
002fb5e8,FUN_002fb5e8,105,false,
002fb651,FUN_002fb651,101,false,
002fb6b6,FUN_002fb6b6,314,false,
002fb7f0,CMcpxVoiceClient_Commit3dSettings,133,true,xbsymboldb
002fb875,FUN_002fb875,269,false,
002fb982,FUN_002fb982,263,false,
002fba89,FUN_002fba89,56,false,
002fbac1,FUN_002fbac1,460,false,
002fbc8d,FUN_002fbc8d,27,false,
002fbca8,FUN_002fbca8,114,false,
002fbd1a,FUN_002fbd1a,67,false,
002fbd5d,FUN_002fbd5d,321,false,
002fbe9e,FUN_002fbe9e,383,false,
002fc01d,CMcpxBuffer_Pause,115,true,xbsymboldb
002fc090,CMcpxBuffer_GetStatus,66,true,xbsymboldb
002fc0d2,CMcpxBuffer_GetCurrentPosition,223,true,xbsymboldb
002fc1b1,FUN_002fc1b1,71,false,
002fc1f8,FUN_002fc1f8,97,false,
002fc259,FUN_002fc259,58,false,
002fc2c2,FUN_002fc2c2,26,false,
002fc2dc,FUN_002fc2dc,92,false,
002fc338,FUN_002fc338,101,false,
002fc39d,FUN_002fc39d,82,false,
002fc3ef,FUN_002fc3ef,159,false,
002fc48e,FUN_002fc48e,78,false,
002fc4dc,CMcpxBuffer_Play,176,true,xbsymboldb
002fc58c,FUN_002fc58c,75,false,
002fc5d7,FUN_002fc5d7,30,false,
002fc5f5,CMcpxBuffer_Stop,144,true,xbsymboldb
002fc685,CMcpxBuffer_SetCurrentPosition,246,true,xbsymboldb
002fc77b,FUN_002fc77b,36,false,
002fc79f,CMcpxBuffer_SetBufferData,26,true,xbsymboldb
002fc7b9,FUN_002fc7b9,77,false,
002fc806,FUN_002fc806,88,false,
002fc85e,CMcpxBuffer_Stop_Ex,57,true,xbsymboldb
002fc897,FUN_002fc897,27,false,
002fc8b2,FUN_002fc8b2,61,false,
002fc8ef,FUN_002fc8ef,49,false,
002fc96f,FUN_002fc96f,27,false,
002fc98a,FUN_002fc98a,9,false,
002fc993,FUN_002fc993,78,false,
002fc9e1,FUN_002fc9e1,142,false,
002fca6f,FUN_002fca6f,57,false,
002fcaa8,FUN_002fcaa8,30,false,
002fcac6,FUN_002fcac6,56,false,
002fcafe,FUN_002fcafe,154,false,
002fcb98,FUN_002fcb98,125,false,
002fcc15,FUN_002fcc15,77,false,
002fcc62,FUN_002fcc62,189,false,
002fcd1f,FUN_002fcd1f,140,false,
002fcdab,FUN_002fcdab,97,false,
002fce0c,FUN_002fce0c,171,false,
002fceb7,FUN_002fceb7,303,false,
002fcfe6,FUN_002fcfe6,234,false,
002fd0d0,FUN_002fd0d0,904,false,
002fd458,FUN_002fd458,26,false,
002fd472,FUN_002fd472,46,false,
002fd4a0,FUN_002fd4a0,179,false,
002fd553,FUN_002fd553,82,false,
002fd5a5,FUN_002fd5a5,40,false,
002fd5cd,FUN_002fd5cd,216,false,
002fd6a5,FUN_002fd6a5,121,false,
002fd71e,FUN_002fd71e,45,false,
002fd74b,FUN_002fd74b,207,false,
002fd81a,FUN_002fd81a,211,false,
002fd8ed,FUN_002fd8ed,319,false,
002fda2c,FUN_002fda2c,420,false,
002fdbd0,FUN_002fdbd0,185,false,
002fdc89,FUN_002fdc89,55,false,
002fdcc0,FUN_002fdcc0,55,false,
002fdcf7,FUN_002fdcf7,91,false,
002fdd52,FUN_002fdd52,98,false,
002fddb4,FUN_002fddb4,119,false,
002fde2b,FUN_002fde2b,61,false,
002fde68,FUN_002fde68,63,false,
002fdea7,FUN_002fdea7,122,false,
002fdf21,FUN_002fdf21,44,false,
002fdf4d,FUN_002fdf4d,35,false,
002fdf70,FUN_002fdf70,165,false,
002fe015,FUN_002fe015,205,false,
002fe0e2,FUN_002fe0e2,384,false,
002fe262,FUN_002fe262,221,false,
002fe33f,FUN_002fe33f,27,false,
002fe35a,FUN_002fe35a,125,false,
002fe3d7,FUN_002fe3d7,108,false,
002fe443,FUN_002fe443,8,false,
002fe44b,FUN_002fe44b,45,false,
002fe478,FUN_002fe478,80,false,
002fe4c8,FUN_002fe4c8,20,false,
002fe4dc,FUN_002fe4dc,29,false,
002fe4f9,FUN_002fe4f9,24,false,
002fe511,FUN_002fe511,47,false,
002fe540,FUN_002fe540,144,false,
002fe5d0,FUN_002fe5d0,49,false,
002fe601,FUN_002fe601,46,false,
002fe63d,FUN_002fe63d,104,false,
002fe6a5,FUN_002fe6a5,145,false,
002fe736,FUN_002fe736,114,false,
002fe7a8,FUN_002fe7a8,78,false,
002fe7f6,FUN_002fe7f6,90,false,
002fe850,FUN_002fe850,162,false,
002fe8f2,FUN_002fe8f2,78,false,
002fe940,FUN_002fe940,87,false,
002fe997,FUN_002fe997,212,false,
002fea6b,FUN_002fea6b,89,false,
002feae1,FUN_002feae1,63,false,
002feb20,FUN_002feb20,111,false,
002feb9e,FUN_002feb9e,13,false,
002febab,FUN_002febab,223,false,
002fec8a,FUN_002fec8a,6,false,
002fec90,FUN_002fec90,158,false,
002fed2e,FUN_002fed2e,13,false,
002fed3b,FUN_002fed3b,4,false,
002fed3f,FUN_002fed3f,119,false,
002fedb6,FUN_002fedb6,40,false,
002fedde,FUN_002fedde,69,false,
002fee23,FUN_002fee23,29,false,
002fee40,FUN_002fee40,306,false,
00300d00,FUN_00300d00,24,false,
00300d5c,FUN_00300d5c,22,false,
00300d72,FUN_00300d72,265,false,
00300e7b,FUN_00300e7b,240,false,
00300f6b,FUN_00300f6b,148,false,
00301023,FUN_00301023,68,false,
003010d3,FUN_003010d3,156,false,
003011bb,FUN_003011bb,81,false,
0030120c,FUN_0030120c,189,false,
003012c9,FUN_003012c9,100,false,
0030132d,FUN_0030132d,195,false,
003013f0,FUN_003013f0,103,false,
00301457,FUN_00301457,180,false,
0030150b,FUN_0030150b,208,false,
003015db,FUN_003015db,61,false,
0030161d,FUN_0030161d,53,false,
00301652,FUN_00301652,74,false,
00301755,FUN_00301755,172,false,
00301801,FUN_00301801,30,false,
0030181f,FUN_0030181f,310,false,
00301955,FUN_00301955,97,false,
003019b6,FUN_003019b6,32,false,
003019d6,FUN_003019d6,246,false,
00301acc,FUN_00301acc,190,false,
00301b8a,FUN_00301b8a,71,false,
00301bd1,FUN_00301bd1,110,false,
00301c3f,FUN_00301c3f,30,false,
00301c5d,FUN_00301c5d,68,false,
00301ca1,FUN_00301ca1,32,false,
00301cc1,FUN_00301cc1,87,false,
00301d18,FUN_00301d18,110,false,
00301d90,FUN_00301d90,54,false,
00301dc6,FUN_00301dc6,37,false,
00301deb,FUN_00301deb,116,false,
00301e5f,FUN_00301e5f,54,false,
00301e95,FUN_00301e95,161,false,
00301f36,FUN_00301f36,489,false,
0030211f,XWmaDecoderCreateMediaObject,92,true,xbsymboldb
0030217b,WmaCreateInMemoryDecoder,129,true,xbsymboldb
003021fc,WmaCreateDecoder,118,true,xbsymboldb
00302272,WmaCreateInMemoryDecoderEx,9,true,xbsymboldb
0030227b,WmaCreateDecoderEx,9,true,xbsymboldb
00302284,FUN_00302284,445,false,
00302441,FUN_00302441,231,false,
00302528,FUN_00302528,76,false,
00302574,FUN_00302574,219,false,
0030264f,FUN_0030264f,606,false,
003028ad,FUN_003028ad,208,false,
0030297d,FUN_0030297d,381,false,
00302afa,FUN_00302afa,199,false,
00302bc1,FUN_00302bc1,818,false,
00302ef3,FUN_00302ef3,212,false,
00302fc7,FUN_00302fc7,57,false,
00303000,FUN_00303000,115,false,
00303073,FUN_00303073,183,false,
0030312a,FUN_0030312a,241,false,
0030321b,FUN_0030321b,185,false,
003032d4,FUN_003032d4,759,false,
003035cb,FUN_003035cb,518,false,
003037d1,FUN_003037d1,160,false,
00303871,FUN_00303871,850,false,
00303bc3,FUN_00303bc3,225,false,
00303ca4,FUN_00303ca4,361,false,
00303e0d,FUN_00303e0d,1032,false,
00304215,FUN_00304215,762,false,
0030450f,FUN_0030450f,122,false,
00304589,FUN_00304589,44,false,
003045b5,FUN_003045b5,30,false,
003045d3,FUN_003045d3,30,false,
003045f1,FUN_003045f1,37,false,
00304616,FUN_00304616,42,false,
00304640,FUN_00304640,36,false,
00304664,FUN_00304664,185,false,
0030471d,FUN_0030471d,476,false,
003048f9,FUN_003048f9,52,false,
0030492d,FUN_0030492d,474,false,
00304b07,FUN_00304b07,408,false,
00304c9f,FUN_00304c9f,49,false,
00304cd0,FUN_00304cd0,617,false,
00304f39,FUN_00304f39,189,false,
00304ff6,FUN_00304ff6,638,false,
003052c1,FUN_003052c1,527,false,
003054d0,FUN_003054d0,225,false,
003055b1,FUN_003055b1,24,false,
003055c9,FUN_003055c9,3,false,
003055cc,FUN_003055cc,3,false,
003055cf,FUN_003055cf,13,false,
003055dc,FUN_003055dc,13,false,
003055e9,FUN_003055e9,672,false,
00305889,FUN_00305889,278,false,
0030599f,FUN_0030599f,1435,false,
00305f3a,FUN_00305f3a,782,false,
00306248,FUN_00306248,619,false,
003064b3,FUN_003064b3,108,false,
0030651f,FUN_0030651f,113,false,
00306590,FUN_00306590,58,false,
003065ca,FUN_003065ca,704,false,
0030688a,FUN_0030688a,128,false,
0030690a,FUN_0030690a,89,false,
00306963,FUN_00306963,62,false,
003069a1,FUN_003069a1,61,false,
003069de,FUN_003069de,61,false,
00306a1b,FUN_00306a1b,418,false,
00306bbd,FUN_00306bbd,665,false,
00306e56,FUN_00306e56,76,false,
00306ea2,FUN_00306ea2,152,false,
00306f3a,FUN_00306f3a,810,false,
00307264,FUN_00307264,59,false,
0030729f,FUN_0030729f,25,false,
003072b8,FUN_003072b8,396,false,
00307444,FUN_00307444,95,false,
003074a3,FUN_003074a3,129,false,
00307524,FUN_00307524,132,false,
003075a8,FUN_003075a8,111,false,
00307617,FUN_00307617,114,false,
00307689,FUN_00307689,166,false,
0030772f,FUN_0030772f,222,false,
0030780d,FUN_0030780d,2620,false,
00308249,FUN_00308249,3206,false,
00308ecf,FUN_00308ecf,2427,false,
0030984a,FUN_0030984a,107,false,
003098b5,FUN_003098b5,343,false,
00309a0c,FUN_00309a0c,125,false,
00309a89,FUN_00309a89,207,false,
00309b58,FUN_00309b58,302,false,
00309c86,FUN_00309c86,544,false,
00309ea6,FUN_00309ea6,310,false,
00309fdc,FUN_00309fdc,1414,false,
0030a562,FUN_0030a562,32,false,
0030a5ec,FUN_0030a5ec,9,false,
0030a5f5,FUN_0030a5f5,860,false,
0030a951,FUN_0030a951,896,false,
0030acd1,FUN_0030acd1,148,false,
0030ad65,FUN_0030ad65,1494,false,
0030b33b,FUN_0030b33b,736,false,
0030b61b,FUN_0030b61b,508,false,
0030b817,FUN_0030b817,649,false,
0030baa0,FUN_0030baa0,88,false,
0030baf8,FUN_0030baf8,275,false,
0030bc0b,FUN_0030bc0b,255,false,
0030bd0a,FUN_0030bd0a,294,false,
0030be30,FUN_0030be30,54,false,
0030be66,FUN_0030be66,91,false,
0030bec1,FUN_0030bec1,559,false,
0030c0f0,FUN_0030c0f0,1953,false,
0030c891,FUN_0030c891,197,false,
0031aa80,XOnlineTaskContinue,11,true,xbsymboldb
0031aa8b,XOnlineTaskClose,11,true,xbsymboldb
0031aa96,XOnlineGetUsers,11,true,xbsymboldb
0031aaa1,XOnlineLogon,15,true,xbsymboldb
0031aab0,XOnlineLogonTaskGetResults,11,true,xbsymboldb
0031aabb,XOnlineGetLogonUsers,11,true,xbsymboldb
0031aac6,XOnlineGetServiceInfo,11,true,xbsymboldb
0031aad1,XOnlineTitleUpdate,11,true,xbsymboldb
0031aadc,XOnlineTitleIdIsSameTitle,11,true,xbsymboldb
0031aae7,XOnlineNotificationSetState,36,true,xbsymboldb
0031ab0b,FUN_0031ab0b,11,false,
0031ab16,FUN_0031ab16,45,false,
0031ab43,XOnlineFriendsStartup,11,true,xbsymboldb
0031ab4e,XOnlineFriendsEnumerate,11,true,xbsymboldb
0031ab59,XOnlineFriendsEnumerateFinish,11,true,xbsymboldb
0031ab64,XOnlineFriendsGetLatest,11,true,xbsymboldb
0031ab6f,XOnlineFriendsGetTitleName,11,true,xbsymboldb
0031ab7a,XOnlineFriendsRemove,11,true,xbsymboldb
0031ab85,XOnlineFriendsRequestByName,11,true,xbsymboldb
0031ab90,XOnlineFriendsGameInvite,33,true,xbsymboldb
0031abb1,XOnlineFriendsRevokeGameInvite,33,true,xbsymboldb
0031abd2,XOnlineFriendsAnswerRequest,11,true,xbsymboldb
0031abdd,XOnlineFriendsAnswerGameInvite,11,true,xbsymboldb
0031abe8,XOnlineFriendsJoinGame,11,true,xbsymboldb
0031abf3,XOnlineFriendsGetAcceptedGameInvite,11,true,xbsymboldb
0031abfe,XOnlineMutelistGet,15,true,xbsymboldb
0031ac0d,XOnlineMutelistAdd,34,true,xbsymboldb
0031ac2f,FUN_0031ac2f,31,false,
0031ac4e,FUN_0031ac4e,402,false,
0031ade0,FUN_0031ade0,302,false,
0031af0e,FUN_0031af0e,54,false,
0031af44,FUN_0031af44,63,false,
0031af83,XOnlineStartup,253,true,xbsymboldb
0031b080,XOnlineCleanup,111,true,xbsymboldb
0031b0ef,XoUpdateLaunchNewImageInternal,765,true,xbsymboldb
0031b3ec,FUN_0031b3ec,128,false,
0031b46c,FUN_0031b46c,91,false,
0031b4c7,FUN_0031b4c7,14,false,
0031b4d5,FUN_0031b4d5,3,false,
0031b4d8,FUN_0031b4d8,21,false,
0031b4ed,FUN_0031b4ed,24,false,
0031b505,FUN_0031b505,51,false,
0031b538,FUN_0031b538,41,false,
0031b561,FUN_0031b561,245,false,
0031b656,FUN_0031b656,371,false,
0031b7c9,FUN_0031b7c9,315,false,
0031b904,FUN_0031b904,380,false,
0031ba80,FUN_0031ba80,157,false,
0031bb1d,FUN_0031bb1d,40,false,
0031bb45,FUN_0031bb45,84,false,
0031bb99,FUN_0031bb99,73,false,
0031bbe2,FUN_0031bbe2,56,false,
0031bc1a,FUN_0031bc1a,56,false,
0031bc52,FUN_0031bc52,82,false,
0031bca4,FUN_0031bca4,21,false,
0031bcb9,FUN_0031bcb9,14,false,
0031bcc7,FUN_0031bcc7,157,false,
0031bd64,FUN_0031bd64,61,false,
0031bda1,FUN_0031bda1,61,false,
0031bdde,FUN_0031bdde,61,false,
0031be1b,FUN_0031be1b,335,false,
0031bf6a,FUN_0031bf6a,337,false,
0031c0bb,FUN_0031c0bb,185,false,
0031c174,FUN_0031c174,50,false,
0031c1a6,FUN_0031c1a6,236,false,
0031c292,FUN_0031c292,284,false,
0031c3ae,FUN_0031c3ae,765,false,
0031c6ab,FUN_0031c6ab,136,false,
0031c733,FUN_0031c733,250,false,
0031c82d,FUN_0031c82d,661,false,
0031cac2,FUN_0031cac2,1005,false,
0031ceaf,FUN_0031ceaf,136,false,
0031cf37,FUN_0031cf37,271,false,
0031d046,FUN_0031d046,1678,false,
0031d6d4,FUN_0031d6d4,146,false,
0031d766,FUN_0031d766,281,false,
0031d87f,FUN_0031d87f,2003,false,
0031e052,FUN_0031e052,125,false,
0031e0cf,FUN_0031e0cf,640,false,
0031e34f,FUN_0031e34f,19,false,
0031e362,FUN_0031e362,395,false,
0031e4ed,FUN_0031e4ed,105,false,
0031e556,FUN_0031e556,64,false,
0031e596,FUN_0031e596,83,false,
0031e5e9,FUN_0031e5e9,86,false,
0031e63f,thunk_FUN_0031e556,5,true,xbsymboldb
0031e644,FUN_0031e644,39,false,
0031e66b,FUN_0031e66b,42,false,
0031e695,FUN_0031e695,33,false,
0031e6b6,FUN_0031e6b6,5421,false,
0031fbe3,CXo_XOnlineLogon,1534,true,xbsymboldb
003201e1,FUN_003201e1,120,false,
00320259,FUN_00320259,38,false,
0032027f,FUN_0032027f,187,false,
0032033a,FUN_0032033a,157,false,
003203d7,FUN_003203d7,74,false,
00320421,FUN_00320421,150,false,
003204fb,FUN_003204fb,173,false,
003205a8,FUN_003205a8,1625,false,
00320c21,FUN_00320c21,52,false,
00320c60,FUN_00320c60,193,false,
00320d21,FUN_00320d21,38,false,
00320d47,FUN_00320d47,6,false,
00320d4d,FUN_00320d4d,24,false,
00320d65,FUN_00320d65,15,false,
00320d74,FUN_00320d74,287,false,
00320e93,FUN_00320e93,260,false,
00320f97,FUN_00320f97,35,false,
00320fba,FUN_00320fba,17,false,
00320fcb,FUN_00320fcb,26,false,
00320fe5,FUN_00320fe5,501,false,
003211da,FUN_003211da,82,false,
0032122c,FUN_0032122c,228,false,
00321310,FUN_00321310,344,false,
00321468,FUN_00321468,66,false,
003214aa,FUN_003214aa,38,false,
003214d0,FUN_003214d0,148,false,
00321564,FUN_00321564,66,false,
003215a6,FUN_003215a6,38,false,
003215cc,FUN_003215cc,148,false,
00321660,FUN_00321660,231,false,
00321747,FUN_00321747,247,false,
0032183e,FUN_0032183e,54,false,
00321874,FUN_00321874,24,false,
0032188c,FUN_0032188c,49,false,
003218bd,FUN_003218bd,37,false,
003218e2,FUN_003218e2,44,false,
0032190e,FUN_0032190e,60,false,
0032194a,FUN_0032194a,63,false,
00321989,FUN_00321989,78,false,
003219d7,FUN_003219d7,137,false,
00321a60,FUN_00321a60,138,false,
00321aea,FUN_00321aea,118,false,
00321b60,FUN_00321b60,117,false,
00321bd5,FUN_00321bd5,63,false,
00321c14,FUN_00321c14,46,false,
00321c42,FUN_00321c42,32,false,
00321c62,FUN_00321c62,123,false,
00321cdd,FUN_00321cdd,279,false,
00321df4,FUN_00321df4,187,false,
00321eaf,FUN_00321eaf,66,false,
00321ef1,FUN_00321ef1,394,false,
0032207b,FUN_0032207b,72,false,
003220c3,FUN_003220c3,284,false,
003221df,FUN_003221df,36,false,
003223a7,FUN_003223a7,654,false,
00322635,FUN_00322635,256,false,
00322735,FUN_00322735,284,false,
00322851,FUN_00322851,214,false,
00322927,FUN_00322927,174,false,
003229d5,FUN_003229d5,34,false,
003229f7,FUN_003229f7,155,false,
00322a92,FUN_00322a92,269,false,
00322b9f,FUN_00322b9f,475,false,
00322d7a,FUN_00322d7a,309,false,
00322eaf,FUN_00322eaf,206,false,
00322f7d,FUN_00322f7d,82,false,
00322fcf,FUN_00322fcf,121,false,
00323048,FUN_00323048,119,false,
003230bf,FUN_003230bf,44,false,
003230eb,FUN_003230eb,277,false,
00323200,FUN_00323200,474,false,
003233da,FUN_003233da,480,false,
003235ba,FUN_003235ba,481,false,
0032379b,FUN_0032379b,638,false,
00323a19,FUN_00323a19,1843,false,
0032414c,FUN_0032414c,765,false,
00324449,FUN_00324449,1082,false,
00324883,FUN_00324883,206,false,
00324951,FUN_00324951,462,false,
00324b1f,FUN_00324b1f,179,false,
00324bd2,FUN_00324bd2,53,false,
00324c07,FUN_00324c07,860,false,
00324f63,FUN_00324f63,188,false,
0032501f,FUN_0032501f,47,false,
0032504e,FUN_0032504e,143,false,
003250dd,FUN_003250dd,49,false,
0032510e,FUN_0032510e,38,false,
00325134,FUN_00325134,24,false,
0032515f,FUN_0032515f,33,false,
00325180,FUN_00325180,384,false,
0032537b,FUN_0032537b,158,false,
00325419,FUN_00325419,157,false,
00325566,FUN_00325566,499,false,
0032582e,FUN_0032582e,37,false,
00325853,FUN_00325853,147,false,
00325964,FUN_00325964,40,false,
0032598c,FUN_0032598c,25,false,
003259b8,FUN_003259b8,367,false,
00325bc5,FUN_00325bc5,145,false,
00325c56,FUN_00325c56,71,false,
00325c9d,FUN_00325c9d,158,false,
00325d3b,FUN_00325d3b,156,false,
00325e3d,FUN_00325e3d,447,false,
00325ffc,FUN_00325ffc,419,false,
0032619f,FUN_0032619f,409,false,
003263cb,FUN_003263cb,28,false,
003263e7,FUN_003263e7,315,false,
00326522,FUN_00326522,235,false,
0032667b,FUN_0032667b,92,false,
003266d7,FUN_003266d7,181,false,
0032678c,FUN_0032678c,91,false,
003267e7,FUN_003267e7,134,false,
0032686d,FUN_0032686d,23,false,
00326884,FUN_00326884,39,false,
003268ab,FUN_003268ab,33,false,
003268cc,FUN_003268cc,159,false,
0032696b,FUN_0032696b,35,false,
0032698e,FUN_0032698e,34,false,
003269b0,FUN_003269b0,54,false,
003269e6,FUN_003269e6,115,false,
00326a59,FUN_00326a59,115,false,
00326acc,FUN_00326acc,187,false,
00326b87,FUN_00326b87,188,false,
00326c43,FUN_00326c43,188,false,
00326cff,FUN_00326cff,137,false,
00326d88,FUN_00326d88,137,false,
00326e11,FUN_00326e11,142,false,
00326e9f,FUN_00326e9f,188,false,
00326f5b,FUN_00326f5b,1177,false,
003273f4,FUN_003273f4,300,false,
00327520,FUN_00327520,135,false,
003275a7,FUN_003275a7,186,false,
00327661,FUN_00327661,186,false,
0032771b,_RwCameraSetProjection,494,false,community
00327909,FUN_00327909,539,false,
00327b24,FUN_00327b24,1054,false,
00327f42,FUN_00327f42,314,false,
0032807c,FUN_0032807c,442,false,
00328236,FUN_00328236,82,false,
00328288,FUN_00328288,82,false,
003282da,FUN_003282da,82,false,
0032832c,FUN_0032832c,82,false,
0032837e,FUN_0032837e,124,false,
003283fa,FUN_003283fa,82,false,
0032844c,FUN_0032844c,117,false,
003284c1,FUN_003284c1,150,false,
00328557,FUN_00328557,222,false,
00328635,FUN_00328635,150,false,
003286cb,FUN_003286cb,165,false,
00328770,FUN_00328770,118,false,
003287e6,FUN_003287e6,387,false,
00328969,FUN_00328969,636,false,
00328be5,FUN_00328be5,372,false,
00328d59,FUN_00328d59,762,false,
00329053,FUN_00329053,88,false,
003290ab,FUN_003290ab,116,false,
0032911f,FUN_0032911f,116,false,
00329193,FUN_00329193,116,false,
00329207,FUN_00329207,417,false,
003293a8,_RwImageRead,703,false,community
00329667,FUN_00329667,267,false,
00329772,_RwCameraStreamRead,224,false,community
0032986c,FUN_0032986c,74,false,
003298b6,FUN_003298b6,74,false,
00329900,FUN_00329900,28,false,
0032991c,FUN_0032991c,13,false,
00329929,FUN_00329929,43,false,
00329954,FUN_00329954,47,false,
00329983,FUN_00329983,48,false,
003299b3,FUN_003299b3,31,false,
003299d2,FUN_003299d2,43,false,
003299fd,FUN_003299fd,46,false,
00329a2b,FUN_00329a2b,48,false,
00329a5b,FUN_00329a5b,46,false,
00329a89,FUN_00329a89,16,false,
00329a99,FUN_00329a99,73,false,
00329ae2,FUN_00329ae2,107,false,
00329b4d,FUN_00329b4d,125,false,
00329bca,FUN_00329bca,186,false,
00329c84,FUN_00329c84,177,false,
00329d35,FUN_00329d35,90,false,
00329d8f,FUN_00329d8f,22,false,
00329da5,FUN_00329da5,150,false,
00329e3b,FUN_00329e3b,73,false,
00329e84,FUN_00329e84,89,false,
00329edd,FUN_00329edd,118,false,
00329f53,FUN_00329f53,66,false,
00329f95,FUN_00329f95,346,false,
0032a0ef,FUN_0032a0ef,194,false,
0032a1b1,FUN_0032a1b1,70,false,
0032a1f7,FUN_0032a1f7,40,false,
0032a21f,FUN_0032a21f,57,false,
0032a258,FUN_0032a258,167,false,
0032a2ff,FUN_0032a2ff,30,false,
0032a31d,FUN_0032a31d,47,false,
0032a34c,FUN_0032a34c,127,false,
0032a3cb,FUN_0032a3cb,78,false,
0032a419,FUN_0032a419,142,false,
0032a4a7,FUN_0032a4a7,90,false,
0032a501,FUN_0032a501,80,false,
0032a551,FUN_0032a551,70,false,
0032a597,FUN_0032a597,49,false,
0032a5c8,FUN_0032a5c8,232,false,
0032a6b0,FUN_0032a6b0,364,false,
0032a81c,FUN_0032a81c,78,false,
0032a86a,FUN_0032a86a,237,false,
0032a957,FUN_0032a957,404,false,
0032aaeb,FUN_0032aaeb,441,false,
0032aca4,FUN_0032aca4,80,false,
0032acf4,FUN_0032acf4,177,false,
0032ada5,FUN_0032ada5,97,false,
0032ae06,FUN_0032ae06,103,false,
0032ae6d,FUN_0032ae6d,188,false,
0032af29,FUN_0032af29,95,false,
0032af88,FUN_0032af88,218,false,
0032b062,FUN_0032b062,106,false,
0032b0cc,FUN_0032b0cc,57,false,
0032b105,FUN_0032b105,98,false,
0032b167,FUN_0032b167,83,false,
0032b1ba,FUN_0032b1ba,86,false,
0032b210,FUN_0032b210,67,false,
0032b253,FUN_0032b253,53,false,
0032b288,FUN_0032b288,232,false,
0032b370,FUN_0032b370,135,false,
0032b3f7,FUN_0032b3f7,150,false,
0032b48d,FUN_0032b48d,53,false,
0032b4c2,FUN_0032b4c2,28,false,
0032b4de,FUN_0032b4de,210,false,
0032b5b0,FUN_0032b5b0,59,false,
0032b5eb,FUN_0032b5eb,31,false,
0032b60a,FUN_0032b60a,29,false,
0032b627,FUN_0032b627,169,false,
0032b6d0,FUN_0032b6d0,157,false,
0032b76d,FUN_0032b76d,239,false,
0032b85c,FUN_0032b85c,70,false,
0032b8a2,FUN_0032b8a2,99,false,
0032b905,FUN_0032b905,269,false,
0032ba8b,FUN_0032ba8b,42,false,
0032bab5,FUN_0032bab5,58,false,
0032baef,FUN_0032baef,242,false,
0032bbe1,FUN_0032bbe1,145,false,
0032bc72,FUN_0032bc72,253,false,
0032bd6f,FUN_0032bd6f,62,false,
0032bdad,FUN_0032bdad,40,false,
0032bdd5,FUN_0032bdd5,120,false,
0032be4d,FUN_0032be4d,361,false,
0032bfb6,FUN_0032bfb6,473,false,
0032c18f,FUN_0032c18f,310,false,
0032c2c5,FUN_0032c2c5,267,false,
0032c3d0,FUN_0032c3d0,82,false,
0032c422,FUN_0032c422,660,false,
0032c6b6,FUN_0032c6b6,535,false,
0032c8cd,FUN_0032c8cd,86,false,
0032c923,FUN_0032c923,238,false,
0032ca11,FUN_0032ca11,48,false,
0032ca41,FUN_0032ca41,144,false,
0032cad1,FUN_0032cad1,175,false,
0032cb80,FUN_0032cb80,43,false,
0032cbab,FUN_0032cbab,22,false,
0032cbc1,FUN_0032cbc1,40,false,
0032cbe9,thunk_FUN_0032cbab,5,true,xbsymboldb
0032cbee,FUN_0032cbee,50,false,
0032cc20,thunk_FUN_0032cbc1,5,true,xbsymboldb
0032cc25,FUN_0032cc25,14,false,
0032cc33,CXo__PoolAlloc,20,false,community
0032cc47,CXo__PoolAllocZ,20,false,community
0032cc5b,FUN_0032cc5b,27,false,
0032cc76,FUN_0032cc76,92,false,
0032cce3,FUN_0032cce3,96,false,
0032cd43,FUN_0032cd43,88,false,
0032cd9b,FUN_0032cd9b,36,false,
0032cdd0,FUN_0032cdd0,49,false,
0032ce01,FUN_0032ce01,169,false,
0032ceaa,FUN_0032ceaa,142,false,
0032cf38,FUN_0032cf38,63,false,
0032cf77,FUN_0032cf77,97,false,
0032cfd8,FUN_0032cfd8,125,false,
0032d055,FUN_0032d055,82,false,
0032d0a7,FUN_0032d0a7,33,false,
0032d0c8,FUN_0032d0c8,180,false,
0032d17c,FUN_0032d17c,175,false,
0032d22b,FUN_0032d22b,37,false,
0032d250,FUN_0032d250,32,false,
0032d270,FUN_0032d270,74,false,
0032d2ba,FUN_0032d2ba,16,false,
0032d2ca,FUN_0032d2ca,151,false,
0032d361,FUN_0032d361,285,false,
0032d47e,FUN_0032d47e,223,false,
0032d55d,FUN_0032d55d,133,false,
0032d5e2,FUN_0032d5e2,294,false,
0032d708,FUN_0032d708,143,false,
0032d797,FUN_0032d797,299,false,
0032d8c2,FUN_0032d8c2,138,false,
0032d94c,FUN_0032d94c,65,false,
0032d98d,FUN_0032d98d,378,false,
0032db07,FUN_0032db07,104,false,
0032db6f,FUN_0032db6f,54,false,
0032dba5,FUN_0032dba5,108,false,
0032dc11,FUN_0032dc11,145,false,
0032dca2,FUN_0032dca2,177,false,
0032dd53,FUN_0032dd53,219,false,
0032de2e,FUN_0032de2e,233,false,
0032df17,FUN_0032df17,236,false,
0032e003,FUN_0032e003,163,false,
0032e0a6,FUN_0032e0a6,398,false,
0032e234,FUN_0032e234,364,false,
0032e3a0,FUN_0032e3a0,152,false,
0032e438,FUN_0032e438,63,false,
0032e477,FUN_0032e477,470,false,
0032e64d,FUN_0032e64d,564,false,
0032e881,FUN_0032e881,826,false,
0032ebbb,FUN_0032ebbb,902,false,
0032ef41,FUN_0032ef41,1148,false,
0032f3bd,FUN_0032f3bd,231,false,
0032f4a4,FUN_0032f4a4,386,false,
0032f626,FUN_0032f626,880,false,
0032f996,FUN_0032f996,273,false,
0032faa7,FUN_0032faa7,31,false,
0032fac6,FUN_0032fac6,71,false,
0032fb0d,FUN_0032fb0d,85,false,
0032fb62,FUN_0032fb62,96,false,
0032fbc2,FUN_0032fbc2,250,false,
0032fcbc,FUN_0032fcbc,58,false,
0032fcf6,FUN_0032fcf6,227,false,
0032fdd9,FUN_0032fdd9,100,false,
0032fe3d,FUN_0032fe3d,17,false,
0032fe4e,FUN_0032fe4e,39,false,
0032fe75,FUN_0032fe75,96,false,
0032fed5,FUN_0032fed5,305,false,
00330006,FUN_00330006,12,false,
00330012,FUN_00330012,10,false,
0033001c,FUN_0033001c,61,false,
00330059,FUN_00330059,74,false,
003300a3,FUN_003300a3,213,false,
00330178,FUN_00330178,153,false,
00330211,FUN_00330211,967,false,
003305d8,FUN_003305d8,5,false,
003305dd,FUN_003305dd,103,false,
00330644,FUN_00330644,844,false,
003309bc,FUN_003309bc,63,false,
003309fb,FUN_003309fb,184,false,
00330ab3,FUN_00330ab3,93,false,
00330b10,thunk_FUN_00330178,5,true,xbsymboldb
00330b15,thunk_FUN_00330211,5,true,xbsymboldb
00330b1a,FUN_00330b1a,96,false,
00330b7a,FUN_00330b7a,115,false,
00330bed,FUN_00330bed,247,false,
00330ce4,FUN_00330ce4,422,false,
00330e8a,FUN_00330e8a,217,false,
00330f63,FUN_00330f63,256,false,
00331063,FUN_00331063,216,false,
0033113b,FUN_0033113b,1125,false,
003315a0,FUN_003315a0,431,false,
0033174f,FUN_0033174f,36,false,
00331773,FUN_00331773,199,false,
0033183a,FUN_0033183a,205,false,
00331907,FUN_00331907,1009,false,
00331cf8,FUN_00331cf8,72,false,
00331d40,FUN_00331d40,224,false,
00331e20,FUN_00331e20,34,false,
00331e42,FUN_00331e42,259,false,
00331f45,FUN_00331f45,283,false,
00332060,FUN_00332060,365,false,
003321cd,FUN_003321cd,75,false,
00332218,FUN_00332218,274,false,
0033232a,FUN_0033232a,256,false,
0033242a,FUN_0033242a,431,false,
003325d9,FUN_003325d9,117,false,
0033264e,FUN_0033264e,54,false,
00332684,FUN_00332684,226,false,
00332766,FUN_00332766,722,false,
00332a38,FUN_00332a38,155,false,
00332ad3,FUN_00332ad3,289,false,
00332bf4,FUN_00332bf4,161,false,
00332c95,FUN_00332c95,1404,false,
00333211,FUN_00333211,99,false,
00333274,FUN_00333274,85,false,
003332c9,FUN_003332c9,197,false,
0033338e,FUN_0033338e,42,false,
003333b8,FUN_003333b8,549,false,
003335dd,FUN_003335dd,37,false,
00333602,FUN_00333602,37,false,
00333627,FUN_00333627,57,false,
00333660,FUN_00333660,24,false,
00333678,FUN_00333678,87,false,
003336ec,FUN_003336ec,180,false,
00333834,FUN_00333834,131,false,
003338b7,FUN_003338b7,33,false,
003338d8,FUN_003338d8,41,false,
00333901,FUN_00333901,61,false,
0033393e,FUN_0033393e,99,false,
003339a1,FUN_003339a1,336,false,
00333af1,FUN_00333af1,43,false,
00333b1c,FUN_00333b1c,173,false,
00333bc9,FUN_00333bc9,696,false,
00333e81,FUN_00333e81,247,false,
00333f78,FUN_00333f78,201,false,
00334041,FUN_00334041,300,false,
0033416d,FUN_0033416d,382,false,
003342eb,FUN_003342eb,263,false,
003343f2,FUN_003343f2,42,false,
0033441c,FUN_0033441c,66,false,
0033445e,FUN_0033445e,45,false,
0033448b,FUN_0033448b,174,false,
00334539,FUN_00334539,396,false,
003346c5,FUN_003346c5,182,false,
0033477b,FUN_0033477b,203,false,
00334846,FUN_00334846,99,false,
003348a9,_RwCameraStreamWrite,416,false,community
00334a49,FUN_00334a49,466,false,
00334c1b,FUN_00334c1b,393,false,
00334da4,FUN_00334da4,45,false,
00334dd1,FUN_00334dd1,42,false,
00334dfb,FUN_00334dfb,329,false,
00334f44,FUN_00334f44,124,false,
00334fc0,FUN_00334fc0,50,false,
00334ff2,FUN_00334ff2,407,false,
00335189,FUN_00335189,753,false,
0033547a,FUN_0033547a,455,false,
00335641,FUN_00335641,340,false,
00335795,FUN_00335795,736,false,
00335a75,FUN_00335a75,604,false,
00335cd1,FUN_00335cd1,73,false,
00335d1a,FUN_00335d1a,24,false,
00335d32,FUN_00335d32,422,false,
00335ed8,FUN_00335ed8,22,false,
00335f29,FUN_00335f29,845,false,
00336276,FUN_00336276,110,false,
003362e4,FUN_003362e4,20,false,
003362f8,FUN_003362f8,20,false,
0033630c,FUN_0033630c,22,false,
00336322,FUN_00336322,15,false,
00336331,FUN_00336331,22,false,
00336347,FUN_00336347,51,false,
0033637a,FUN_0033637a,67,false,
003363bd,FUN_003363bd,36,false,
003363e1,FUN_003363e1,93,false,
0033643e,FUN_0033643e,489,false,
00336627,FUN_00336627,23,false,
0033663e,FUN_0033663e,29,false,
0033665b,FUN_0033665b,29,false,
00336678,FUN_00336678,24,false,
00336690,FUN_00336690,39,false,
003366b7,FUN_003366b7,295,false,
003367de,FUN_003367de,77,false,
0033682b,FUN_0033682b,495,false,
00336a1a,FUN_00336a1a,108,false,
00336a86,FUN_00336a86,90,false,
00336ae0,FUN_00336ae0,333,false,
00336c2d,FUN_00336c2d,224,false,
00336d0d,FUN_00336d0d,35,false,
00336d30,FUN_00336d30,48,false,
00336d60,FUN_00336d60,111,false,
00336dcf,FUN_00336dcf,146,false,
00336e61,FUN_00336e61,217,false,
00336f3a,FUN_00336f3a,111,false,
00336fa9,FUN_00336fa9,139,false,
00337034,FUN_00337034,257,false,
00337135,FUN_00337135,123,false,
003371b0,FUN_003371b0,63,false,
003371ef,FUN_003371ef,107,false,
0033725a,FUN_0033725a,153,false,
003372f3,FUN_003372f3,55,false,
0033732a,FUN_0033732a,221,false,
00337407,FUN_00337407,403,false,
0033759a,FUN_0033759a,487,false,
00337781,FUN_00337781,22,false,
00337797,FUN_00337797,303,false,
003378c6,FUN_003378c6,212,false,
0033799a,FUN_0033799a,306,false,
00337acc,FUN_00337acc,49,false,
00337afd,FUN_00337afd,203,false,
00337bc8,FUN_00337bc8,61,false,
00337c05,FUN_00337c05,65,false,
00337c46,FUN_00337c46,137,false,
00337ccf,FUN_00337ccf,313,false,
00337e08,FUN_00337e08,33,false,
00337e29,FUN_00337e29,22,false,
00337e3f,FUN_00337e3f,87,false,
00337e96,FUN_00337e96,153,false,
00337f2f,thunk_FUN_003371ef,5,true,xbsymboldb
00337f34,FUN_00337f34,314,false,
0033806e,FUN_0033806e,66,false,
003380b0,FUN_003380b0,75,false,
003380fb,FUN_003380fb,203,false,
003381c6,FUN_003381c6,124,false,
00338242,FUN_00338242,48,false,
00338272,FUN_00338272,217,false,
0033834b,FUN_0033834b,96,false,
003383ab,FUN_003383ab,20,false,
003383bf,FUN_003383bf,35,false,
003383e2,FUN_003383e2,26,false,
003383fc,FUN_003383fc,541,false,
00338619,FUN_00338619,66,false,
0033865b,FUN_0033865b,375,false,
003387d2,FUN_003387d2,59,false,
0033880d,FUN_0033880d,157,false,
003388aa,FUN_003388aa,501,false,
00338a9f,FUN_00338a9f,129,false,
00338b20,FUN_00338b20,44,false,
00338bb6,FUN_00338bb6,50,false,
0033907e,FUN_0033907e,75,false,
003390c9,FUN_003390c9,273,false,
003391e0,FUN_003391e0,17,false,
003391f1,FUN_003391f1,17,false,
00339202,FUN_00339202,29,false,
0033921f,FUN_0033921f,15,false,
0033922e,FUN_0033922e,17,false,
0033923f,FUN_0033923f,22,false,
00339255,FUN_00339255,17,false,
00339266,FUN_00339266,17,false,
00339277,FUN_00339277,17,false,
00339288,XNetConfig,11,true,xbsymboldb
00339293,XNetGetConfigStatus,11,true,xbsymboldb
0033929e,XNetRandom,11,true,xbsymboldb
003392a9,XNetRegisterKey,11,true,xbsymboldb
003392b4,XNetUnregisterKey,11,true,xbsymboldb
003392bf,XNetXnAddrToInAddr,23,true,xbsymboldb
003392d6,XNetDnsLookup,23,true,xbsymboldb
003392ed,XNetDnsRelease,11,true,xbsymboldb
003392f8,XNetQosListen,15,true,xbsymboldb
00339307,XNetQosLookup,28,true,xbsymboldb
00339323,XNetQosRelease,11,true,xbsymboldb
0033932e,XNetGetTitleXnAddr,11,true,xbsymboldb
00339339,socket,11,true,xbsymboldb
00339344,closesocket,11,true,xbsymboldb
0033934f,shutdown,11,true,xbsymboldb
0033935a,ioctlsocket,11,true,xbsymboldb
00339365,setsockopt,15,true,xbsymboldb
00339374,getsockname,11,true,xbsymboldb
0033937f,getpeername,11,true,xbsymboldb
0033938a,bind,11,true,xbsymboldb
00339395,connect,11,true,xbsymboldb
003393a0,accept,11,true,xbsymboldb
003393ab,select,15,true,xbsymboldb
003393ba,WSAGetOverlappedResult,15,true,xbsymboldb
003393c9,WSACancelOverlappedIO,11,true,xbsymboldb
003393d4,recv,11,true,xbsymboldb
003393df,WSARecv,15,true,xbsymboldb
003393ee,recvfrom,15,true,xbsymboldb
003393fd,send,11,true,xbsymboldb
00339408,WSASend,15,true,xbsymboldb
00339417,sendto,15,true,xbsymboldb
00339426,WSASendTo,15,true,xbsymboldb
00339438,FUN_00339438,17,false,
00339449,FUN_00339449,17,false,
0033945a,FUN_0033945a,15,false,
00339469,FUN_00339469,112,false,
003394d9,XNetServerToInAddr,23,true,xbsymboldb
003394f0,XNetUnregisterInAddr,11,true,xbsymboldb
003394fb,XNetConnect,11,true,xbsymboldb
00339506,XNetGetConnectStatus,11,true,xbsymboldb
00339511,FUN_00339511,11,false,
0033951c,XnInit,518,true,xbsymboldb
00339722,XNetStartup,23,true,xbsymboldb
00339739,WSAStartup,27,true,xbsymboldb
00339754,XnTerm,211,true,xbsymboldb
00339827,XNetCleanup,13,true,xbsymboldb
00339834,WSACleanup,13,true,xbsymboldb
00339841,FUN_00339841,25,false,
0033985a,FUN_0033985a,106,false,
003398c4,WSAGetLastError,5,true,xbsymboldb
003398c9,WSACreateEvent,13,true,xbsymboldb
003398d6,WSACloseEvent,5,true,xbsymboldb
003398db,FUN_003398db,88,false,
00339933,FUN_00339933,71,false,
0033997a,FUN_0033997a,52,false,
003399ae,FUN_003399ae,45,false,
003399db,FUN_003399db,27,false,
003399f6,FUN_003399f6,48,false,
00339a26,FUN_00339a26,157,false,
00339ac3,ioctlsocket,201,true,xbsymboldb
00339b8c,FUN_00339b8c,92,false,
00339be8,FUN_00339be8,119,false,
00339c5f,FUN_00339c5f,120,false,
00339cd7,FUN_00339cd7,281,false,
00339df0,FUN_00339df0,222,false,
00339ece,FUN_00339ece,261,false,
00339fd3,FUN_00339fd3,117,false,
0033a048,FUN_0033a048,204,false,
0033a114,inet_addr,349,true,xbsymboldb
0033a271,ntohs,15,true,xbsymboldb
0033a280,htonl,9,true,xbsymboldb
0033a289,FUN_0033a289,131,false,
0033a30c,FUN_0033a30c,82,false,
0033a35e,FUN_0033a35e,126,false,
0033a3dc,FUN_0033a3dc,116,false,
0033a450,FUN_0033a450,571,false,
0033a68b,bind,132,true,xbsymboldb
0033a70f,connect,251,true,xbsymboldb
0033a80a,FUN_0033a80a,275,false,
0033a91d,FUN_0033a91d,903,false,
0033aca4,FUN_0033aca4,212,false,
0033ad78,FUN_0033ad78,116,false,
0033adec,FUN_0033adec,444,false,
0033afa8,FUN_0033afa8,281,false,
0033b0c1,FUN_0033b0c1,155,false,
0033b15c,FUN_0033b15c,126,false,
0033b1da,recv,145,true,xbsymboldb
0033b26b,FUN_0033b26b,157,false,
0033b308,FUN_0033b308,190,false,
0033b3c6,send,149,true,xbsymboldb
0033b45b,FUN_0033b45b,155,false,
0033b4f6,FUN_0033b4f6,275,false,
0033b609,FUN_0033b609,80,false,
0033b659,FUN_0033b659,465,false,
0033b82a,FUN_0033b82a,145,false,
0033b8bb,FUN_0033b8bb,65,false,
0033b8fc,FUN_0033b8fc,64,false,
0033b93c,FUN_0033b93c,68,false,
0033b980,socket,311,true,xbsymboldb
0033bab7,XNetOpenConfigVolume,78,true,xbsymboldb
0033bb05,XNetCloseConfigVolume,23,true,xbsymboldb
0033bb1c,FUN_0033bb1c,11,false,
0033bb27,FUN_0033bb27,11,false,
0033bb32,FUN_0033bb32,11,false,
0033bb3d,FUN_0033bb3d,11,false,
0033bb48,FUN_0033bb48,11,false,
0033bb53,FUN_0033bb53,11,false,
0033bb5e,FUN_0033bb5e,11,false,
0033bb69,FUN_0033bb69,15,false,
0033bb78,FUN_0033bb78,11,false,
0033bb83,FUN_0033bb83,11,false,
0033bb8e,FUN_0033bb8e,11,false,
0033bb99,FUN_0033bb99,11,false,
0033bba4,FUN_0033bba4,11,false,
0033bbaf,FUN_0033bbaf,42,false,
0033bbd9,XNetLoadConfigSector,183,true,xbsymboldb
0033bc90,XNetSaveConfigSector,163,true,xbsymboldb
0033bd33,XNetSaveConfigParams,150,true,xbsymboldb
0033bdc9,FUN_0033bdc9,11,false,
0033bdd4,FUN_0033bdd4,11,false,
0033bddf,XNetLoadConfigParams,154,true,xbsymboldb
0033be79,XNetUpdateConfigParams,106,true,xbsymboldb
0033bee3,XNetConfigUPnP,78,true,xbsymboldb
0033bf31,FUN_0033bf31,55,false,
0033bf68,FUN_0033bf68,54,false,
0033bf9e,FUN_0033bf9e,17,false,
0033bfaf,FUN_0033bfaf,52,false,
0033bff3,FUN_0033bff3,44,false,
0033c01f,FUN_0033c01f,51,false,
0033c052,FUN_0033c052,148,false,
0033c0e6,FUN_0033c0e6,85,false,
0033c13b,FUN_0033c13b,199,false,
0033c202,FUN_0033c202,27,false,
0033c21d,FUN_0033c21d,40,false,
0033c245,FUN_0033c245,64,false,
0033c285,FUN_0033c285,26,false,
0033c29f,FUN_0033c29f,461,false,
0033c46c,FUN_0033c46c,227,false,
0033c54f,FUN_0033c54f,86,false,
0033c5a5,FUN_0033c5a5,33,false,
0033c5c6,FUN_0033c5c6,43,false,
0033c5f1,FUN_0033c5f1,134,false,
0033c677,FUN_0033c677,250,false,
0033c771,FUN_0033c771,113,false,
0033c7e2,FUN_0033c7e2,252,false,
0033c8de,FUN_0033c8de,86,false,
0033c934,FUN_0033c934,117,false,
0033c9a9,FUN_0033c9a9,61,false,
0033c9e6,FUN_0033c9e6,50,false,
0033ca18,FUN_0033ca18,311,false,
0033cb4f,FUN_0033cb4f,73,false,
0033cb98,FUN_0033cb98,282,false,
0033ccb2,FUN_0033ccb2,270,false,
0033cdc0,FUN_0033cdc0,83,false,
0033ce13,FUN_0033ce13,46,false,
0033ce41,FUN_0033ce41,238,false,
0033cf2f,FUN_0033cf2f,218,false,
0033d009,FUN_0033d009,126,false,
0033d087,FUN_0033d087,83,false,
0033d0da,FUN_0033d0da,134,false,
0033d160,FUN_0033d160,35,false,
0033d183,FUN_0033d183,196,false,
0033d247,FUN_0033d247,564,false,
0033d47b,FUN_0033d47b,41,false,
0033d4a4,FUN_0033d4a4,77,false,
0033d4f1,FUN_0033d4f1,748,false,
0033d7dd,FUN_0033d7dd,463,false,
0033d9ac,FUN_0033d9ac,485,false,
0033db91,FUN_0033db91,173,false,
0033dc3e,FUN_0033dc3e,28,false,
0033dc5a,FUN_0033dc5a,294,false,
0033dd80,FUN_0033dd80,245,false,
0033de75,FUN_0033de75,23,false,
0033de8c,FUN_0033de8c,230,false,
0033df72,FUN_0033df72,32,false,
0033df92,FUN_0033df92,100,false,
0033dff6,FUN_0033dff6,266,false,
0033e100,FUN_0033e100,731,false,
0033e3db,FUN_0033e3db,260,false,
0033e4df,FUN_0033e4df,309,false,
0033e614,FUN_0033e614,80,false,
0033e664,FUN_0033e664,847,false,
0033e9b3,FUN_0033e9b3,196,false,
0033ea77,FUN_0033ea77,92,false,
0033ead3,FUN_0033ead3,48,false,
0033eb03,FUN_0033eb03,193,false,
0033ebc4,FUN_0033ebc4,421,false,
0033ed69,FUN_0033ed69,136,false,
0033edf1,FUN_0033edf1,88,false,
0033ee49,FUN_0033ee49,33,false,
0033ee6a,FUN_0033ee6a,138,false,
0033eef4,FUN_0033eef4,235,false,
0033efdf,FUN_0033efdf,347,false,
0033f13a,FUN_0033f13a,667,false,
0033f3d5,FUN_0033f3d5,164,false,
0033f479,FUN_0033f479,56,false,
0033f4b1,FUN_0033f4b1,190,false,
0033f56f,FUN_0033f56f,109,false,
0033f5dc,FUN_0033f5dc,64,false,
0033f61c,FUN_0033f61c,40,false,
0033f644,FUN_0033f644,85,false,
0033f699,FUN_0033f699,1285,false,
0033fb9e,FUN_0033fb9e,761,false,
0033fe97,FUN_0033fe97,491,false,
00340082,FUN_00340082,289,false,
003401a3,FUN_003401a3,149,false,
00340238,FUN_00340238,264,false,
00340340,FUN_00340340,610,false,
003405a2,FUN_003405a2,1427,false,
00340b35,FUN_00340b35,294,false,
00340c5b,FUN_00340c5b,469,false,
00340e30,FUN_00340e30,701,false,
003410ed,FUN_003410ed,226,false,
003411cf,FUN_003411cf,21,false,
003411e4,FUN_003411e4,28,false,
00341200,FUN_00341200,20,false,
00341214,FUN_00341214,58,false,
0034124e,FUN_0034124e,101,false,
003412b3,FUN_003412b3,33,false,
003412d4,FUN_003412d4,129,false,
00341355,FUN_00341355,64,false,
00341395,FUN_00341395,57,false,
003413ce,FUN_003413ce,56,false,
00341406,FUN_00341406,42,false,
00341430,FUN_00341430,82,false,
00341482,FUN_00341482,259,false,
00341585,FUN_00341585,50,false,
003415b7,FUN_003415b7,182,false,
0034166d,FUN_0034166d,115,false,
003416e0,FUN_003416e0,45,false,
0034170d,FUN_0034170d,20,false,
00341721,FUN_00341721,27,false,
0034173c,FUN_0034173c,20,false,
00341750,FUN_00341750,16,false,
00341760,FUN_00341760,171,false,
0034180b,FUN_0034180b,72,false,
00341853,FUN_00341853,65,false,
00341894,FUN_00341894,60,false,
003418d0,FUN_003418d0,41,false,
003418f9,FUN_003418f9,29,false,
00341916,FUN_00341916,31,false,
00341935,FUN_00341935,98,false,
00341997,FUN_00341997,94,false,
003419f5,FUN_003419f5,38,false,
00341a1b,FUN_00341a1b,56,false,
00341a53,FUN_00341a53,49,false,
00341a84,FUN_00341a84,239,false,
00341b73,FUN_00341b73,37,false,
00341b98,FUN_00341b98,41,false,
00341bcd,FUN_00341bcd,409,false,
00341d66,FUN_00341d66,40,false,
00341d8e,FUN_00341d8e,115,false,
00341e01,FUN_00341e01,126,false,
00341e7f,FUN_00341e7f,25,false,
00341e98,FUN_00341e98,134,false,
00341f1e,FUN_00341f1e,51,false,
00341f51,FUN_00341f51,49,false,
00341f82,FUN_00341f82,47,false,
00341fbd,FUN_00341fbd,345,false,
00342116,FUN_00342116,205,false,
003421e3,FUN_003421e3,301,false,
00342310,FUN_00342310,46,false,
0034233e,FUN_0034233e,177,false,
003423ef,FUN_003423ef,103,false,
00342456,FUN_00342456,106,false,
003424c0,FUN_003424c0,142,false,
003425b4,FUN_003425b4,66,false,
00342601,FUN_00342601,92,false,
00342669,FUN_00342669,992,false,
00342a49,FUN_00342a49,134,false,
00342acf,FUN_00342acf,215,false,
00342ba6,FUN_00342ba6,23,false,
00342bbd,FUN_00342bbd,77,false,
00342c0a,FUN_00342c0a,49,false,
00342c3b,FUN_00342c3b,115,false,
00342cae,FUN_00342cae,277,false,
00342dc3,FUN_00342dc3,476,false,
00342fc7,FUN_00342fc7,301,false,
003430f4,FUN_003430f4,25,false,
0034310d,FUN_0034310d,57,false,
00343146,FUN_00343146,32,false,
00343166,FUN_00343166,40,false,
0034318e,FUN_0034318e,34,false,
003431b0,FUN_003431b0,127,false,
0034322f,FUN_0034322f,500,false,
00343423,FUN_00343423,680,false,
003436cb,FUN_003436cb,219,false,
003437a6,FUN_003437a6,597,false,
003439fb,FUN_003439fb,286,false,
00343b19,FUN_00343b19,472,false,
00343cf1,FUN_00343cf1,280,false,
00343e09,FUN_00343e09,68,false,
00343e4d,FUN_00343e4d,36,false,
00343e71,FUN_00343e71,648,false,
0034411c,FUN_0034411c,55,false,
00344153,FUN_00344153,140,false,
003441df,FUN_003441df,123,false,
0034425a,FUN_0034425a,448,false,
0034441a,FUN_0034441a,81,false,
0034446b,FUN_0034446b,558,false,
00344699,FUN_00344699,779,false,
003449a4,FUN_003449a4,207,false,
00344a73,FUN_00344a73,735,false,
00344d52,FUN_00344d52,159,false,
00344e14,FUN_00344e14,507,false,
0034500f,FUN_0034500f,951,false,
003453c6,FUN_003453c6,39,false,
003453ed,FUN_003453ed,92,false,
00345449,FUN_00345449,132,false,
003454cd,FUN_003454cd,150,false,
00345563,FUN_00345563,240,false,
00345653,FUN_00345653,211,false,
00345726,FUN_00345726,331,false,
00345871,FUN_00345871,153,false,
0034590a,FUN_0034590a,562,false,
00345b3c,FUN_00345b3c,145,false,
00345bcd,FUN_00345bcd,437,false,
00345d82,FUN_00345d82,117,false,
00345df7,FUN_00345df7,617,false,
00346060,FUN_00346060,328,false,
003461a8,FUN_003461a8,138,false,
00346232,FUN_00346232,133,false,
003462b7,FUN_003462b7,218,false,
00346391,FUN_00346391,762,false,
0034671d,FUN_0034671d,331,false,
00346868,FUN_00346868,133,false,
003468ed,FUN_003468ed,197,false,
003469b2,__rwXbRasterCreate,1442,false,community
00346f54,FUN_00346f54,80,false,
00346fa4,FUN_00346fa4,1075,false,
003473d7,FUN_003473d7,1169,false,
00347868,FUN_00347868,428,false,
00347a14,FUN_00347a14,133,false,
00347db3,FUN_00347db3,1798,false,
003484b9,FUN_003484b9,38,false,
003484df,FUN_003484df,117,false,
00348554,FUN_00348554,111,false,
003485c3,FUN_003485c3,47,false,
003485f2,FUN_003485f2,24,false,
0034860a,FUN_0034860a,234,false,
003486f4,FUN_003486f4,60,false,
00348730,FUN_00348730,60,false,
0034876c,FUN_0034876c,183,false,
00348823,FUN_00348823,232,false,
0034890b,FUN_0034890b,179,false,
003489be,FUN_003489be,462,false,
00348b8c,FUN_00348b8c,71,false,
00348bd3,FUN_00348bd3,68,false,
00348c17,FUN_00348c17,206,false,
00348ce5,FUN_00348ce5,335,false,
00348e40,FUN_00348e40,85,false,
00348e95,FUN_00348e95,18,false,
00348ea7,FUN_00348ea7,47,false,
00348ed6,FUN_00348ed6,47,false,
00348f05,FUN_00348f05,48,false,
00348f35,FUN_00348f35,336,false,
00349085,FUN_00349085,89,false,
003490de,FUN_003490de,115,false,
00349151,FUN_00349151,36,false,
00349175,FUN_00349175,45,false,
003491a2,FUN_003491a2,47,false,
003491d1,FUN_003491d1,63,false,
00349210,FUN_00349210,187,false,
003492cb,FUN_003492cb,178,false,
0034937d,FUN_0034937d,162,false,
0034941f,FUN_0034941f,104,false,
00349487,FUN_00349487,76,false,
003494d3,FUN_003494d3,179,false,
00349586,FUN_00349586,113,false,
00349609,FUN_00349609,293,false,
0034972e,FUN_0034972e,106,false,
00349798,FUN_00349798,47,false,
003497c7,FUN_003497c7,28,false,
003497e3,FUN_003497e3,346,false,
0034993d,FUN_0034993d,68,false,
00349981,FUN_00349981,101,false,
003499e6,FUN_003499e6,53,false,
00349a1b,FUN_00349a1b,135,false,
00349aa2,FUN_00349aa2,97,false,
00349b03,FUN_00349b03,110,false,
00349b71,FUN_00349b71,201,false,
00349c3a,FUN_00349c3a,269,false,
00349d47,FUN_00349d47,178,false,
00349df9,FUN_00349df9,247,false,
00349ef0,FUN_00349ef0,207,false,
00349fbf,FUN_00349fbf,152,false,
0034a057,FUN_0034a057,221,false,
0034a134,FUN_0034a134,227,false,
0034a217,FUN_0034a217,73,false,
0034a260,FUN_0034a260,116,false,
0034a2d4,FUN_0034a2d4,253,false,
0034a3d1,FUN_0034a3d1,415,false,
0034a570,FUN_0034a570,637,false,
0034a7ed,FUN_0034a7ed,741,false,
0034aad2,FUN_0034aad2,149,false,
0034ab67,FUN_0034ab67,585,false,
0034adb0,FUN_0034adb0,189,false,
0034ae6d,FUN_0034ae6d,753,false,
0034b15e,FUN_0034b15e,100,false,
0034b1c2,FUN_0034b1c2,191,false,
0034b281,FUN_0034b281,618,false,
0034b4eb,FUN_0034b4eb,244,false,
0034b5df,FUN_0034b5df,320,false,
0034b71f,FUN_0034b71f,131,false,
0034b7a2,FUN_0034b7a2,313,false,
0034b8ec,FUN_0034b8ec,266,false,
0034ba28,FUN_0034ba28,350,false,
0034bb86,FUN_0034bb86,594,false,
0034bdd8,FUN_0034bdd8,62,false,
0034be16,FUN_0034be16,302,false,
0034bf44,FUN_0034bf44,180,false,
0034c2e0,D3DDevice_Clear,761,true,xbsymboldb
0034c700,D3D_CleanPrivateData,75,false,community
0034c750,D3D_DestroyResource__LTCG,170,true,xbsymboldb
0034c800,D3D_InternalReleaseSurface,89,false,community
0034c860,D3DResource_AddRef,55,true,xbsymboldb
0034c8a0,D3DResource_Release,77,true,xbsymboldb
0034c8f0,D3DResource_GetType_0,120,true,xbsymboldb
0034c970,D3DResource_IsBusy,130,true,xbsymboldb
0034ca00,D3DResource_BlockUntilNotBusy,12,true,xbsymboldb
0034ca10,D3D_PixelJar_GetPitch,84,false,community
0034ca70,D3D_PixelJar_GetSlice,123,false,community
0034caf0,D3DDevice_GetDisplayMode,255,true,xbsymboldb
0034cbf0,D3DDevice_SetRenderTarget,768,true,xbsymboldb
0034cef0,D3DDevice_SetRenderTargetFast,361,false,community
0034d060,D3DDevice_CopyRects,809,true,xbsymboldb
0034d390,D3DDevice_GetRenderTarget2,54,true,xbsymboldb
0034d410,D3DDevice_SetTransform,280,true,xbsymboldb
0034d530,D3DDevice_SetViewport,533,true,xbsymboldb
0034d750,D3DDevice_SetMaterial,48,true,xbsymboldb
0034d780,D3DDevice_SetLight,950,true,xbsymboldb
0034db40,D3DDevice_LightEnable,337,true,xbsymboldb
0034dca0,D3DDevice_SetTexture,436,true,xbsymboldb
0034de60,D3DDevice_SetPalette,148,true,xbsymboldb
0034df00,D3DDevice_Release,55,true,xbsymboldb
0034df40,D3DDevice_BeginVisibilityTest,52,true,xbsymboldb
0034df80,D3D_GetVisibilityAddress,96,false,community
0034dfe0,D3DDevice_EndVisibilityTest_0,90,true,xbsymboldb
0034e040,D3DDevice_GetVisibilityTestResult,93,false,community
0034e0a0,D3DDevice_GetDisplayFieldStatus,60,true,xbsymboldb
0034e0e0,D3D_SetTileNoWait_0__LTCG_eax1_ecx2,193,true,xbsymboldb
0034e1b0,D3DDevice_SetScissors,745,true,xbsymboldb
0034e4a0,D3DDevice_SetFlickerFilter_0,58,true,xbsymboldb
0034e4e0,D3DDevice_SetScreenSpaceOffset,76,true,xbsymboldb
0034e770,D3DDevice_DeletePixelShader,29,true,xbsymboldb
0034e790,D3DDevice_SetPixelShader,513,true,xbsymboldb
0034e9a0,D3DDevice_SetPixelShaderConstant_4,708,true,xbsymboldb
0034ec70,D3D_InitializeVertexShaderFromFvf,305,false,community
0034edb0,D3DDevice_SetStreamSource,140,true,xbsymboldb
0034ee40,D3D_ShadowVertexShaderState,163,false,community
0034eef0,D3D_ParseProgram,96,false,community
0034ef50,D3DDevice_LoadVertexShader_4,130,true,xbsymboldb
0034efe0,D3DDevice_SelectVertexShader_0__LTCG_eax1_ebx2,160,true,xbsymboldb
0034f080,FUN_0034f080,281,false,
0034f1a0,D3D_ParseDeclarationStream,408,false,community
0034f340,D3D_ParseDeclarationConstants,247,false,community
0034f440,D3DDevice_CreateVertexShader,324,true,xbsymboldb
0034f590,D3DDevice_DeleteVertexShader,27,true,xbsymboldb
0034f5b0,D3D_CommonSetPassthroughProgram,285,false,community
0034f6d0,D3DDevice_SetVertexShader,362,true,xbsymboldb
0034f840,D3DDevice_SetVertexShaderConstant1,95,true,xbsymboldb
0034f8a0,D3DDevice_SetVertexShaderConstant1Fast,73,true,xbsymboldb
0034f8f0,D3DDevice_SetVertexShaderConstant4,162,true,xbsymboldb
0034f9a0,D3DDevice_SetVertexShaderConstantNotInlineFast,208,true,xbsymboldb
0034fa80,D3D_CreateSurfaceOfTexture,106,false,community
0034faf0,D3DDevice_CreateSurface2,142,false,community
0034fb80,D3DSurface_GetDesc,24,true,xbsymboldb
0034fba0,D3DSurface_LockRect,32,true,xbsymboldb
0034fbc0,D3DDevice_CreateVertexBuffer2,75,true,xbsymboldb
0034fc10,D3DVertexBuffer_Lock2,133,true,xbsymboldb
0034fca0,D3DPalette_Lock2,78,true,xbsymboldb
0034fcf0,D3D_MMXMemCpyDwordBlock,136,false,community
0034fd80,D3DDevice_DrawVerticesUP,418,true,xbsymboldb
0034ff30,D3DDevice_DrawVertices,200,true,xbsymboldb
00350000,D3DDevice_DrawIndexedVertices,715,true,xbsymboldb
003502e0,D3DDevice_SetVertexData2f,64,true,xbsymboldb
00350320,D3DDevice_End,74,true,xbsymboldb
00350370,D3D_SwapSetState,326,false,community
003504c0,D3D_SwapSaveState,208,false,community
003505a0,D3D_SwapRestoreState,546,false,community
003507d0,D3D_SwapSaveSurfaces,220,false,community
003508b0,D3D_SwapRestoreSurfaces,159,false,community
00350950,D3D_SwapCopyBlt,634,false,community
00350bd0,D3D_Encode_NVX_FLIP,53,false,community
00350c10,D3D_SwapCopy,413,false,community
00350db0,D3D_SwapFlip,269,false,community
00350ec0,D3D_SwapFirstFlip,386,false,community
00351050,D3D_SwapFinish,64,false,community
00351090,D3DDevice_Swap,227,true,xbsymboldb
00351180,FUN_00351180,183,false,
00351240,D3DDevice_CreateTexture2,174,true,xbsymboldb
003512f0,D3DTexture_GetSurfaceLevel2,72,true,xbsymboldb
00351340,D3DTexture_LockRect,35,true,xbsymboldb
00351370,D3DCubeTexture_GetCubeMapSurface2,75,true,xbsymboldb
003513c0,D3DCubeTexture_LockRect,38,true,xbsymboldb
003513f0,D3D_CDevice_InitializePushBuffer,154,false,community
00351490,D3D_SetFence,185,true,xbsymboldb
00351550,D3D_ComputeGap,43,false,community
00351580,D3D_FindFence,254,false,community
00351680,D3D_CDevice_GpuGet,122,false,community
00351700,D3D_GpuGetOrNewer,98,false,community
00351770,D3D_BlockOnTime_4,358,true,xbsymboldb
003518e0,D3D_MakeRequestedSpace_8,309,true,xbsymboldb
00351a20,D3DDevice_MakeSpace,15,true,xbsymboldb
00351a30,CDevice_KickOff_0__LTCG_edx1,162,true,xbsymboldb
00351ae0,D3D_CDevice_ReentrantKickOffAndWait,90,false,community
00351b50,D3D_BlockOnResource_0,123,true,xbsymboldb
00351bd0,D3D_FlushWCCache,45,false,community
00351c00,D3DDevice_IsFencePending,30,true,xbsymboldb
00351c20,D3DDevice_BeginPush_4,82,true,xbsymboldb
00351c80,D3DDevice_EndPush,15,true,xbsymboldb
00351c90,D3D_DumpMatrixTransposed,98,false,community
00351db0,D3D_FloatToLong,9,false,community
00351dc0,FUN_00351dc0,9,false,
00351dd0,D3D_Exp,82,false,community
00351e30,D3D_Log,11,false,community
00351e40,D3D_Log2,12,false,community
00351e50,D3D_MapToLinearD3DFORMAT,76,false,community
00351ef0,D3D_CalcTilePitch,60,false,community
00351f30,D3D_PixelJar_GetSurfaceFormat,175,false,community
00352040,D3D_PixelJar_GetDepthBufferScale,14,false,community
00352090,D3D_PixelJar_GetSize,339,false,community
003521f0,Get2DSurfaceDesc_0,159,true,xbsymboldb
00352290,D3D_PixelJar_FindSurfaceWithinTexture,564,false,community
003524d0,Lock2DSurface_16,133,true,xbsymboldb
00352560,D3D_PixelJar_EncodeFormat,517,false,community
00352770,D3D_JBInvSqrt,89,false,community
003527d0,D3D_NormalizeVector3,60,false,community
00352810,D3D_XformBy4x3,87,false,community
00352870,D3D_MatrixProduct4x4,250,false,community
00352970,D3D_Inverse4x4,1322,false,community
00352ea0,D3D_Explut,190,false,community
00352f60,FUN_00352f60,245,false,
00353060,FUN_00353060,273,false,
00353180,D3D_InitializeD3dState,474,false,community
00353360,D3D_CDevice_Init,3128,false,community
00353fb0,D3D_CDevice_UnInit,481,false,community
003541a0,CDevice_FreeFrameBuffers_4,519,true,xbsymboldb
003543b0,CDevice_InitializeFrameBuffers_4__LTCG_edi1,1476,true,xbsymboldb
00354b30,D3DDevice_SetRenderState_NormalizeNormals,66,true,xbsymboldb
00354b80,D3DDevice_SetRenderState_ZEnable,156,true,xbsymboldb
00354c20,D3DDevice_SetRenderState_StencilEnable,161,true,xbsymboldb
00354cd0,D3DDevice_SetRenderState_StencilFail,120,true,xbsymboldb
00354d50,D3DDevice_SetRenderState_TextureFactor,89,true,xbsymboldb
00354db0,D3DDevice_SetRenderState_LineWidth,110,true,xbsymboldb
00354e20,D3DDevice_SetRenderState_Dxt1NoiseEnable,128,true,xbsymboldb
00355330,D3DDevice_SetRenderState_PSTextureModes,34,true,xbsymboldb
00355360,D3DDevice_SetRenderState_Simple,39,true,xbsymboldb
00355390,D3DDevice_SetRenderStateNotInline,93,true,xbsymboldb
003553f0,D3DDevice_SetTextureState_TexCoordIndex,270,true,xbsymboldb
00355500,D3DDevice_SetTextureState_BumpEnv,108,true,xbsymboldb
00355570,D3DDevice_SetTextureState_BorderColor,70,true,xbsymboldb
003555c0,D3DDevice_SetTextureState_ColorKeyColor,66,true,xbsymboldb
00355610,D3DDevice_SetTextureStageStateNotInline,236,true,xbsymboldb
00355700,D3D_CommonSetTextureBumpEnv,104,false,community
00355770,D3DDevice_GetViewportOffsetAndScale,290,true,xbsymboldb
003558a0,D3D_CommonSetViewport,511,false,community
00355aa0,D3D_CommonSetControl0,93,false,community
00355b00,D3D_CommonSetAntiAliasingControl,74,false,community
00355b50,D3D_CommonSetDebugRegisters,215,true,xbsymboldb
00355c30,D3D_CommonSetMultiSampleModeAndScale_4__LTCG_eax1,795,true,xbsymboldb
00355f50,D3D_UpdateProjectionViewportTransform,320,true,xbsymboldb
00356090,CMiniport_InitHardware,352,true,xbsymboldb
003561f0,D3D_CMiniport_MapRegisters,43,false,community
0035621b,D3D_CMiniport_GetGeneralInfo,67,false,community
0035625e,D3D_CMiniport_InitEngines,129,false,community
003562df,D3D_CMiniport_LoadEngines,159,false,community
0035637e,D3D_CMiniport_InitGammaRamp,58,false,community
003563b8,D3D_CMiniport_GetAddressInfo,71,false,community
003563ff,D3D_CMiniport_CreateCtxDmaObject,201,false,community
003564c8,D3D_CMiniport_InitDMAChannel,94,false,community
00356526,D3D_CMiniport_ShutdownEngines,436,false,community
003566da,D3D_CMiniport_CreateTile,491,false,community
003568c5,D3D_CMiniport_DestroyTile,189,false,community
00356982,D3D_CMiniport_TilingUpdateIdle,102,false,community
003569e8,D3D_CMiniport_SetTimerAlarm,206,false,community
00356ac0,D3D_CMiniport_GetTime,3,false,community
00356ad0,FUN_00356ad0,279,false,
00356bf0,D3D_CMiniport_Dpc,203,false,community
00356cd0,D3D_CMiniport_ServiceQueuedFlips,194,false,community
00356da0,D3D_CMiniport_VBlank,266,false,community
00356eb0,D3D_CMiniport_ServiceTimerInterrupt,322,false,community
00357000,D3D_CMiniport_ServiceGrInterrupt,179,false,community
003570c0,D3D_CMiniport_ServiceFifoInterrupt,299,false,community
00357250,D3D_CMiniport_SoftwareMethod,482,false,community
00357510,D3D_ReportHardwareError,11,false,community
00357558,D3D_CMiniport_DacProgramVideoStart,126,false,community
003575d6,D3D_CMiniport_DacProgramGammaRamp,83,false,community
00357629,CMiniport_GetDisplayCapabilities,31,true,xbsymboldb
00357648,D3D_GetTableForCurrentAvInfo,121,false,community
003576c1,D3D_CMiniport_SetVideoMode,611,false,community
00357930,D3D_LazySetPointParams,350,false,community
00357a90,D3D_LazySetShaderStageProgram,893,false,community
00357e10,D3D_LazySetTextureState,494,false,community
00358010,D3D_LazySetSpecFogCombiner,482,false,community
00358200,D3D_LazySetTextureTransform,905,false,community
003585d0,D3D_GetColorMaterial,152,false,community
00358670,D3D_SetLightColors,238,false,community
00358760,D3D_SetSceneAmbientAndMaterialEmission,424,false,community
00358910,D3D_SetSpecularParameters,286,false,community
00358a30,D3D_LazySetLights,865,false,community
00358da0,D3D_LazySetTransform,510,false,community
00358fb0,D3D_LazySetState,130,false,community
00359040,CDevice_SetStateVB_8,417,true,xbsymboldb
003591f0,CDevice_SetStateUP_0__LTCG_esi1,325,true,xbsymboldb
00359340,D3D_InitSurfaceHeader,65,false,community
00359390,D3D_HandleMovieFrameIdle,922,false,community
00359740,D3D_HandleShaderSnapshotPreSwap,140,false,community
003597f0,D3D_HandleShaderSnapshotOpcode,1376,false,community
00359d93,D3D_CMiniport_HalMcControlInit,355,false,community
00359ef6,D3D_CMiniport_HalFbControlInit,256,false,community
00359ff6,D3D_CMiniport_HalDacControlInit,207,false,community
0035a0c5,D3D_CMiniport_HalVideoControlInit,54,false,community
0035a0fb,D3D_CMiniport_HalGrControlInit,48,false,community
0035a12b,D3D_CMiniport_HalFifoControlInit,113,false,community
0035a19c,D3D_CMiniport_HalGrControlLoad,636,false,community
0035a418,D3D_CMiniport_HalGrIdle,63,false,community
0035a457,D3D_CMiniport_HalGrLoadChannelContext,289,false,community
0035a578,D3D_CMiniport_HalGrUnloadChannelContext,57,false,community
0035a5b1,D3D_CMiniport_HalFifoControlLoad,133,false,community
0035a636,D3D_CMiniport_HalFifoContextSwitch,504,false,community
0035a82e,D3D_CMiniport_HalFifoAllocDMA,410,false,community
0035a9c8,D3D_CMiniport_HalGrInit3d,2527,false,community
0035b3b0,D3D_FixupPushBuffer,145,false,community
0035b450,D3D_DBGPRINT,51,false,community
0035b490,D3D_CombinerInput,128,false,community
0035b530,D3D_LazySetCombiners,181,false,community
0035bb00,FUN_0035bb00,8,false,
0035bb10,Direct3D_GetAdapterModeCount,183,true,xbsymboldb
0035bbd0,Direct3D_EnumAdapterModes,403,true,xbsymboldb
00360a60,XGRAPHICS_IsCompressedD3DFORMAT,21,false,community
00360a75,XGRAPHICS_Log2,10,false,community
00360a7f,XGRAPHICS_EncodeFormat,427,false,community
00360c2a,XGRAPHICS_EncodeTexture,73,false,community
00360c73,XGSetTextureHeader,42,true,xbsymboldb
00360c9d,XGSetPaletteHeader,33,true,xbsymboldb
00360cbe,Swizzler_Swizzler,29,false,community
00360cdb,Swizzler_Init,97,false,community
00360d3c,Swizzler_SwizzleW,41,false,community
00360d65,XGRAPHICS_VS_GRAPH_OPTIMIZER_Instruction_Combine,41,false,community
00360d8e,XGRAPHICS_GetMasks2,112,false,community
00360dfe,XGRAPHICS_swiz2d_8bit,28,false,community
00360efe,XGRAPHICS_swiz2d_16bit,28,false,community
00360ffc,XGRAPHICS_swiz2d_32bit,28,false,community
003610f5,XGRAPHICS_unswiz2d_8bit,28,false,community
003611d8,XGRAPHICS_unswiz2d_16bit,28,false,community
003612ea,XGRAPHICS_unswiz2d_32bit,28,false,community
003613e0,XGBytesPerPixelFromFormat,34,true,xbsymboldb
00361454,XGSwizzleRect,1660,true,xbsymboldb
00361bb4,XGUnswizzleRect,1804,true,xbsymboldb
003622da,XGRAPHICS_XGInternalSwizzler_Swizzle1x1Column,123,false,community
00362355,XGRAPHICS_XGInternalSwizzler_Unswizzle1x1Column,123,false,community
003623d0,XGRAPHICS__XGInternalSwizzler_unsigned_long___Swizzle2x1,206,false,community
0036249e,XGRAPHICS__XGInternalSwizzler_unsigned_long___Unswizzle2x1,206,false,community
0036256c,XGRAPHICS__XGInternalSwizzler,125,false,community
003625e9,XGRAPHICS__XGInternalSwizzler_unsigned_short___Unswizzle1x1Column,125,false,community
00362666,XGRAPHICS__XGInternalSwizzler_unsigned_short___Swizzle2x1,198,false,community
0036272c,XGRAPHICS__XGInternalSwizzler_unsigned_short___Unswizzle2x1,198,false,community
003627f2,XGRAPHICS__XGInternalSwizzler_unsigned_char___Swizzle1x1Column,117,false,community
00362867,XGRAPHICS__XGInternalSwizzler_unsigned_char___Unswizzle1x1Column,117,false,community
003628dc,XGRAPHICS_XGInternalSwizzler_Swizzle2x1,214,false,community
003629b2,XGRAPHICS_XGInternalSwizzler_Unswizzle2x1,214,false,community
00362f6f,XInitDevices,121,true,xbsymboldb
00362fe8,FUN_00362fe8,125,false,
00363065,IUsbInit_GetMaxDeviceTypeCount,55,true,xbsymboldb
0036309c,FUN_0036309c,12,false,
003630a8,FUN_003630a8,514,false,
003632aa,IUsbInit_Process,329,false,community
003633f3,CDeviceTree_Init,163,false,community
00363496,HCD_DriverEntry,12,false,community
003634a2,HCD_EnumHardware,66,false,community
003634e4,FUN_003634e4,379,false,
003636cb,FUN_003636cb,176,false,
0036377b,FUN_0036377b,453,false,
00363940,FUN_00363940,97,false,
003639a1,FUN_003639a1,11,false,
003639ac,FUN_003639ac,98,false,
00363a0e,FUN_00363a0e,103,false,
00363a75,FUN_00363a75,163,false,
00363b18,MU_Init,268,true,xbsymboldb
00363c24,XInputOpen,86,true,xbsymboldb
00363c7a,XInputClose,12,true,xbsymboldb
00363c86,XInputGetState,115,true,xbsymboldb
00363cf9,XInputSetState,51,true,xbsymboldb
00363d2c,FUN_00363d2c,34,false,
00363d4e,XPeekDevices,60,true,xbsymboldb
00363d8a,XInitDevices,5,true,xbsymboldb
00363d8f,XGetDevices,34,true,xbsymboldb
00363db1,XGetDeviceChanges,109,true,xbsymboldb
00363e1e,GetTypeInformation_8,55,true,xbsymboldb
00363e55,GetTypeInformation_4,43,true,xbsymboldb
00363e80,FUN_00363e80,27,false,
00363eac,FUN_00363eac,35,false,
00363ecf,FUN_00363ecf,106,false,
00363f39,FUN_00363f39,171,false,
00363fe4,FUN_00363fe4,177,false,
00364095,FUN_00364095,188,false,
00364251,FUN_00364251,45,false,
003642f5,FUN_003642f5,77,false,
00364342,FUN_00364342,138,false,
003643cc,FUN_003643cc,157,false,
00364469,FUN_00364469,30,false,
00364596,FUN_00364596,139,false,
0036465c,XID_fCloseDevice,148,true,xbsymboldb
003646f0,FUN_003646f0,302,false,
0036481e,FUN_0036481e,222,false,
003648fc,FUN_003648fc,244,false,
003649f0,FUN_003649f0,592,false,
00364d94,FUN_00364d94,23,false,
00364dab,FUN_00364dab,23,false,
00364dc2,FUN_00364dc2,23,false,
00364dd9,FUN_00364dd9,19,false,
00364dec,FUN_00364dec,4,false,
00364df0,FUN_00364df0,13,false,
00364dfd,FUN_00364dfd,4,false,
00364e01,FUN_00364e01,10,false,
00364e0b,FUN_00364e0b,110,false,
00364e79,FUN_00364e79,108,false,
00364ee5,FUN_00364ee5,6,false,
00364eeb,FUN_00364eeb,118,false,
00364f61,FUN_00364f61,4,false,
00364f65,FUN_00364f65,134,false,
00364feb,FUN_00364feb,108,false,
00365057,FUN_00365057,49,false,
00365088,FUN_00365088,72,false,
003650d0,FUN_003650d0,92,false,
0036512c,FUN_0036512c,117,false,
003651a1,FUN_003651a1,234,false,
0036528b,FUN_0036528b,66,false,
003652cd,FUN_003652cd,75,false,
00365318,IUsbInit_IUsbInit,90,false,community
00365372,FUN_00365372,80,false,
003653c2,FUN_003653c2,20,false,
003653d6,FUN_003653d6,73,false,
0036541f,FUN_0036541f,53,false,
00365454,FUN_00365454,104,false,
003654ce,FUN_003654ce,50,false,
00365500,FUN_00365500,196,false,
003655c4,FUN_003655c4,34,false,
003655e6,FUN_003655e6,81,false,
00365693,FUN_00365693,52,false,
003656c7,FUN_003656c7,7,false,
003656ce,FUN_003656ce,7,false,
003656d5,XGetDeviceEnumerationStatus,41,true,xbsymboldb
003656fe,FUN_003656fe,21,false,
00365713,FUN_00365713,98,false,
00365775,thunk_FUN_003655e6,5,true,xbsymboldb
0036577a,FUN_0036577a,118,false,
003657f0,FUN_003657f0,82,false,
00365842,FUN_00365842,175,false,
003658f1,FUN_003658f1,119,false,
00365968,FUN_00365968,69,false,
003659ad,FUN_003659ad,129,false,
00365a2e,FUN_00365a2e,19,false,
00365a41,FUN_00365a41,51,false,
00365a74,FUN_00365a74,109,false,
00365ae1,FUN_00365ae1,101,false,
00365b46,FUN_00365b46,396,false,
00365cd2,FUN_00365cd2,52,false,
00365de1,FUN_00365de1,327,false,
00365f28,FUN_00365f28,256,false,
00366028,FUN_00366028,185,false,
003660e1,FUN_003660e1,331,false,
00366280,FUN_00366280,19,false,
00366293,FUN_00366293,372,false,
00366407,FUN_00366407,33,false,
00366428,FUN_00366428,46,false,
00366456,FUN_00366456,57,false,
0036648f,FUN_0036648f,57,false,
003664c8,FUN_003664c8,47,false,
003664f7,FUN_003664f7,118,false,
0036656d,FUN_0036656d,61,false,
003665aa,FUN_003665aa,59,false,
003665e5,FUN_003665e5,183,false,
0036669c,FUN_0036669c,103,false,
00366703,FUN_00366703,83,false,
00366756,FUN_00366756,280,false,
0036686e,FUN_0036686e,44,false,
003668be,FUN_003668be,93,false,
0036691b,FUN_0036691b,54,false,
00366951,FUN_00366951,113,false,
003669c2,FUN_003669c2,99,false,
00366a25,FUN_00366a25,334,false,
00366bd6,FUN_00366bd6,231,false,
00366cbd,FUN_00366cbd,34,false,
00366cdf,FUN_00366cdf,50,false,
00366d11,FUN_00366d11,145,false,
00366da2,FUN_00366da2,91,false,
00366dfd,FUN_00366dfd,91,false,
00366e58,FUN_00366e58,80,false,
00366f74,FUN_00366f74,192,false,
00367034,FUN_00367034,107,false,
0036709f,FUN_0036709f,211,false,
00367172,FUN_00367172,48,false,
003671a2,FUN_003671a2,128,false,
00367222,FUN_00367222,171,false,
00367349,FUN_00367349,294,false,
00367551,FUN_00367551,143,false,
003675e0,FUN_003675e0,77,false,
0036762d,FUN_0036762d,29,false,
00367675,FUN_00367675,191,false,
00367734,FUN_00367734,29,false,
00367751,FUN_00367751,61,false,
0036778e,FUN_0036778e,80,false,
003677de,FUN_003677de,22,false,
003677f4,FUN_003677f4,119,false,
0036786b,FUN_0036786b,476,false,
00367a47,FUN_00367a47,377,false,
00367bc0,FUN_00367bc0,150,false,
00367c56,FUN_00367c56,36,false,
00367c7a,FUN_00367c7a,275,false,
00367d8d,FUN_00367d8d,124,false,
00367e09,FUN_00367e09,50,false,
00367e3b,FUN_00367e3b,244,false,
00367f2f,FUN_00367f2f,172,false,
00367fdb,FUN_00367fdb,258,false,
003680dd,FUN_003680dd,86,false,
00368133,FUN_00368133,135,false,
003681ba,FUN_003681ba,218,false,
00368294,FUN_00368294,278,false,
003683aa,FUN_003683aa,18,false,
003683bc,FUN_003683bc,429,false,
00368569,FUN_00368569,68,false,
003685ad,FUN_003685ad,137,false,
00368636,FUN_00368636,359,false,
0036879d,FUN_0036879d,287,false,
003688bc,FUN_003688bc,90,false,
00368916,FUN_00368916,240,false,
00368a06,FUN_00368a06,32,false,
00368a26,FUN_00368a26,31,false,
00368a45,FUN_00368a45,31,false,
00368a64,FUN_00368a64,50,false,
00368a96,FUN_00368a96,58,false,
00368ad0,FUN_00368ad0,766,false,
00368dce,FUN_00368dce,83,false,
00368e21,FUN_00368e21,77,false,
00368e6e,FUN_00368e6e,77,false,
00368ebb,FUN_00368ebb,51,false,
00368eee,FUN_00368eee,60,false,
00368f2a,FUN_00368f2a,60,false,
00368f66,FUN_00368f66,134,false,
00368fec,FUN_00368fec,231,false,
003690d3,FUN_003690d3,28,false,
0036918a,FUN_0036918a,271,false,
00369299,FUN_00369299,261,false,
0036939e,FUN_0036939e,28,false,
003693ba,FUN_003693ba,22,false,
003693d0,FUN_003693d0,338,false,
00369522,FUN_00369522,562,false,
00369754,FUN_00369754,486,false,
0036993a,FUN_0036993a,129,false,
003699bb,FUN_003699bb,149,false,
00369a50,XVoiceCreateMediaObject,443,true,xbsymboldb
00369c0b,FUN_00369c0b,124,false,
00369c87,XVoiceCreateMediaObjectEx,48,true,xbsymboldb
00369cb7,FUN_00369cb7,91,false,
00369d12,FUN_00369d12,199,false,
00369e20,FUN_00369e20,51,false,
00369eb3,XReadMUMetaData,363,true,xbsymboldb
0036a01e,FUN_0036a01e,27,false,
0036a039,FUN_0036a039,40,false,
0036a061,FUN_0036a061,150,false,
0036a0f7,FUN_0036a0f7,29,false,
0036a114,FUN_0036a114,210,false,
0036a1e6,FUN_0036a1e6,26,false,
0036a235,FUN_0036a235,109,false,
0036a2a2,FUN_0036a2a2,436,false,
0036a48e,FUN_0036a48e,32,false,
0036a4ae,FUN_0036a4ae,90,false,
0036a508,FUN_0036a508,64,false,
0036a548,FUN_0036a548,28,false,
0036a564,FUN_0036a564,39,false,
0036a58b,FUN_0036a58b,26,false,
0036a5a5,FUN_0036a5a5,22,false,
0036a5bb,FUN_0036a5bb,486,false,
0036a7a1,FUN_0036a7a1,129,false,
0036a822,FUN_0036a822,206,false,
0036a8f0,FUN_0036a8f0,486,false,
0036aad6,FUN_0036aad6,379,false,
0036ac51,FUN_0036ac51,93,false,
0036acae,FUN_0036acae,162,false,
0036ad50,FUN_0036ad50,208,false,
0036ae20,FUN_0036ae20,400,false,
0036afb0,FUN_0036afb0,113,false,
0036b021,FUN_0036b021,59,false,
0036b05c,FUN_0036b05c,262,false,
0036b162,FUN_0036b162,132,false,
0036b1e6,FUN_0036b1e6,137,false,
0036b26f,FUN_0036b26f,253,false,
0036b36c,FUN_0036b36c,198,false,
0036b49a,FUN_0036b49a,169,false,
0036b743,FUN_0036b743,46,false,
