address,size,class,method_signature,source_file
00100400,76,std,exception::~exception(),MSLGCC_PS2.LIB mwrtti.o
00100450,12,std,exception::what() const,MSLGCC_PS2.LIB mwrtti.o
001006e0,36,std,unexpected(),MSLGCC_PS2.LIB nmwexception.o
00100710,36,std,terminate(),MSLGCC_PS2.LIB nmwexception.o
00100740,36,std,duhandler(),MSLGCC_PS2.LIB nmwexception.o
00100770,28,std,dthandler(),MSLGCC_PS2.LIB nmwexception.o
001010a0,96,std,bad_exception::~bad_exception(),MSLGCC_PS2.LIB exceptionhandle
00101fc0,12,std,bad_exception::what() const,MSLGCC_PS2.LIB exceptionhandle
0012ecb0,16,CB3ControllerMapping,ResetControllerDeadTime(),B3ControllerMappingPS2.cpp
0012ecc0,20,CB3ControllerMapping,GetControllerDeadTime(),B3ControllerMappingPS2.cpp
0012ece0,8,CB3ControllerMapping,WheelIsValid(),B3ControllerMappingPS2.cpp
0012ecf0,36,CB3ControllerMapping,PadIsValid(),B3ControllerMappingPS2.cpp
0012ed20,160,CB3ControllerMapping,GetBoost(),B3ControllerMappingPS2.cpp
0012edc0,160,CB3ControllerMapping,GetLookBack(),B3ControllerMappingPS2.cpp
0012ee60,188,CB3ControllerMapping,GetCameraSwitch(),B3ControllerMappingPS2.cpp
0012ef20,188,CB3ControllerMapping,GetGearDown(),B3ControllerMappingPS2.cpp
0012efe0,188,CB3ControllerMapping,GetGearUp(),B3ControllerMappingPS2.cpp
0012f0a0,244,CB3ControllerMapping,GetHorn(),B3ControllerMappingPS2.cpp
0012f1a0,420,CB3ControllerMapping,GetAftertouch(),B3ControllerMappingPS2.cpp
0012f350,420,CB3ControllerMapping,GetSteering(),B3ControllerMappingPS2.cpp
0012f500,264,CB3ControllerMapping,GetBrake(),B3ControllerMappingPS2.cpp
0012f610,264,CB3ControllerMapping,GetAccelerator(),B3ControllerMappingPS2.cpp
0012f720,188,CB3ControllerMapping,GetStartButton(bool),B3ControllerMappingPS2.cpp
0012f7e0,176,CB3ControllerMapping,"GetPadControl(EGtPS2DualShockDeviceControl,bool)",B3ControllerMappingPS2.cpp
0012f890,132,CB3ControllerMapping,AnyInput(),B3ControllerMappingPS2.cpp
0012f920,172,CB3ControllerMapping,Update(),B3ControllerMappingPS2.cpp
0012f9d0,8,CB3ControllerMapping,Prepare(),B3ControllerMappingPS2.cpp
0012f9e0,96,CB3ControllerMapping,Construct(unsigned int),B3ControllerMappingPS2.cpp
0012fa40,864,CB3DebugManager,"RenderPerfMonDataCallback(const char*,float,float,float,bool)",B3DebugManager.cpp
0012fda0,944,CB3DebugManager,"DrawVectorText(const char*,GtMathPs2::CGtV3d,GtMathPs2::CGtMatrix3x4*,float,GtMathPs2::CGtV4d)",B3DebugManager.cpp
00130160,268,CB3DebugManager,"DrawCross(GtMathPs2::CGtV3d,float,GtMathPs2::CGtV4d)",B3DebugManager.cpp
00130270,344,CB3DebugManager,"DrawLine(const CGtLine&,GtMathPs2::CGtV4d)",B3DebugManager.cpp
001303d0,12,CB3DebugManager,StopUpdate(void*),B3DebugManager.cpp
001303e0,188,CB3DebugManager,RenderWorld(),B3DebugManager.cpp
001304a0,8,CB3DebugManager,RenderOverlays(),B3DebugManager.cpp
001304b0,64,CB3DebugManager,Destruct(),B3DebugManager.cpp
001304f0,64,CB3DebugManager,Update(),B3DebugManager.cpp
00130530,236,CB3DebugManager,UpdateStartOfFrame(),B3DebugManager.cpp
00130620,124,CB3DebugManager,Prepare(),B3DebugManager.cpp
001306a0,104,CB3DebugManager,Construct(),B3DebugManager.cpp
00130710,36,CB3Im3dVertex,CB3Im3dVertex(),B3DebugManager.cpp
00130740,8,CB3FrontEnd,SetInitialMenu(unsigned long),B3FrontEnd.cpp
00130750,8,CB3FrontEnd,SetCurrentVideo(EB3Video),B3FrontEnd.cpp
00130760,44,CB3FrontEnd,Destruct(),B3FrontEnd.cpp
00130790,176,CB3FrontEnd,ReleaseVideo(),B3FrontEnd.cpp
00130840,192,CB3FrontEnd,PrepareVideo(),B3FrontEnd.cpp
00130900,264,CB3FrontEnd,PrepareAudio(),B3FrontEnd.cpp
00130a10,412,CB3FrontEnd,Release(),B3FrontEnd.cpp
00130bb0,200,CB3FrontEnd,Render(),B3FrontEnd.cpp
00130c80,128,CB3FrontEnd,Update(),B3FrontEnd.cpp
00130d00,1452,CB3FrontEnd,Prepare(),B3FrontEnd.cpp
001312b0,176,CB3FrontEnd,Construct(),B3FrontEnd.cpp
00131380,56,CB3Game,Is2PlayerSplitScreen(),B3Game.cpp
001313c0,64,CB3Game,IsInChampionship(),B3Game.cpp
00131400,64,CB3Game,IsTurnBasedCrash(),B3Game.cpp
00131440,200,CB3Game,IsCrashMode(),B3Game.cpp
00131510,68,CB3Game,RequestNewGameMode(CB3GameMode*),B3Game.cpp
00131560,44,CB3Game,IsSimulationPaused(),B3Game.cpp
00131590,304,CB3Game,UpdatePostSimulation(),B3Game.cpp
001316c0,412,CB3Game,UpdateSimulation(),B3Game.cpp
00131860,536,CB3Game,UpdatePreSimulation(),B3Game.cpp
00131a80,288,CB3Game,Destruct(),B3Game.cpp
00131ba0,128,CB3Game,Release(),B3Game.cpp
00131c20,3228,CB3Game,Update(),B3Game.cpp
001328c0,1824,CB3Game,Prepare(),B3Game.cpp
00132fe0,1536,CB3Game,Construct(),B3Game.cpp
001335e0,20,CB3OfflineCrashPartyLogic,IsTurnBased(),B3Game.cpp
00133600,8,CB3OfflineCrashPartyLogic,IsCrashType(),B3Game.cpp
00133610,8,CB3OfflineSingleCrashLogic,GetOfflineGameModeType(),B3Game.cpp
00133620,8,CB3OfflineSingleCrashLogic,GetOnlineGameModeType(),B3Game.cpp
00133630,16,CB3OfflineSingleCrashLogic,IsCrashIntroPlaying(),B3Game.cpp
00133640,16,CB3OfflineSingleCrashLogic,CanAdjustCameras(),B3Game.cpp
00133650,8,CB3OfflineStageLogic,"UseTakedownCamera(CB3RaceCar*,CB3RaceCar*)",B3Game.cpp
00133660,8,CB3StageLogic,GetAIMode(),B3Game.cpp
00133670,8,CB3StageLogic,GetCheckpointMarkerFlags(),B3Game.cpp
00133680,8,CB3StageLogic,GetScoreModeFlags(),B3Game.cpp
00133690,8,CB3StageLogic,GetResultsPageString(),B3Game.cpp
001336a0,8,CB3StageLogic,OnRaceCarStartNewLap(CB3RaceCar*),B3Game.cpp
001336b0,8,CB3StageLogic,OnPlayerCarDeath(CB3PlayerCar*),B3Game.cpp
001336c0,8,CB3StageLogic,OnNetworkCarDeath(CB3NetworkCar*),B3Game.cpp
001336d0,8,CB3StageLogic,"OnRaceCarFinished(CB3RaceCar*,EB3ScoreFinishState)",B3Game.cpp
001336e0,8,CB3StageLogic,IsCooperative(),B3Game.cpp
001336f0,8,CB3StageLogic,IsCrashBattle(),B3Game.cpp
00133700,8,CB3StageLogic,UseCrashBattleScoring(),B3Game.cpp
00133710,8,CB3StageLogic,IsRoadRage(),B3Game.cpp
00133720,8,CB3StageLogic,DisplayDollarValuesAboveTraffic(),B3Game.cpp
00133730,8,CB3StageLogic,DoAfterTouchNotSlowMo(),B3Game.cpp
00133740,8,CB3StageLogic,SetGameModeStatusMessageDelivered(),B3Game.cpp
00133750,8,CB3StageLogic,SetGameModeStatusMessageArrived(signed char),B3Game.cpp
00133760,8,CB3StageLogic,LeaveLobby(),B3Game.cpp
00133770,8,CB3StageLogic,AllowRestartButton(),B3Game.cpp
00133780,8,CB3StageLogic,SetFirstResultsPageContinuePressed(),B3Game.cpp
00133790,8,CB3StageLogic,SetSecondResultsPageContinuePressed(),B3Game.cpp
001337a0,12,CB3StageLogic,GetTotalScore(),B3Game.cpp
001337b0,8,CB3StageLogic,IncrementTotalScore(float),B3Game.cpp
001337c0,8,CB3StageLogic,AllResultsAreIn(),B3Game.cpp
001337d0,8,CB3StageLogic,GetNumRoundsPlayed(),B3Game.cpp
001337e0,144,CB3Game,~CB3Game(),B3Game.cpp
00133870,8,CB3GameMode,GetNumLaps(),B3GameMode.cpp
00133880,8,CB3GameMode,StartReplay(),B3GameMode.cpp
00133890,8,CB3GameMode,Destruct(),B3GameMode.cpp
001338a0,96,CB3GameMode,Release(),B3GameMode.cpp
00133900,88,CB3GameMode,Update(),B3GameMode.cpp
00133960,508,CB3GameMode,Prepare(),B3GameMode.cpp
00133b60,20,CB3GameMode,Construct(),B3GameMode.cpp
00133b80,60,CB3OnePlayerStage,GetNumLaps(),B3OnePlayerStage.cpp
00133bc0,68,CB3OnePlayerStage,StartReplay(),B3OnePlayerStage.cpp
00133c10,8,CB3OnePlayerStage,Destruct(),B3OnePlayerStage.cpp
00133c20,116,CB3OnePlayerStage,Release(),B3OnePlayerStage.cpp
00133ca0,944,CB3OnePlayerStage,Render(),B3OnePlayerStage.cpp
00134290,248,CB3OnePlayerStage,Update(),B3OnePlayerStage.cpp
00134390,452,CB3OnePlayerStage,Prepare(),B3OnePlayerStage.cpp
00134560,8,CB3OnePlayerStage,Construct(),B3OnePlayerStage.cpp
00134570,8,CB3OnlineStage,GetNumLaps(),B3OnlineStage.cpp
00134580,68,CB3OnlineStage,StartReplay(),B3OnlineStage.cpp
001345d0,12,CB3OnlineStage,Destruct(),B3OnlineStage.cpp
001345e0,236,CB3OnlineStage,Release(),B3OnlineStage.cpp
001346d0,292,CB3OnlineStage,Render(),B3OnlineStage.cpp
00134800,488,CB3OnlineStage,Update(),B3OnlineStage.cpp
001349f0,792,CB3OnlineStage,Prepare(),B3OnlineStage.cpp
00134d10,44,CB3OnlineStage,Construct(),B3OnlineStage.cpp
00134d40,16,CB3Player,ResetLastInputTime(),B3Player.cpp
00134d50,152,CB3Player,Update(),B3Player.cpp
00134df0,80,CB3Player,Prepare(),B3Player.cpp
00134e40,12,CB3Player,Construct(int),B3Player.cpp
00134e50,12,CB3ProfileManager,LockAll(),B3Profile.cpp
00134e60,12,CB3ProfileManager,UnlockAll(),B3Profile.cpp
00134e70,12,CB3ProfileManager,"UpdateProfile(EChallengeMedal,int)",B3Profile.cpp
00134e80,1728,CB3ProfileManager,Prepare(),B3Profile.cpp
00135540,8,CB3ProfileManager,Construct(),B3Profile.cpp
00135550,668,CB3Profile,"UpdateProfile(EChallengeMedal,int)",B3Profile.cpp
001357f0,520,CB3Profile,EvaluateGameCounts(),B3Profile.cpp
00135a00,248,CB3Profile,EvaluateFavourites(),B3Profile.cpp
00135b00,1704,CB3Profile,EvaluateMedals(),B3Profile.cpp
001361b0,928,CB3Profile,WillTrophyBeUnlockedAtTheEndOfTheRace(int),B3Profile.cpp
00136550,692,CB3Profile,WillTrophyUnlock(int),B3Profile.cpp
00136810,292,CB3Profile,WillCheatUnlock(int),B3Profile.cpp
00136940,632,CB3Profile,WillPlayerCarUnlock(int),B3Profile.cpp
00136bc0,324,CB3Profile,EvaluateTrackUnlocking(),B3Profile.cpp
00136d10,1792,CB3Profile,EvaluateChallengeUnlocking(),B3Profile.cpp
00137410,1792,CB3Profile,LockAll(),B3Profile.cpp
00137b10,400,CB3Profile,UnlockAll(),B3Profile.cpp
00137ca0,656,CB3Profile,Evaluate(),B3Profile.cpp
00137f30,8,CB3Profile,GetTimeStamp(),B3Profile.cpp
00137f40,12,CB3Profile,SetTimeStamp(),B3Profile.cpp
00137f50,12,CB3Profile,GetGameCompletePercentage(),B3Profile.cpp
00137f60,12,CB3Profile,GetOfflineSlamToTakedownPercentage(),B3Profile.cpp
00137f70,12,CB3Profile,GetOnlineSlamToTakedownPercentage(),B3Profile.cpp
00137f80,56,CB3Profile,GetFavouriteVehicleID(),B3Profile.cpp
00137fc0,12,CB3Profile,GetCollectedTrophyCount(),B3Profile.cpp
00137fd0,20,CB3Profile,IsTrophyUnlocked(int),B3Profile.cpp
00137ff0,12,CB3Profile,GetCollectedCarCount(),B3Profile.cpp
00138000,68,CB3Profile,UnlockVehicle(unsigned long),B3Profile.cpp
00138050,100,CB3Profile,IsCarUnlocked(unsigned long),B3Profile.cpp
001380c0,100,CB3Profile,IsTrackUnlocked(unsigned long),B3Profile.cpp
00138130,12,CB3Profile,GetCollectedCheatCount(),B3Profile.cpp
00138140,20,CB3Profile,IsCheatUnlocked(int),B3Profile.cpp
00138160,12,CB3Profile,GetCollectedHeadlineCount(),B3Profile.cpp
00138170,16,CB3Profile,IsHeadlineAchieved(int),B3Profile.cpp
00138180,12,CB3Profile,GetSignatureTakedownCount(),B3Profile.cpp
00138190,20,CB3Profile,IsSpecialEventComplete(int),B3Profile.cpp
001381b0,16,CB3Profile,IsSignatureTakedownComplete(int),B3Profile.cpp
001381c0,12,CB3Profile,GetSpecialEventGoldMedalCount(),B3Profile.cpp
001381d0,12,CB3Profile,GetTotalMedalCount(EChallengeMedal),B3Profile.cpp
001381e0,124,CB3Profile,"GetAsiaMedalCount(EChallengeMedal,EMedalEventType)",B3Profile.cpp
00138260,124,CB3Profile,"GetEuroMedalCount(EChallengeMedal,EMedalEventType)",B3Profile.cpp
001382e0,124,CB3Profile,"GetUSAMedalCount(EChallengeMedal,EMedalEventType)",B3Profile.cpp
00138360,12,CB3Profile,GetGoldMedalCount(),B3Profile.cpp
00138370,12,CB3Profile,GetEventsCompletedCount(),B3Profile.cpp
00138380,24,CB3Profile,GetChallengeUnlockedCount(),B3Profile.cpp
001383a0,44,CB3Profile,"GetChallengeMedal(int,bool)",B3Profile.cpp
001383d0,76,CB3Profile,"IsChallengeLocked(int,bool)",B3Profile.cpp
00138420,172,CB3Profile,"SetChallengeMedalPending(EChallengeMedal,int,bool)",B3Profile.cpp
001384d0,28,CB3Profile,GetCrashCount(bool),B3Profile.cpp
001384f0,28,CB3Profile,GetRaceCount(bool),B3Profile.cpp
00138510,44,CB3Profile,IncrementRaceCount(bool),B3Profile.cpp
00138540,8,CB3Profile,GetLongestDriftVehicle(),B3Profile.cpp
00138550,12,CB3Profile,GetLongestDriftTrack(),B3Profile.cpp
00138560,68,CB3Profile,GetLongestDriftDistance(unsigned long),B3Profile.cpp
001385b0,316,CB3Profile,"UpdateLongestDrift(float,unsigned long,unsigned long)",B3Profile.cpp
001386f0,8,CB3Profile,GetLongestOncomingVehicle(),B3Profile.cpp
00138700,56,CB3Profile,GetLongestOncomingTrack(),B3Profile.cpp
00138740,68,CB3Profile,GetLongestOncomingDistance(unsigned long),B3Profile.cpp
00138790,420,CB3Profile,"UpdateLongestOncoming(float,unsigned long,unsigned long)",B3Profile.cpp
00138940,28,CB3Profile,GetSlamTotal(bool),B3Profile.cpp
00138960,44,CB3Profile,"IncreaseSlamTotal(unsigned int,bool)",B3Profile.cpp
00138990,84,CB3Profile,"GetTakeDownTotal(unsigned long,bool)",B3Profile.cpp
001389f0,180,CB3Profile,"IncreaseTakeDownTotal(unsigned int,unsigned long,unsigned long,bool)",B3Profile.cpp
00138ab0,72,CB3Profile,GetVehicleUsage(unsigned long),B3Profile.cpp
00138b00,76,CB3Profile,IncrementVehicleUsage(unsigned long),B3Profile.cpp
00138b50,8,CB3Profile,GetCrashDamageTotal(),B3Profile.cpp
00138b60,8,CB3Profile,GetBurnoutPointTotal(),B3Profile.cpp
00138b70,16,CB3Profile,IncreaseBurnoutPointTotal(unsigned int),B3Profile.cpp
00138b80,8,CB3Profile,GetProfileName(),B3Profile.cpp
00138b90,36,CB3Profile,SetProfileName(unsigned short*),B3Profile.cpp
00138bc0,172,CB3Profile,FindStageIDFromProgressionIndex(int),B3Profile.cpp
00138c70,1724,CB3Profile,Prepare(),B3Profile.cpp
00139330,116,CB3ProfileInGameData,UpdateSpecialCaseTakedownCounters(CB3RaceCar*),B3Profile.cpp
001393b0,56,CB3ProfileInGameData,CacheCurrentProfile(CB3Profile*),B3Profile.cpp
001393f0,468,CB3ProfileCalcuatedData,Prepare(),B3Profile.cpp
001395d0,448,CB3ProfileStoredData,Prepare(),B3Profile.cpp
00139790,8,CB3ProgressionManager,Destruct(),B3ProgressionManager.cpp
001397a0,8,CB3ProgressionManager,Update(),B3ProgressionManager.cpp
001397b0,8,CB3ProgressionManager,Construct(),B3ProgressionManager.cpp
001397c0,68,CB3TwoPlayerSplitScreenStage,StartReplay(),B3TwoPlayerSplitScreenStage.cpp
00139810,12,CB3TwoPlayerSplitScreenStage,GetNumLaps(),B3TwoPlayerSplitScreenStage.cpp
00139820,8,CB3TwoPlayerSplitScreenStage,Destruct(),B3TwoPlayerSplitScreenStage.cpp
00139830,88,CB3TwoPlayerSplitScreenStage,Release(),B3TwoPlayerSplitScreenStage.cpp
00139890,212,CB3TwoPlayerSplitScreenStage,Render(),B3TwoPlayerSplitScreenStage.cpp
00139970,172,CB3TwoPlayerSplitScreenStage,Update(),B3TwoPlayerSplitScreenStage.cpp
00139a20,440,CB3TwoPlayerSplitScreenStage,Prepare(),B3TwoPlayerSplitScreenStage.cpp
00139be0,8,CB3TwoPlayerSplitScreenStage,Construct(),B3TwoPlayerSplitScreenStage.cpp
00139bf0,336,CB3AsyncDataLoader,Abort(unsigned int),B3AsyncDataLoader.cpp
00139d40,672,CB3AsyncDataLoader,"QueueLoadRequest(const char*,bool*,void*,unsigned int)",B3AsyncDataLoader.cpp
00139fe0,180,CB3AsyncDataLoader,Destruct(),B3AsyncDataLoader.cpp
0013a0a0,436,CB3AsyncDataLoader,Update(),B3AsyncDataLoader.cpp
0013a260,84,CB3AsyncDataLoader,Construct(),B3AsyncDataLoader.cpp
0013a2c0,964,CB3AIAvoidanceMap,CalculateCarPositionInMap(bool),B3AIAvoidance.cpp
0013a690,284,CB3AIAvoidanceMap,CalculateCarCoverage(),B3AIAvoidance.cpp
0013a7b0,760,CB3AIAvoidanceMap,"GetChannelRisk(int,float*,float*,float*) const",B3AIAvoidance.cpp
0013aab0,548,CB3AIAvoidanceMap,"CalcRiskOfPosition(const CB3AILane*,unsigned short,GtMathPs2::CGtV3d,float*,float*,float*) const",B3AIAvoidance.cpp
0013ace0,1440,CB3AIAvoidanceMap,CheckNoGoZones(),B3AIAvoidance.cpp
0013b280,608,CB3AIAvoidanceMap,"FillInNoGoData(const CB3AILane*,unsigned short,EAIAvoidanceRisk,float,float)",B3AIAvoidance.cpp
0013b4e0,392,CB3AIAvoidanceMap,GetSafestChannel(),B3AIAvoidance.cpp
0013b670,1040,CB3AIAvoidanceMap,CheckCrashingTraffic(),B3AIAvoidance.cpp
0013ba80,380,CB3AIAvoidanceMap,CheckTraffic(),B3AIAvoidance.cpp
0013bc00,420,CB3AIAvoidanceMap,CheckRaceCar(),B3AIAvoidance.cpp
0013bdb0,1200,CB3AIAvoidanceMap,"CheckVehicle(const GtMathPs2::CGtMatrix3x4&,GtMathPs2::CGtV3d,bool,bool,EAIAvoidanceRisk,const CGtAxisAligne",B3AIAvoidance.cpp
0013c260,4872,CB3AIAvoidanceMap,"AddCarToMap(EAIAvoidanceRisk,float,float,float,GtMathPs2::CGtV3d,GtMathPs2::CGtV3d,GtMathPs2::CGtV3d,GtMathP",B3AIAvoidance.cpp
0013d570,304,CB3AIAvoidanceMap,Update(bool),B3AIAvoidance.cpp
0013d6a0,176,CB3AIAvoidanceMap,Prepare(CB3AICar*),B3AIAvoidance.cpp
0013d750,3540,CB3AIAvoidance,GenerateTarget(),B3AIAvoidance.cpp
0013e530,8,CB3AIAvoidance,Release(),B3AIAvoidance.cpp
0013e540,80,CB3AIAvoidance,Update(),B3AIAvoidance.cpp
0013e590,136,CB3AIAvoidance,Prepare(),B3AIAvoidance.cpp
0013e620,40,CB3AIAvoidance,Construct(),B3AIAvoidance.cpp
0013e650,224,CB3AICar,CalcSeparationAlongTrack(CB3RaceCar*),B3AICar.cpp
0013e730,220,CB3AICar,CalcSeparationAcrossTrack(CB3RaceCar*),B3AICar.cpp
0013e810,72,CB3AICar,IncreaseAggression(float),B3AICar.cpp
0013e860,328,CB3AICar,OnSetActive(bool),B3AICar.cpp
0013e9b0,324,CB3AICar,"ResetCarInSlice(int,GtMathPs2::CGtMatrix3x4*)",B3AICar.cpp
0013eb00,328,CB3AICar,UpdateAICheckpoint(),B3AICar.cpp
0013ec50,132,CB3AICar,PrepareSound(),B3AICar.cpp
0013ece0,5400,CB3AICar,UpdateOutOfRange(),B3AICar.cpp
00140200,140,CB3AICar,SetAIInRange(),B3AICar.cpp
00140290,24,CB3AICar,SetAIOutOfRange(),B3AICar.cpp
001402b0,544,CB3AICar,"AdjustOutOfRange(CB3PlayerCar*,float,CAIRangeAttribs&)",B3AICar.cpp
001404d0,892,CB3AICar,UpdateAttributes(),B3AICar.cpp
00140850,76,CB3AICar,StopCrashing(),B3AICar.cpp
001408a0,56,CB3AICar,Release(),B3AICar.cpp
001408e0,400,CB3AICar,Update(),B3AICar.cpp
00140a70,436,CB3AICar,Prepare(),B3AICar.cpp
00140c30,216,CB3AICar,Construct(int),B3AICar.cpp
00140d10,68,CB3AIControlData,GetNumCarsDoingCatchup(),B3AIControlData.cpp
00140d60,460,CB3AIDriver,CalcCatchupSpeed(float),B3AIDriver.cpp
00140f30,1292,CB3AIDriver,CalcSpeedMatchSpeed(float),B3AIDriver.cpp
00141440,296,CB3AIDriver,GetCurrentMaxSpeed(),B3AIDriver.cpp
00141570,296,CB3AIDriver,GetCurrentMinSpeed(),B3AIDriver.cpp
001416a0,880,CB3AIDriver,GenerateProfile(),B3AIDriver.cpp
00141a10,280,CB3AIDriver,CalcDifficultyIndex(),B3AIDriver.cpp
00141b30,76,CB3AIDriver,"_CalcDifficultyIndexQSortCallback(const void*,const void*)",B3AIDriver.cpp
00141b80,456,CB3AIDriver,CalculateDesiredSpeed(),B3AIDriver.cpp
00141d50,1588,CB3AIDriver,CalculateSteerAngle(),B3AIDriver.cpp
00142390,728,CB3AIDriver,CheckForDrift(),B3AIDriver.cpp
00142670,44,CB3AIDriver,Release(),B3AIDriver.cpp
001426a0,612,CB3AIDriver,Update(),B3AIDriver.cpp
00142910,280,CB3AIDriver,Prepare(),B3AIDriver.cpp
00142a30,56,CB3AIDriver,Construct(),B3AIDriver.cpp
00142a70,108,CB3AILane,"IncrementSegmentIndexClamped(unsigned short,short) const",B3AILane.cpp
00142ae0,336,CB3AILane,"GetLeftFrac(unsigned short,GtMathPs2::CGtV3d,float) const",B3AILane.cpp
00142c30,308,CB3AILane,"GetFwdFrac(unsigned short,GtMathPs2::CGtV3d) const",B3AILane.cpp
00142d70,72,CB3AILane,GetSegmentLengthFast(unsigned short) const,B3AILane.cpp
00142dc0,844,CB3AILane,"WalkDrivableLanesToFindPosition(unsigned short*,GtMathPs2::CGtV3d)",B3AILane.cpp
00143110,524,CB3AILane,"WalkLanesToFindPosition(unsigned short*,GtMathPs2::CGtV3d)",B3AILane.cpp
00143320,264,CB3AILane,"GetTotalLeftFrac(unsigned short,GtMathPs2::CGtV3d) const",B3AILane.cpp
00143430,480,CB3AILane,"GetSidePosition(unsigned short,int,GtMathPs2::CGtV3d*) const",B3AILane.cpp
00143610,72,CB3AILane,"FindHardNoGo(unsigned short*,EAISegmentLinkType)",B3AILane.cpp
00143660,72,CB3AILane,"FindNoGo(unsigned short*,EAISegmentLinkType)",B3AILane.cpp
001436b0,308,CB3AILane,"FindNoGo(unsigned short,EAISegmentLinkType,unsigned char*,unsigned short*,bool)",B3AILane.cpp
001437f0,392,CB3AILane,"FindSideLane(unsigned short*,EAISegmentLinkType)",B3AILane.cpp
00143980,360,CB3AILane,"FindConnectedDrivableLane(unsigned short*,EAISegmentLinkType)",B3AILane.cpp
00143af0,608,CB3AILane,"UpdateDrivableSegmentIndex(unsigned short*,signed char)",B3AILane.cpp
00143d50,272,CB3AILane,"UpdateSegmentIndex(unsigned short*,signed char)",B3AILane.cpp
00143e60,380,CB3AILane,"FindClosestAILaneSegment(CB3AILane**,unsigned short*,signed char*,GtMathPs2::CGtV3d,signed char)",B3AILane.cpp
00143fe0,608,CB3AILane,"GetSignedForwardDistBetweenParams(float,float)",B3AILane.cpp
00144240,344,CB3AILane,"GetDistFromStartOfSegment(GtMathPs2::CGtV3d,unsigned short) const",B3AILane.cpp
001443a0,156,CB3AILane,"GetDistanceBetweenSegments(unsigned short,unsigned short) const",B3AILane.cpp
00144440,132,CB3AILane,"SegmentAIsInfrontOfSegmentB(unsigned short,unsigned short) const",B3AILane.cpp
001444d0,692,CB3AILane,"UpdateCurrentAILaneSegment(CB3AILane**,unsigned short*,signed char*,float*,GtMathPs2::CGtV3d,bool)",B3AILane.cpp
00144790,156,CB3AILane,GetWidth(unsigned short) const,B3AILane.cpp
00144830,68,CB3AILane,"GetAvgRightwardsVector(unsigned short,GtMathPs2::CGtV3d*) const",B3AILane.cpp
00144880,392,CB3AILane,"GetAvgForwardsVector(unsigned short,GtMathPs2::CGtV3d*) const",B3AILane.cpp
00144a10,68,CB3AILane,"GetAvgLeftwardsVector(unsigned short,GtMathPs2::CGtV3d*) const",B3AILane.cpp
00144a60,108,CB3AILane,"GetRightwardsVector(unsigned short,GtMathPs2::CGtV3d*) const",B3AILane.cpp
00144ad0,108,CB3AILane,"GetLeftwardsVector(unsigned short,GtMathPs2::CGtV3d*) const",B3AILane.cpp
00144b40,116,CB3AILane,"GetForwardsVector(unsigned short,GtMathPs2::CGtV3d*) const",B3AILane.cpp
00144bc0,748,CB3AILane,"GetTotalWidth(unsigned short,unsigned short) const",B3AILane.cpp
00144eb0,592,CB3AILane,"IsInSegment(GtMathPs2::CGtV3d,unsigned short) const",B3AILane.cpp
00145100,900,CB3AILane,"IsInSegment(GtMathPs2::CGtV3d,unsigned short,float) const",B3AILane.cpp
00145490,404,CB3AILane,"FindClosestDriveableAILaneSegment(CB3AILane**,unsigned short*,signed char*,GtMathPs2::CGtV3d,signed char)",B3AILane.cpp
00145630,116,CB3AILane,"LaneIsDriveable(const CB3AILaneStruct*,unsigned short,unsigned short)",B3AILane.cpp
001456b0,184,CB3AILane,"LaneIsDriveable(unsigned char,unsigned short,unsigned short)",B3AILane.cpp
00145770,144,CB3AILane,"LaneIsDriveable(unsigned short,unsigned short)",B3AILane.cpp
00145800,1348,CB3AILane,"CalculateForwardDistanceInSegment(GtMathPs2::CGtV3d,unsigned short)",B3AILane.cpp
00145d50,60,CB3AITarget,ResetTarget(),B3AITarget.cpp
00145d90,1120,CB3AITargetSpline,"CalculateSpline(int*,CB3AILane*,float*,GtMathPs2::CGtV3d*,GtMathPs2::CGtV3d*,GtMathPs2::CGtV3d*,GtMathPs2::C",B3AITarget.cpp
001461f0,1404,CB3AITargetSpline,CalculateSplineVectors(),B3AITarget.cpp
00146770,304,CB3AITargetSpline,"GetSplineIndices(const CB3AILaneStruct*,unsigned short,int*) const",B3AITarget.cpp
001468a0,480,CB3AITargetSpline,"ClampToWithinDesiredLanes(GtMathPs2::CGtV3d,const CB3AILane*,unsigned short,GtMathPs2::CGtV3d*) const",B3AITarget.cpp
00146a80,40,CB3AITargetSpline,GetTargetPosition(),B3AITarget.cpp
00146ab0,8,CB3AITargetSpline,IsSquareCorner(),B3AITarget.cpp
00146ac0,616,CB3AITargetSpline,GetDesiredDirection(GtMathPs2::CGtV3d*) const,B3AITarget.cpp
00146d30,132,CB3AITargetSpline,Prepare(CB3AICar*),B3AITarget.cpp
00146dc0,204,CB3AITarget,GetDesiredDirection(GtMathPs2::CGtV3d*) const,B3AITarget.cpp
00146e90,464,CB3AITarget,"LanesAreSideBySide(const CB3AILane*,const CB3AILane*,unsigned short,unsigned short) const",B3AITarget.cpp
00147060,224,CB3AITarget,"LaneIsUndesirable(const CB3AILane*,unsigned short) const",B3AITarget.cpp
00147140,980,CB3AITarget,"LaneIsUndesirable(const CB3AILane*,unsigned short,unsigned short) const",B3AITarget.cpp
00147520,56,CB3AITarget,GetCurrentFwdFrac() const,B3AITarget.cpp
00147560,1656,CB3AITarget,"CalculateEdgePosition(unsigned short,unsigned short,int,GtMathPs2::CGtV3d*,unsigned char*,unsigned short*)",B3AITarget.cpp
00147be0,1144,CB3AITarget,"CalculateNearEdgePosition(unsigned short,unsigned short,int,GtMathPs2::CGtV3d*,unsigned char*,unsigned short*)",B3AITarget.cpp
00148060,1732,CB3AITarget,"FindNextCorner(const CB3AILane*,unsigned short,unsigned short*,unsigned short*,unsigned short*,float*,float*,float",B3AITarget.cpp
00148730,2656,CB3AITarget,CalculateNextTargetPosition(),B3AITarget.cpp
00149190,1072,CB3AITarget,FillInTargetPosition(),B3AITarget.cpp
001495c0,2080,CB3AITarget,UpdateCurrentSegment(),B3AITarget.cpp
00149de0,140,CB3AITarget,ResetCornerStatus(),B3AITarget.cpp
00149e70,8,CB3AITarget,Release(),B3AITarget.cpp
00149e80,2276,CB3AITarget,Update(),B3AITarget.cpp
0014a770,204,CB3AITarget,Prepare(),B3AITarget.cpp
0014a840,56,CB3AITarget,Construct(),B3AITarget.cpp
0014a880,40,CB3Burn,GetCurrentBurnDuration(const CB3RaceCar*),B3Burn.cpp
0014a8b0,48,CB3Burn,GetSegmentSizeInBurn(),B3Burn.cpp
0014a8e0,152,CB3Burn,SetInfiniteBoost(bool),B3Burn.cpp
0014a980,56,CB3Burn,StopBurn(),B3Burn.cpp
0014a9c0,160,CB3Burn,StartBurn(CB3RaceCarPhysics*),B3Burn.cpp
0014aa60,108,CB3Burn,SetNumExtraBoostBarSegments(int),B3Burn.cpp
0014aad0,312,CB3Burn,RemoveSegment(),B3Burn.cpp
0014ac10,168,CB3Burn,AddSegment(),B3Burn.cpp
0014acc0,120,CB3Burn,RemoveBurn(float),B3Burn.cpp
0014ad40,140,CB3Burn,AddBurn(float),B3Burn.cpp
0014add0,8,CB3Burn,Release(),B3Burn.cpp
0014ade0,348,CB3Burn,Update(CB3RaceCar*),B3Burn.cpp
0014af40,240,CB3Burn,Prepare(EB3BoostBarSize),B3Burn.cpp
0014b030,8,CB3Burn,Construct(),B3Burn.cpp
0014b040,112,CB3Burn,UnregisterStaticVariables(),B3Burn.cpp
0014b0b0,324,CB3Burn,RegisterStaticVariables(),B3Burn.cpp
0014b200,8,CB3CrashPresentationDirector,Prepare(),B3CrashPresentationDirector.cpp
0014b210,8,CB3CrashPresentationDirector,Construct(),B3CrashPresentationDirector.cpp
0014b220,72,CB3GameData,"GetGameDataThreshold(int*,int*,int*)",B3GameData.cpp
0014b270,40,CB3GameData,"GetGameDataThreshold(float*,float*,float*)",B3GameData.cpp
0014b2a0,28,CB3GameData,GetNumLaps(),B3GameData.cpp
0014b2c0,28,CB3GameData,GetNumSplitTimeCheckpoints(),B3GameData.cpp
0014b2e0,28,CB3GameData,GetNumStartLines(),B3GameData.cpp
0014b300,744,CB3GameData,Draw(int),B3GameData.cpp
0014b5f0,16,CB3GameData,SetStageID(unsigned long),B3GameData.cpp
0014b600,52,CB3GameData,SetGameDataFileName(char*),B3GameData.cpp
0014b640,268,CB3GameData,Destruct(),B3GameData.cpp
0014b750,400,CB3GameData,Release(),B3GameData.cpp
0014b8e0,236,CB3GameData,Update(),B3GameData.cpp
0014b9d0,3668,CB3GameData,Prepare(),B3GameData.cpp
0014c830,280,CB3GameData,Construct(),B3GameData.cpp
0014c950,104,CB3NetworkCar,PrepareSound(),B3NetworkCar.cpp
0014c9c0,8,CB3NetworkCar,Release(),B3NetworkCar.cpp
0014c9d0,8,CB3NetworkCar,Update(),B3NetworkCar.cpp
0014c9e0,276,CB3NetworkCar,Prepare(),B3NetworkCar.cpp
0014cb00,64,CB3NetworkCar,Construct(int),B3NetworkCar.cpp
0014cb40,88,CB3PlayerCar,SetAIControlled(bool),B3PlayerCar.cpp
0014cba0,348,CB3PlayerCar,StopCrashing(),B3PlayerCar.cpp
0014cd00,72,CB3PlayerCar,StartCrashing(CB3CrashStartInfo*),B3PlayerCar.cpp
0014cd50,104,CB3PlayerCar,PrepareSound(),B3PlayerCar.cpp
0014cdc0,8,CB3PlayerCar,Release(),B3PlayerCar.cpp
0014cdd0,200,CB3PlayerCar,Update(),B3PlayerCar.cpp
0014cea0,180,CB3PlayerCar,Prepare(),B3PlayerCar.cpp
0014cf60,48,CB3PlayerCar,Construct(int),B3PlayerCar.cpp
0014cf90,208,CB3RaceCar,UpdateLastPositions(),B3RaceCar.cpp
0014d060,272,CB3RaceCar,OnSetActive(bool),B3RaceCar.cpp
0014d170,56,CB3RaceCar,SetActive(bool),B3RaceCar.cpp
0014d1b0,472,CB3RaceCar,Register(),B3RaceCar.cpp
0014d390,84,CB3RaceCar,SetCarID(unsigned long),B3RaceCar.cpp
0014d3f0,1268,CB3RaceCar,"ResetCarInAILanes(bool,int,int)",B3RaceCar.cpp
0014d8f0,652,CB3RaceCar,RepositionCarInLane(),B3RaceCar.cpp
0014db80,392,CB3RaceCar,"FindResetPointInSlice(bool,CB3AILane*,int,CB3AILane**,unsigned short*)",B3RaceCar.cpp
0014dd10,380,CB3RaceCar,CalcRaceDistFromRaceCars(),B3RaceCar.cpp
0014de90,8,CB3RaceCar,PrepareSound(),B3RaceCar.cpp
0014dea0,460,CB3RaceCar,SetFinished(EB3ScoreFinishState),B3RaceCar.cpp
0014e070,16,CB3RaceCar,StopCrashing(),B3RaceCar.cpp
0014e080,36,CB3RaceCar,StartCrashing(CB3CrashStartInfo*),B3RaceCar.cpp
0014e0b0,516,CB3RaceCar,Draw(),B3RaceCar.cpp
0014e2c0,364,CB3RaceCar,Release(),B3RaceCar.cpp
0014e430,2200,CB3RaceCar,UpdateAggressiveReaction(),B3RaceCar.cpp
0014ecd0,748,CB3RaceCar,Update(),B3RaceCar.cpp
0014efc0,1544,CB3RaceCar,Prepare(),B3RaceCar.cpp
0014f5d0,92,CB3RaceCar,Construct(),B3RaceCar.cpp
0014f630,3480,CB3RacePosition,"DrawPositionMarker(GtMathPs2::CGtV3d,const unsigned short*,int,CB3RaceCar*,CB3RaceCar*,float,bool,bool,bool,fl",B3RacePosition.cpp
001503d0,392,CB3RacePosition,"DrawSingleVehicleValue(CB3VehiclePhysics*,int,int,float,bool)",B3RacePosition.cpp
00150560,272,CB3RacePosition,DrawTrafficValues(),B3RacePosition.cpp
00150670,844,CB3RacePosition,Draw(int),B3RacePosition.cpp
001509c0,8,CB3RacePosition,Destruct(),B3RacePosition.cpp
001509d0,8,CB3RacePosition,Release(),B3RacePosition.cpp
001509e0,604,CB3RacePosition,Update(),B3RacePosition.cpp
00150c80,120,CB3RacePosition,Prepare(),B3RacePosition.cpp
00150d00,8,CB3RacePosition,Construct(),B3RacePosition.cpp
00150d10,264,CB3CrashReplayFrame,RetrieveDrivingControls(CDrivingControls*),B3ReplayFrame.cpp
00150e20,184,CB3CrashReplayFrame,"ArchiveDrivingControls(CDrivingControls*,unsigned char)",B3ReplayFrame.cpp
00150ee0,136,CB3ReplayFrame,RetrieveDrivingControls(CDrivingControls*),B3ReplayFrame.cpp
00150f70,156,CB3ReplayFrame,"ArchiveDrivingControls(CDrivingControls*,unsigned char)",B3ReplayFrame.cpp
00151010,144,CB3ReplaySystem,UnpackHeader(),B3ReplaySystem.cpp
001510a0,372,CB3ReplaySystem,PackHeader(),B3ReplaySystem.cpp
00151220,20,CB3ReplaySystem,Destruct(),B3ReplaySystem.cpp
00151240,380,CB3ReplaySystem,"NextFrame(CDrivingControls*,bool)",B3ReplaySystem.cpp
001513c0,96,CB3ReplaySystem,Prepare(bool),B3ReplaySystem.cpp
00151420,104,CB3ReplaySystem,Construct(),B3ReplaySystem.cpp
00151490,68,CB3Score,GetLastContactCar(float),B3Score.cpp
001514e0,324,CB3Score,OnTakeDown(CB3RaceCar*),B3Score.cpp
00151630,892,CB3Score,"OnSlam(CB3RaceCarPhysics*,CB3RaceCarPhysics*,float,bool)",B3Score.cpp
001519b0,300,CB3Score,"OnTradePaint(CB3RaceCarPhysics*,CB3RaceCarPhysics*,float,bool)",B3Score.cpp
00151ae0,448,CB3Score,SetFinished(EB3ScoreFinishState),B3Score.cpp
00151ca0,60,CB3Score,WasResetWithinTime(float),B3Score.cpp
00151ce0,60,CB3Score,WasTradingPaintWithinTime(float),B3Score.cpp
00151d20,60,CB3Score,SlammedSomeoneWithinTime(float),B3Score.cpp
00151d60,60,CB3Score,WasSlammedWithinTime(float),B3Score.cpp
00151da0,92,CB3Score,SetNumLives(int),B3Score.cpp
00151e00,52,CB3Score,DecrementHealth(float),B3Score.cpp
00151e40,140,CB3Score,"AddScore(int,int)",B3Score.cpp
00151ed0,940,CB3Score,"CalculateSlamType(CB3RaceCarPhysics*,CB3RaceCarPhysics*,float)",B3Score.cpp
00152280,88,CB3Score,GetCarAtRelativeRacePosition(int),B3Score.cpp
001522e0,440,CB3Score,"ConfirmGrinding(CB3RaceCar*,CB3RaceCar*)",B3Score.cpp
001524a0,756,CB3Score,"ConfirmTradePaint(CB3RaceCarPhysics*,CB3RaceCarPhysics*,float,bool)",B3Score.cpp
001527a0,564,CB3Score,"ConfirmSlam(CB3RaceCarPhysics*,CB3RaceCarPhysics*,float,bool)",B3Score.cpp
001529e0,168,CB3Score,HandleBoostStart(),B3Score.cpp
00152a90,248,CB3Score,HandlePropHit(),B3Score.cpp
00152b90,84,CB3Score,HandleNonFatalCollision(CB3RaceCar*),B3Score.cpp
00152bf0,292,CB3Score,HandleNonFatalCollision(CB3TrafficVehicle*),B3Score.cpp
00152d20,192,CB3Score,HandleCrashReset(),B3Score.cpp
00152de0,236,CB3Score,HandleCrashStart(CB3CrashStartInfo*),B3Score.cpp
00152ed0,32,CB3Score,RegisterNetworkGrinding(CB3RaceCar*),B3Score.cpp
00152ef0,64,CB3Score,"RegisterNetworkTradingPaint(CB3RaceCar*,float,bool)",B3Score.cpp
00152f30,64,CB3Score,"RegisterNetworkSlam(CB3RaceCar*,float,bool)",B3Score.cpp
00152f70,8,CB3Score,RegisterNetworkTakedown(CB3RaceCar*),B3Score.cpp
00152f80,708,CB3Score,UpdateTakeDownStats(CB3CrashStartInfo*),B3Score.cpp
00153250,520,CB3Score,CalculateScoreForTakedowns(),B3Score.cpp
00153460,648,CB3Score,CalculateScoreForDrift(float),B3Score.cpp
001536f0,648,CB3Score,CalculateScoreForOncoming(float),B3Score.cpp
00153980,696,CB3Score,CalculateScoreForAir(float),B3Score.cpp
00153c40,1112,CB3Score,"DetectCrashNearMiss(const GtMathPs2::CGtMatrix3x4*,const CGtAxisAlignedBox*,int)",B3Score.cpp
001540a0,2024,CB3Score,DetectNormalNearMiss(CB3TrafficVehicle*),B3Score.cpp
00154890,1408,CB3Score,DetectAndScoreTailgating(),B3Score.cpp
00154e10,1332,CB3Score,DetectAndScoreCrashEscape(),B3Score.cpp
00155350,1172,CB3Score,DetectAndScoreNearMiss(),B3Score.cpp
001557f0,1108,CB3Score,DetectNonSlamTakedowns(),B3Score.cpp
00155c50,928,CB3Score,IncrementLapCount(),B3Score.cpp
00155ff0,120,CB3Score,GetRaceCheckpointTime(int),B3Score.cpp
00156070,20,CB3Score,"GetRaceCheckpoint(int,int)",B3Score.cpp
00156090,280,CB3Score,GetTotalRaceAmount(),B3Score.cpp
001561b0,44,CB3Score,GetTotalRaceLength(),B3Score.cpp
001561e0,184,CB3Score,GetTotalRaceDistFromStartPos(),B3Score.cpp
001562a0,136,CB3Score,GetTotalRaceDistFromAILaneStart(),B3Score.cpp
00156330,204,CB3Score,IsAheadOfIgnoringLaps(CB3Score*),B3Score.cpp
00156400,140,CB3Score,IsAheadOfRoadRage(CB3Score*),B3Score.cpp
00156490,320,CB3Score,IsAheadOf(CB3Score*),B3Score.cpp
001565d0,56,CB3Score,CheckIfNeedRevenge(const CB3Score*) const,B3Score.cpp
00156610,72,CB3Score,Release(),B3Score.cpp
00156660,3508,CB3Score,Update(),B3Score.cpp
00157420,1368,CB3Score,Prepare(int),B3Score.cpp
00157980,192,CB3FinishedScore,Prepare(int),B3Score.cpp
00157a40,72,CB3Score,Construct(),B3Score.cpp
00157a90,1416,CB3Score,UnregisterStaticVariables(),B3Score.cpp
00158020,4756,CB3Score,RegisterStaticVariables(),B3Score.cpp
001592c0,672,CB3SplitTimeCheckpoint,"DrawCheckpoint(CGtTexture*,GtMathPs2::CGtV4d)",B3SplitTimeCheckpoint.cpp
00159560,68,CB3SplitTimeCheckpoint,Draw(),B3SplitTimeCheckpoint.cpp
001595b0,8,CB3SplitTimeCheckpoint,Destruct(),B3SplitTimeCheckpoint.cpp
001595c0,8,CB3SplitTimeCheckpoint,Release(),B3SplitTimeCheckpoint.cpp
001595d0,188,CB3SplitTimeCheckpoint,Prepare(CB3PlanarTriggerStruct*),B3SplitTimeCheckpoint.cpp
00159690,8,CB3SplitTimeCheckpoint,Construct(),B3SplitTimeCheckpoint.cpp
001596a0,220,CB3StartFinishLine,Draw(int),B3StartFinishLine.cpp
00159780,8,CB3StartFinishLine,Destruct(),B3StartFinishLine.cpp
00159790,44,CB3StartFinishLine,Release(),B3StartFinishLine.cpp
001597c0,204,CB3StartFinishLine,"Prepare(CB3PlanarTriggerStruct*,bool)",B3StartFinishLine.cpp
00159890,12,CB3StartFinishLine,Construct(),B3StartFinishLine.cpp
001598a0,8,CB3StartPoint,Destruct(),B3StartPoint.cpp
001598b0,8,CB3StartPoint,Release(),B3StartPoint.cpp
001598c0,12,CB3StartPoint,Prepare(CB3StartPositionStruct*),B3StartPoint.cpp
001598d0,8,CB3StartPoint,Construct(),B3StartPoint.cpp
001598e0,2020,CB3StaticTrackData,FixUp(),B3StaticTrackData.cpp
0015a0d0,304,CB3StreamedTrackLODAndCollisionData,FixUp(int),B3StreamedTrackData.cpp
0015a200,112,CB3StreamedTrackHighData,FixUp(short),B3StreamedTrackData.cpp
0015a270,400,CB3TrafficAxle,MoveToSegmentCentre(GtMathPs2::CGtV3d),B3TrafficAxle.cpp
0015a400,572,CB3TrafficAxle,IntersectLineSegment(),B3TrafficAxle.cpp
0015a640,728,CB3TrafficAxle,"AdjustAxleHeight(CB3TrafficLane*,int)",B3TrafficAxle.cpp
0015a920,180,CB3TrafficAxle,InitalisePosition(CB3TrafficVehicle*),B3TrafficAxle.cpp
0015a9e0,92,CB3TrafficAxle,Release(),B3TrafficAxle.cpp
0015aa40,96,CB3TrafficAxle,Prepare(),B3TrafficAxle.cpp
0015aaa0,8,CB3TrafficAxle,Construct(),B3TrafficAxle.cpp
0015aab0,192,CB3TrafficLane,"FindNextValve(int,int*,int*)",B3TrafficLane.cpp
0015ab70,192,CB3TrafficLane,"FindPreviousValve(int,int*,int*)",B3TrafficLane.cpp
0015ac30,796,CB3TrafficLane,GetNearestParamInSameLane(CB3TrafficParam*),B3TrafficLane.cpp
0015af50,836,CB3TrafficLane,GetNearestParam(float),B3TrafficLane.cpp
0015b2a0,268,CB3TrafficLane,"GetSignedForwardDistBetweenParams(float,float)",B3TrafficLane.cpp
0015b3b0,284,CB3TrafficLane,GetParamFromDist(float),B3TrafficLane.cpp
0015b4d0,72,CB3TrafficLane,"DoesNeighbourExist(int,ESegmentNeighbourTypes)",B3TrafficLane.cpp
0015b520,28,CB3TrafficLane,Release(),B3TrafficLane.cpp
0015b540,40,CB3TrafficLane,"Prepare(int,unsigned char)",B3TrafficLane.cpp
0015b570,1184,CB3TrafficParam,CalcFormationSpeedChange(),B3TrafficParam.cpp
0015ba10,220,CB3TrafficParam,"GetParamInfoFromSplitter(CB3TrafficLane*,int)",B3TrafficParam.cpp
0015baf0,320,CB3TrafficParam,"GetParamInfoFromValve(CB3TrafficLane*,bool,bool)",B3TrafficParam.cpp
0015bc30,188,CB3TrafficParam,ResetMemberVariables(),B3TrafficParam.cpp
0015bcf0,968,CB3TrafficParam,"FindLaneChange(CB3TrafficLane**,float*,float*,bool,bool)",B3TrafficParam.cpp
0015c0c0,140,CB3TrafficParam,RemoveFromTrafficLights(),B3TrafficParam.cpp
0015c150,472,CB3TrafficParam,Remove(),B3TrafficParam.cpp
0015c330,788,CB3TrafficParam,"Insert(CB3TrafficLane*,float,float,ETrafficParamState)",B3TrafficParam.cpp
0015c650,1300,CB3TrafficParam,"CalculateTargetParamMatrix(float,GtMathPs2::CGtMatrix3x4*)",B3TrafficParam.cpp
0015cb70,48,CB3TrafficParam,CalculateTargetParamMatrix(),B3TrafficParam.cpp
0015cba0,4264,CB3TrafficParam,"CalcSpeed(int,bool,bool)",B3TrafficParam.cpp
0015dc50,8,CB3TrafficParam,Release(),B3TrafficParam.cpp
0015dc60,640,CB3TrafficParam,UpdateNodes(),B3TrafficParam.cpp
0015dee0,844,CB3TrafficParam,Update(bool),B3TrafficParam.cpp
0015e230,48,CB3TrafficParam,Prepare(),B3TrafficParam.cpp
0015e260,8,CB3TrafficParam,Construct(),B3TrafficParam.cpp
0015e270,68,CB3TrafficSystem,VehicleIsValid(unsigned char),B3TrafficSystem.cpp
0015e2c0,128,CB3TrafficSystem,"IsSegmentLocked(int,unsigned short)",B3TrafficSystem.cpp
0015e340,952,CB3TrafficSystem,ResetMemberVariables(),B3TrafficSystem.cpp
0015e700,1696,CB3TrafficSystem,UseNextTriggerData(float),B3TrafficSystem.cpp
0015eda0,180,CB3TrafficSystem,AddToDeadTrafficParamList(CB3TrafficParam*),B3TrafficSystem.cpp
0015ee60,276,CB3TrafficSystem,"AddToDeadTrafficList(CB3TrafficVehicle*,bool)",B3TrafficSystem.cpp
0015ef80,1168,CB3TrafficSystem,"DoFiller(CB3TrafficFillerStruct*,CB3StartFinishLine*,int,int)",B3TrafficSystem.cpp
0015f410,204,CB3TrafficSystem,"CheckForNewHull(int,int)",B3TrafficSystem.cpp
0015f4e0,1132,CB3TrafficSystem,"UpdateHulls(int,float,int)",B3TrafficSystem.cpp
0015f950,5620,CB3TrafficSystem,"Generate(ETrafficVehicleCategories,unsigned long,ETrafficVehicleCategories,unsigned long,CB3TrafficLane*,floa",B3TrafficSystem.cpp
00160f50,880,CB3TrafficSystem,"GenerateInitialTraffic(CB3StartFinishLine*,int)",B3TrafficSystem.cpp
001612c0,840,CB3TrafficSystem,VerifyAndLoadVehicleIDs(),B3TrafficSystem.cpp
00161610,2212,CB3TrafficSystem,Update(),B3TrafficSystem.cpp
00161ec0,428,CB3TrafficSystem,Release(),B3TrafficSystem.cpp
00162070,3040,CB3TrafficSystem,Prepare(),B3TrafficSystem.cpp
00162c50,364,CB3TrafficSystem,Construct(),B3TrafficSystem.cpp
00162dc0,1148,CB3TrafficVehicle,StartCrashing(),B3TrafficVehicle.cpp
00163240,932,CB3TrafficVehicle,"ApplyNiceOncomingBehaviour(CB3TrafficRaceCarInfo*,int,float)",B3TrafficVehicle.cpp
001635f0,804,CB3TrafficVehicle,"ApplyNiceSameWayBehaviour(CB3TrafficRaceCarInfo*,int,float)",B3TrafficVehicle.cpp
00163920,540,CB3TrafficVehicle,"DoTrafficBehaviour(CB3TrafficRaceCarInfo*,int)",B3TrafficVehicle.cpp
00163b40,404,CB3TrafficVehicle,"ChangeLane(CB3TrafficLane*,float)",B3TrafficVehicle.cpp
00163ce0,740,CB3TrafficVehicle,CheckForChangeLane(),B3TrafficVehicle.cpp
00163fd0,364,CB3TrafficVehicle,ResetMemberVariables(),B3TrafficVehicle.cpp
00164140,112,CB3TrafficVehicle,RemoveFromLanes(),B3TrafficVehicle.cpp
001641b0,2020,CB3TrafficVehicle,UpdateTrailerPosition(),B3TrafficVehicle.cpp
001649a0,1496,CB3TrafficVehicle,InitaliseTrailerPosition(),B3TrafficVehicle.cpp
00164f80,2796,CB3TrafficVehicle,UpdatePosition(),B3TrafficVehicle.cpp
00165a70,992,CB3TrafficVehicle,InitalisePosition(),B3TrafficVehicle.cpp
00165e50,1264,CB3TrafficVehicle,Remove(),B3TrafficVehicle.cpp
00166340,756,CB3TrafficVehicle,"Create(ETrafficVehicleCategories,unsigned char)",B3TrafficVehicle.cpp
00166640,52,CB3TrafficVehicle,Release(),B3TrafficVehicle.cpp
00166680,4056,CB3TrafficVehicle,"Update(CB3TrafficRaceCarInfo*,int)",B3TrafficVehicle.cpp
00167660,56,CB3TrafficVehicle,Prepare(),B3TrafficVehicle.cpp
001676a0,52,CB3TrafficVehicle,Construct(),B3TrafficVehicle.cpp
001676e0,668,CB3World,SetUpTrackExtents(),B3World.cpp
00167980,776,CB3World,"RenderRaceCars(int,int)",B3World.cpp
00167cb0,60,CB3World,UpdateSound(),B3World.cpp
00167cf0,164,CB3World,SetTrackID(unsigned long),B3World.cpp
00167da0,764,CB3World,"SetCarNumbers(int,int,int)",B3World.cpp
001680a0,260,CB3World,Destruct(),B3World.cpp
001681b0,592,CB3World,Release(),B3World.cpp
00168400,112,CB3World,UpdateTrack(),B3World.cpp
00168470,536,CB3World,Update(),B3World.cpp
00168690,2216,CB3World,Prepare(),B3World.cpp
00168f40,792,CB3World,Construct(),B3World.cpp
00169260,8,CB3TrailEmitterData,CB3TrailEmitterData(),B3World.cpp
00169270,8,GtMathPs2,CGtV3d::CGtV3d(),B3World.cpp
00169280,8,GtMathPs2,CGtMatrix3x3::CGtMatrix3x3(),B3World.cpp
00169290,112,CB3WrongWayWall,Render(),B3WrongWayWall.cpp
00169300,8,CB3WrongWayWall,Destruct(),B3WrongWayWall.cpp
00169310,8,CB3WrongWayWall,Release(),B3WrongWayWall.cpp
00169320,3648,CB3WrongWayWall,Update(CB3RaceCar*),B3WrongWayWall.cpp
0016a160,592,CB3WrongWayWall,"AddTristrip(GtMathPs2::CGtV3d,GtMathPs2::CGtV3d,GtMathPs2::CGtV3d,GtMathPs2::CGtV3d,GtMathPs2::CGtV4d,GtMathPs",B3WrongWayWall.cpp
0016a3b0,76,CB3WrongWayWall,Prepare(),B3WrongWayWall.cpp
0016a400,12,CB3WrongWayWall,Construct(),B3WrongWayWall.cpp
0016a410,152,CB3AIArbitrator,CalculateSpeedMatch(),B3AIArbitrator.cpp
0016a4b0,172,CB3AIArbitrator,CalculateCatchup(),B3AIArbitrator.cpp
0016a560,44,CB3AIArbitrator,Release(),B3AIArbitrator.cpp
0016a590,1364,CB3AIArbitrator,Update(bool),B3AIArbitrator.cpp
0016aaf0,104,CB3AIArbitrator,Prepare(),B3AIArbitrator.cpp
0016ab60,72,CB3AIArbitrator,Construct(),B3AIArbitrator.cpp
0016abb0,864,CB3GraphicsManagerBase,DrawBootLoadingScreen(float),B3GraphicsManager.cpp
0016af10,340,CB3GraphicsManagerBase,SetViewportsSplitScreen(),B3GraphicsManager.cpp
0016b070,136,CB3GraphicsManagerBase,SetViewportsSinglePlayer(),B3GraphicsManager.cpp
0016b100,52,CB3GraphicsManagerBase,SetDefaultLODSwitchDistances(),B3GraphicsManager.cpp
0016b140,52,CB3GraphicsManagerBase,CloseViewport(),B3GraphicsManager.cpp
0016b180,68,CB3GraphicsManagerBase,"AttachCameraToViewport(EB3ViewportSelection,CGtCamera*)",B3GraphicsManager.cpp
0016b1d0,64,CB3GraphicsManagerBase,UpdateViewport(EB3ViewportSelection),B3GraphicsManager.cpp
0016b210,80,CB3GraphicsManagerBase,Destruct(),B3GraphicsManager.cpp
0016b260,140,CB3GraphicsManagerBase,Update(),B3GraphicsManager.cpp
0016b2f0,592,CB3GraphicsManagerBase,Prepare(),B3GraphicsManager.cpp
0016b540,908,CB3GraphicsManagerBase,Construct(),B3GraphicsManager.cpp
0016b8d0,68,CB3HUDComponent,AdjustScalingForSplitScreen(),B3HUDComponent.cpp
0016b920,116,CB3HUDComponent,SetAllLayerVisible(bool),B3HUDComponent.cpp
0016b9a0,8,CB3HUDComponent,"StartTransition(bool,EHUDMode,EHUDMode)",B3HUDComponent.cpp
0016b9b0,480,CB3HUDComponent,"UpdateTransition(float,bool,EHUDMode,EHUDMode)",B3HUDComponent.cpp
0016bb90,208,CB3HUDComponent,"Prepare(int,int,int,int,EHUDAlign,int)",B3HUDComponent.cpp
0016bc60,12,CB3HUDComponent,Construct(CB3HUDManager*),B3HUDComponent.cpp
0016bc70,8,CB3HUDComponent,Update(),B3HUDComponent.cpp
0016bc80,1372,CB3HUDComponent,Prepare(),B3HUDComponent.cpp
0016c1e0,336,CB3HUDComponent,Construct(),B3HUDComponent.cpp
0016c330,236,CB3HUDSpriteUVs,"Construct(const GtMathPs2::CGtV2d&,const GtMathPs2::CGtV2d&,const GtMathPs2::CGtV2d&,unsigned int)",B3HUDComponent.cpp
0016c420,216,CB3HUDImageUVs,"Construct(const GtMathPs2::CGtV2d&,const GtMathPs2::CGtV2d&,const GtMathPs2::CGtV2d&)",B3HUDComponent.cpp
0016c500,8,CGt2dObjectText,COutlineDropShadow::COutlineDropShadow(),B3HUDComponent.cpp
0016c510,136,CB3HUDManager,"AddComponent(CB3HUDComponent*,int,int,int,int)",B3HUDManager.cpp
0016c5a0,376,CB3HUD,SetHUDMode(EHUDMode),B3HUDManager.cpp
0016c720,124,CB3HUD,GetHandlePosition(const GtMathPs2::CGtV2d&),B3HUDManager.cpp
0016c7a0,164,CB3HUD,GetAlignPos(EHUDAlign),B3HUDManager.cpp
0016c850,40,CB3HUD,IsDoingTransition(),B3HUDManager.cpp
0016c880,444,CB3HUD,Update(float),B3HUDManager.cpp
0016ca40,152,CB3HUDManager,SetNumPlayers(int),B3HUDManager.cpp
0016cae0,104,CB3HUDManager,Render(),B3HUDManager.cpp
0016cb50,104,CB3HUDManager,Release(),B3HUDManager.cpp
0016cbc0,108,CB3HUDManager,Update(float),B3HUDManager.cpp
0016cc30,304,CB3HUDManager,PrepareCrashComponents(),B3HUDManager.cpp
0016cd60,1628,CB3HUDManager,PrepareNormalComponents(),B3HUDManager.cpp
0016d3c0,44,CB3HUDManager,PrepareScoreList(),B3HUDManager.cpp
0016d3f0,984,CB3HUDManager,Prepare(),B3HUDManager.cpp
0016d7d0,1020,CB3HUDManager,Construct(),B3HUDManager.cpp
0016dbd0,924,CB3HUDScore,UpdateScoreObject(float),B3HUDScore.cpp
0016df70,208,CB3HUDScore,"ShowScore(CB3HUDScore::EScoreEvent,int)",B3HUDScore.cpp
0016e040,324,CB3HUDScore,UpdateMessageAnimation(CB3HUDScore::CScoreMessage*),B3HUDScore.cpp
0016e190,60,CB3HUDScore,Update(float),B3HUDScore.cpp
0016e1d0,1768,CB3HUDScore,"UpdateMessageGeneric(CB3HUDScore::CScoreMessage*,CB3HUDPrimaryMessage::EMessageType,int,const unsigned short*,floa",B3HUDScore.cpp
0016e8c0,3972,CB3HUDScore,UpdateSmallMessage(float),B3HUDScore.cpp
0016f850,700,CB3HUDScore,"Prepare(int,EHUDAlign,int,int)",B3HUDScore.cpp
0016fb10,188,CGtUnicode,"PrintString<i,PUs>(unsigned short*,const unsigned short*,const int&,unsigned short*const&)",B3HUDScore.cpp
0016fbd0,144,CGtUnicode,"PrintString<i>(unsigned short*,const unsigned short*,const int&)",B3HUDScore.cpp
0016fc60,240,CB3HUDSpeedo,Update(float),B3HUDSpeedo.cpp
0016fd50,592,CB3HUDSpeedo,"Prepare(int,EHUDAlign,int)",B3HUDSpeedo.cpp
0016ffa0,528,CB3HUDBoostBar,"UpdateTransition(float,bool,EHUDMode,EHUDMode)",B3HUDBoostBar.cpp
001701b0,80,CB3HUDBoostBar,Update(float),B3HUDBoostBar.cpp
00170200,1056,CB3HUDBoostBar,MessagesUpdate(float),B3HUDBoostBar.cpp
00170620,804,CB3HUDBoostBar,"UpdateBoostMessage(CB3HUDBoostBar::EMessageType,const CB3ScoreCategory*,float,float)",B3HUDBoostBar.cpp
00170950,1856,CB3HUDBoostBar,BarUpdate(float),B3HUDBoostBar.cpp
00171090,1028,CB3HUDBoostBar,"Prepare(int,EHUDAlign,int,bool,const CB3HUDHeading*)",B3HUDBoostBar.cpp
001714a0,108,CB3HUDBoostBar,CBoostBarObjectData::Prepare(),B3HUDBoostBar.cpp
00171510,1888,C2dObjectBoostBarMessage,"_Render(const CGt2dObject::CGt2dObjectSpace&,const void*)",B3HUDBoostBar.cpp
00171c70,652,C2dObjectBoostBarMessage,"_BuildBatchData(const CGt2dObject::CGt2dObjectSpace&,const GtMathPs2::CGtV2d&,const C2dObjectBoostBar",B3HUDBoostBar.cpp
00171f00,5968,C2dObjectBoostBar,"_Render(const CGt2dObject::CGt2dObjectSpace&,const void*)",B3HUDBoostBar.cpp
00173650,1636,C2dObjectBoostBar,"_RenderParticles(const B3HUDParticleParamsTag*,const CGt2dObject::CGt2dObjectSpace&,const CB3HUDBoostBar::CB",B3HUDBoostBar.cpp
00173cc0,392,C2dObjectBoostBar,"_RenderBackground(const CGt2dObject::CGt2dObjectSpace&,float,int,float)",B3HUDBoostBar.cpp
00173e50,8,CB3HUDBoostBar,StaticConstruct(),B3HUDBoostBar.cpp
00173e60,156,CB3NetworkMessage,"Prepare(int,bool)",B3NetworkMessage.cpp
00173f00,8,CB3NetworkMessage,Construct(),B3NetworkMessage.cpp
00173f10,100,CB3NetworkPlayerStartCountdownMessage,"Retrieve(int*,float*,int*)",B3NetworkPlayerStartCountdownMessage.cpp
00173f80,80,CB3NetworkPlayerStartCountdownMessage,"Prepare(int,float,int*)",B3NetworkPlayerStartCountdownMessage.cpp
00173fd0,8,CB3NetworkPlayerStartCountdownMessage,Construct(),B3NetworkPlayerStartCountdownMessage.cpp
00173fe0,380,CB3NetworkRaceUpdateMessage,"PrepareAggDrivingData(bool (*)[6],bool (*)[6],int)",B3NetworkRaceUpdateMessage.cpp
00174160,16,CB3NetworkRaceUpdateMessage,IsCrashing() const,B3NetworkRaceUpdateMessage.cpp
00174170,20,CB3NetworkRaceUpdateMessage,Release(),B3NetworkRaceUpdateMessage.cpp
00174190,2552,CB3NetworkRaceUpdateMessage,"RetrieveCrashingTraffic(unsigned char*,GtMathPs2::CGtMatrix3x4*,GtMathPs2::CGtV3d*,GtMathPs2::CGtV",B3NetworkRaceUpdateMessage.cpp
00174b90,2760,CB3NetworkRaceUpdateMessage,"Retrieve(GtMathPs2::CGtMatrix3x4*,GtMathPs2::CGtV3d*,GtMathPs2::CGtV3d*,CNetworkControls*,CUpdateM",B3NetworkRaceUpdateMessage.cpp
00175660,12,CB3NetworkRaceUpdateMessage,EndPrepare(int),B3NetworkRaceUpdateMessage.cpp
00175670,596,CB3NetworkRaceUpdateMessage,"AddCrashingTraffic(unsigned char,const GtMathPs2::CGtMatrix3x4*,const GtMathPs2::CGtV3d*,const GtM",B3NetworkRaceUpdateMessage.cpp
001758d0,868,CB3NetworkRaceUpdateMessage,"Prepare(const GtMathPs2::CGtMatrix3x4*,const GtMathPs2::CGtV3d*,const GtMathPs2::CGtV3d*,const CNe",B3NetworkRaceUpdateMessage.cpp
00175c40,556,CB3NetworkRaceUpdateMessage,Construct(),B3NetworkRaceUpdateMessage.cpp
00176800,44,CB3CollidingBody,ClearAccumulatedValues(),B3CollidingBody.cpp
00176830,80,CB3CollidingBody,StopImmediately(),B3CollidingBody.cpp
00176880,212,CB3CollidingBody,AddCachedWorldTriangle(const CGtPolygonIntersectionResult&),B3CollidingBody.cpp
00176960,1144,CB3CollidingBody,"CalculateCollisionImpulseWithTraffic(CB3TrafficVehicle*,GtMathPs2::CGtV3d,GtMathPs2::CGtV3d,GtMathPs2::CGtV3d",B3CollidingBody.cpp
00176de0,204,CB3CollidingBody,SetInitialMatrix(const GtMathPs2::CGtMatrix3x4&),B3CollidingBody.cpp
00176eb0,1428,CB3CollidingBody,CollideWithWorld(),B3CollidingBody.cpp
00177450,100,CB3CollidingBody,StopCrashing(),B3CollidingBody.cpp
001774c0,36,CB3CollidingBody,"StartCrashing(int,CB3CrashStartInfo*)",B3CollidingBody.cpp
001774f0,360,CB3CollidingBody,CacheWorldTriangles(),B3CollidingBody.cpp
00177780,848,CB3CollidingBody,SetRealisticMomentsOfInertia(),B3CollidingBody.cpp
00177ad0,8,CB3CollidingBody,Destruct(),B3CollidingBody.cpp
00177ae0,8,CB3CollidingBody,Release(),B3CollidingBody.cpp
00177af0,3868,CB3CollidingBody,Update(float),B3CollidingBody.cpp
00178a10,1168,CB3CollidingBody,Prepare(),B3CollidingBody.cpp
00178ea0,64,CB3CollidingBody,Construct(),B3CollidingBody.cpp
00178ee0,364,CB3CrashActionDirector,HandleCrashingVehicleWorldCollision(CB3VehiclePhysics*),B3CrashActionDirector.cpp
00179050,1708,CB3CrashActionDirector,HandleCrashingVehicleVehicleCollision(CB3CollidingPair*),B3CrashActionDirector.cpp
00179700,136,CB3CrashActionDirector,"ExplodeVehicle(GtMathPs2::CGtV3d,CB3VehiclePhysics*)",B3CrashActionDirector.cpp
00179790,24,CB3CrashActionDirector,GetRaceCarCrashTime(int),B3CrashActionDirector.cpp
001797b0,84,CB3CrashActionDirector,"SetSympatheticTraffic(int,CB3VehiclePhysics*)",B3CrashActionDirector.cpp
00179810,288,CB3CrashActionDirector,"StartTrafficCrashing(CB3TrafficPhysics*,int)",B3CrashActionDirector.cpp
00179930,36,CB3CrashActionDirector,StopRaceCarCrashing(int),B3CrashActionDirector.cpp
00179960,3412,CB3CrashActionDirector,"StartRaceCarCrashing(CB3RaceCarPhysics*,int,CB3CollidingPair*,CB3CrashStartInfo*)",B3CrashActionDirector.cpp
0017a6c0,512,CB3CrashActionDirector,"DebugCrashEffect(CB3RaceCarPhysics*,CGtAxisAlignedBox*,GtMathPs2::CGtMatrix3x4*,unsigned int)",B3CrashActionDirector.cpp
0017a8c0,556,CB3CrashActionDirector,"GetCrashZoneAndCorner(GtMathPs2::CGtV3d*,CGtAxisAlignedBox*,EB3CADZone*,EB3CADCorner*)",B3CrashActionDirector.cpp
0017aaf0,2700,CB3CrashActionDirector,"UpdateTraffic(CB3CADTrafficData*,CB3TrafficPhysics*,float)",B3CrashActionDirector.cpp
0017b580,1024,CB3CrashActionDirector,Update(float),B3CrashActionDirector.cpp
0017b980,664,CB3CrashActionDirector,RenderDebugData(),B3CrashActionDirector.cpp
0017bc20,1680,CB3CrashActionDirector,"UpdateRaceCar(int,CB3RaceCarPhysics*,float)",B3CrashActionDirector.cpp
0017c2b0,752,CB3CrashActionDirector,Prepare(),B3CrashActionDirector.cpp
0017c5a0,1232,CB3Interestometer,Update(),B3CrashActionDirector.cpp
0017ca70,592,CB3Interestometer,"CalculateInterest(CB3VehiclePhysics*,CB3VehiclePhysics*)",B3CrashActionDirector.cpp
0017ccc0,100,CB3CrashActionDirector,Construct(),B3CrashActionDirector.cpp
0017cd30,272,CB3PhysicsManager,StopRaceCarBodyPartsCrashing(int),B3PhysicsManager.cpp
0017ce40,1384,CB3PhysicsManager,DoCrashBreaker(CB3VehiclePhysics*),B3PhysicsManager.cpp
0017d3b0,852,CB3PhysicsManager,"WorldSafeBodyTranslations(CB3CollidingPair*,GtMathPs2::CGtV3d*,GtMathPs2::CGtV3d*)",B3PhysicsManager.cpp
0017d710,236,CB3PhysicsManager,UpdateNearMissArray(),B3PhysicsManager.cpp
0017d800,548,CB3PhysicsManager,ClearCrashingBodies(int),B3PhysicsManager.cpp
0017da30,876,CB3PhysicsManager,"CrashTrafficBody(CB3ActiveBody*,int,int,bool,bool,bool)",B3PhysicsManager.cpp
0017dda0,684,CB3PhysicsManager,DynamisePropBody(CB3ActiveBody*),B3PhysicsManager.cpp
0017e050,548,CB3PhysicsManager,"AllowCollision(CB3ActiveBody&,CB3ActiveBody&)",B3PhysicsManager.cpp
0017e280,308,CB3PhysicsManager,GetIntervals(CB3ActiveBody*),B3PhysicsManager.cpp
0017e3c0,2628,CB3PhysicsManager,BodyBodyResponse(CB3CollidingPair*),B3PhysicsManager.cpp
0017ee10,868,CB3PhysicsManager,BodyTrafficResponse(CB3CollidingPair*),B3PhysicsManager.cpp
0017f180,2088,CB3PhysicsManager,VehicleTrafficResponse(CB3CollidingPair*),B3PhysicsManager.cpp
0017f9b0,3744,CB3PhysicsManager,RaceCarRaceCarResponse(CB3CollidingPair*),B3PhysicsManager.cpp
00180850,2052,CB3PhysicsManager,CollideAndRespondPair(CB3CollidingPair*),B3PhysicsManager.cpp
00181060,508,CB3PhysicsManager,ExtractActiveBody(int),B3PhysicsManager.cpp
00181260,632,CB3PhysicsManager,InsertActiveBody(int),B3PhysicsManager.cpp
001814e0,852,CB3PhysicsManager,UpdateActiveBodyList(),B3PhysicsManager.cpp
00181860,416,CB3PhysicsManager,"InduceTrafficVehicleCrash(CB3TrafficVehicle*,CB3VehiclePhysics*,bool)",B3PhysicsManager.cpp
00181a00,316,CB3PhysicsManager,RemoveTrafficVehicle(CB3TrafficVehicle*),B3PhysicsManager.cpp
00181b40,164,CB3PhysicsManager,AddTrafficVehicle(CB3TrafficVehicle*),B3PhysicsManager.cpp
00181bf0,356,CB3PhysicsManager,"AddBodyPart(CB3VehiclePhysics*,int,EBodyPartType)",B3PhysicsManager.cpp
00181d60,408,CB3PhysicsManager,"AddRaceCar(CB3RaceCar*,int)",B3PhysicsManager.cpp
00181f00,412,CB3PhysicsManager,Destruct(),B3PhysicsManager.cpp
001820a0,444,CB3PhysicsManager,Release(),B3PhysicsManager.cpp
00182260,8,CB3PhysicsManager,PostEffectsUpdate(),B3PhysicsManager.cpp
00182270,2292,CB3PhysicsManager,Update(float),B3PhysicsManager.cpp
00182b70,2076,CB3PhysicsManager,Prepare(),B3PhysicsManager.cpp
00183390,556,CB3PhysicsManager,Construct(),B3PhysicsManager.cpp
00183a50,216,CB3ActiveBody,GetInteractionTypeAgainst(CB3ActiveBody*) const,B3PhysicsManager.cpp
00183b30,120,CB3ActiveBody,GetNetworkCollBodyType() const,B3PhysicsManager.cpp
00183bb0,388,CB3PlayerCarPhysics,DoCrashBreaker(),B3PlayerCarPhysics.cpp
00183d40,32,CB3PlayerCarPhysics,ActiveateCrashBreaker(),B3PlayerCarPhysics.cpp
00183d60,1292,CB3PlayerCarPhysics,StopCrashing(),B3PlayerCarPhysics.cpp
00184270,1124,CB3PlayerCarPhysics,"StartCrashing(int,CB3CrashStartInfo*)",B3PlayerCarPhysics.cpp
001846e0,48,CB3PlayerCarPhysics,SetUpCollisionBools(),B3PlayerCarPhysics.cpp
00184710,6340,CB3PlayerCarPhysics,GetCrashingDrivingControls(),B3PlayerCarPhysics.cpp
00185fe0,1524,CB3PlayerCarPhysics,GetDrivingControls(),B3PlayerCarPhysics.cpp
001865e0,8,CB3StageLogic,IsCrashType(),B3PlayerCarPhysics.cpp
001865f0,44,CB3PlayerCarPhysics,Destruct(),B3PlayerCarPhysics.cpp
00186620,44,CB3PlayerCarPhysics,Release(),B3PlayerCarPhysics.cpp
00186650,116,CB3PlayerCarPhysics,Update(float),B3PlayerCarPhysics.cpp
001866d0,168,CB3PlayerCarPhysics,Prepare(CB3RaceCar*),B3PlayerCarPhysics.cpp
00186780,68,CB3PlayerCarPhysics,Construct(),B3PlayerCarPhysics.cpp
001867d0,704,CB3PropPhysics,CollideWithWorld(),B3PropPhysics.cpp
00186a90,8,CB3PropPhysics,Destruct(),B3PropPhysics.cpp
00186aa0,48,CB3PropPhysics,Release(),B3PropPhysics.cpp
00186ad0,360,CB3PropPhysics,Update(float),B3PropPhysics.cpp
00186c40,492,CB3PropPhysics,"Prepare(CB3Prop*,GtMathPs2::CGtMatrix3x4*,const CGtAxisAlignedBox&)",B3PropPhysics.cpp
00186e30,148,CB3PropPhysics,Construct(),B3PropPhysics.cpp
00186ed0,320,CB3RaceCarPhysics,DoCrashBreaker(),B3RaceCarPhysics.cpp
00187010,8,CB3RaceCarPhysics,SetUpCollisionBools(),B3RaceCarPhysics.cpp
00187020,36,CB3RaceCarPhysics,SetTempTrafficInvulnerable(),B3RaceCarPhysics.cpp
00187050,300,CB3RaceCarPhysics,"ApplyNonSpinoutPositionedImpulse(GtMathPs2::CGtV3d,GtMathPs2::CGtV3d)",B3RaceCarPhysics.cpp
00187180,300,CB3RaceCarPhysics,"ApplyNonSpinoutPositionedForce(GtMathPs2::CGtV3d,GtMathPs2::CGtV3d)",B3RaceCarPhysics.cpp
001872b0,488,CB3RaceCarPhysics,RollingStart(float),B3RaceCarPhysics.cpp
001874a0,344,CB3RaceCarPhysics,SetLinearVelocity(GtMathPs2::CGtV3d),B3RaceCarPhysics.cpp
00187600,308,CB3RaceCarPhysics,DoPhysicalEffects(EB3CollisionSurface),B3RaceCarPhysics.cpp
00187740,968,CB3RaceCarPhysics,UpdateWheelStates(),B3RaceCarPhysics.cpp
00187b10,1688,CB3RaceCarPhysics,StopCrashing(),B3RaceCarPhysics.cpp
001881b0,328,CB3RaceCarPhysics,"StartCrashing(int,CB3CrashStartInfo*)",B3RaceCarPhysics.cpp
00188300,132,CB3RaceCarPhysics,ResetOnTrackWhileCrashing(),B3RaceCarPhysics.cpp
00188390,4536,CB3RaceCarPhysics,"ResetOnTrack(bool,CB3RaceCarPhysics*)",B3RaceCarPhysics.cpp
00189620,8,CB3RaceCarPhysics,Destruct(),B3RaceCarPhysics.cpp
00189630,116,CB3RaceCarPhysics,Release(),B3RaceCarPhysics.cpp
001896b0,3016,CB3RaceCarPhysics,GetDrivingControls(),B3RaceCarPhysics.cpp
0018a280,7452,CB3RaceCarPhysics,ApplyDrivingForces(float),B3RaceCarPhysics.cpp
0018bfa0,2992,CB3RaceCarPhysics,ApplyLowSpeedDrivingForces(float),B3RaceCarPhysics.cpp
0018cb50,908,CB3RaceCarPhysics,"LightweightUpdate(float,int)",B3RaceCarPhysics.cpp
0018cee0,1996,CB3RaceCarPhysics,Update(float),B3RaceCarPhysics.cpp
0018d6b0,52,CB3RaceCarPhysics,CollideWithWorld(),B3RaceCarPhysics.cpp
0018d6f0,644,CB3RaceCarPhysics,CacheWorldTriangles(int),B3RaceCarPhysics.cpp
0018da80,3304,CB3RaceCarPhysics,DoDrivingWorldCollision(),B3RaceCarPhysics.cpp
0018e770,996,CB3RaceCarPhysics,"CollideWithCache(const CCacheFriendlyTriangle&,CB3CollisionTag,CB3CarWorldCallbackData*)",B3RaceCarPhysics.cpp
0018eb60,2188,CB3RaceCarPhysics,Prepare(CB3RaceCar*),B3RaceCarPhysics.cpp
0018f3f0,52,CB3RaceCarPhysics,Construct(),B3RaceCarPhysics.cpp
0018f430,88,CB3Transmission,"GetDesiredGear(float,float)",B3Transmission.cpp
0018f490,2216,CB3Transmission,"Update(float,float,int,int)",B3Transmission.cpp
0018fd40,228,CB3Transmission,Prepare(CB3RaceCarPhysics*),B3Transmission.cpp
0018fe30,1600,CB3VehiclePhysics,CollideHingedPartWithWorld(int),B3VehiclePhysics.cpp
00190470,11888,CB3VehiclePhysics,"UpdateHingedPart(int,float)",B3VehiclePhysics.cpp
001932e0,2300,CB3VehiclePhysics,UpdateCrashSteering(float),B3VehiclePhysics.cpp
00193be0,692,CB3VehiclePhysics,"IsVehicleTouchingHorizontalSurface(bool,float)",B3VehiclePhysics.cpp
00193ea0,160,CB3VehiclePhysics,StopCrashing(),B3VehiclePhysics.cpp
00193f40,108,CB3VehiclePhysics,"StartCrashing(int,CB3CrashStartInfo*)",B3VehiclePhysics.cpp
00193fb0,148,CB3VehiclePhysics,ReleasePayload(),B3VehiclePhysics.cpp
00194050,196,CB3VehiclePhysics,DetachBodyPart(int),B3VehiclePhysics.cpp
00194120,52,CB3VehiclePhysics,FlapBodyPart(int),B3VehiclePhysics.cpp
00194160,872,CB3VehiclePhysics,"ApplyCrashRamp(GtMathPs2::CGtMatrix3x4*,GtMathPs2::CGtV3d*,bool)",B3VehiclePhysics.cpp
001944d0,420,CB3VehiclePhysics,"ApplyRamp(GtMathPs2::CGtV3d,GtMathPs2::CGtV3d,GtMathPs2::CGtV3d)",B3VehiclePhysics.cpp
00194680,260,CB3VehiclePhysics,DetachAll(bool),B3VehiclePhysics.cpp
00194790,84,CB3VehiclePhysics,"FireAirRamUpwards(unsigned int,float,bool)",B3VehiclePhysics.cpp
001947f0,92,CB3VehiclePhysics,"FireAirRam(unsigned int,float,bool)",B3VehiclePhysics.cpp
00194850,868,CB3VehiclePhysics,"FireAirRamWithDirection(unsigned int,float,GtMathPs2::CGtV3d,bool)",B3VehiclePhysics.cpp
00194bc0,4848,CB3VehiclePhysics,UpdateSuspension(float),B3VehiclePhysics.cpp
00195eb0,1600,CB3VehiclePhysics,CollideWheels(),B3VehiclePhysics.cpp
001964f0,584,CB3VehiclePhysics,"DoWheelLineCollision(GtMathPs2::CGtV3d,GtMathPs2::CGtV3d,int*,float*)",B3VehiclePhysics.cpp
00196740,8,CB3VehiclePhysics,Destruct(),B3VehiclePhysics.cpp
00196750,8,CB3VehiclePhysics,Release(),B3VehiclePhysics.cpp
00196760,1584,CB3VehiclePhysics,Update(float),B3VehiclePhysics.cpp
00196d90,736,CB3VehiclePhysics,CollideWithWorld(),B3VehiclePhysics.cpp
00197070,2556,CB3VehiclePhysics,"Prepare(CB3VehicleEssentialParams*,CB3VehicleParams*)",B3VehiclePhysics.cpp
00197a70,268,CB3VehiclePhysics,Prepare(),B3VehiclePhysics.cpp
00197b80,260,CB3VehiclePhysics,Construct(),B3VehiclePhysics.cpp
00197c90,304,CB3AICarPhysics,UpdateStickySpeedMatch(),B3AICarPhysics.cpp
00197dc0,20,CB3AICarPhysics,IgnoreInRaceBrake(float),B3AICarPhysics.cpp
00197de0,264,CB3AICarPhysics,OnGoneOutOfRange(),B3AICarPhysics.cpp
00197ef0,2000,CB3AICarPhysics,GetRacingDrivingControls(),B3AICarPhysics.cpp
001986c0,1412,CB3AICarPhysics,GetPreRaceDrivingControls(),B3AICarPhysics.cpp
00198c50,400,CB3AICarPhysics,GetDrivingControls(),B3AICarPhysics.cpp
00198de0,8,CB3AICarPhysics,Destruct(),B3AICarPhysics.cpp
00198df0,8,CB3AICarPhysics,Release(),B3AICarPhysics.cpp
00198e00,668,CB3AICarPhysics,Update(float),B3AICarPhysics.cpp
001990a0,228,CB3AICarPhysics,Prepare(CB3RaceCar*),B3AICarPhysics.cpp
00199190,92,CB3AICarPhysics,Construct(),B3AICarPhysics.cpp
001991f0,356,CB3AiCarPreRaceRpmSpike,Update(),B3AICarPhysics.cpp
00199360,92,CGtFileSystemPS2DVD,"CmdErrorHandler(void*,void*)",GtFileSystemPS2DVD.cpp
001993c0,40,CGtFileSystemPS2DVD,"CmdReadCompleteHandler(void*,void*)",GtFileSystemPS2DVD.cpp
001993f0,8,CGtFileSystemPS2DVD,GetStatus(),GtFileSystemPS2DVD.cpp
00199400,8,CGtFileSystemPS2DVD,FileExists(const char*),GtFileSystemPS2DVD.cpp
00199410,168,CGtFilePS2DVD,Abort(),GtFileSystemPS2DVD.cpp
001994c0,96,CGtFilePS2DVD,Sync(int),GtFileSystemPS2DVD.cpp
00199520,436,CGtFilePS2DVD,"SetPosition(long,EFileMoveMethod)",GtFileSystemPS2DVD.cpp
001996e0,16,CGtFilePS2DVD,"Write(const void*,unsigned int)",GtFileSystemPS2DVD.cpp
001996f0,980,CGtFilePS2DVD,"Read(void*,unsigned int)",GtFileSystemPS2DVD.cpp
00199ad0,100,CGtFilePS2DVD,Close(),GtFileSystemPS2DVD.cpp
00199b40,312,CGtFilePS2DVD,"Open(CGTFileSystem*,const char*,unsigned int)",GtFileSystemPS2DVD.cpp
00199c80,8,CGtFilePS2DVD,GetStatus(),GtFileSystemPS2DVD.cpp
00199c90,24,CGtFileSystemPS2DVD,GetFileObject(unsigned int),GtFileSystemPS2DVD.cpp
00199cb0,496,CGtFileSystemPS2DVD,"Init(unsigned int,CGtFilePS2DVD*,CGtFileBufferPS2DVD*,const char*,int,int,int,char*)",GtFileSystemPS2DVD.cpp
00199ea0,8,CGtTimer,SetSlowMo(int),GtTimer.cpp
00199eb0,424,CGtTimer,Update(),GtTimer.cpp
0019a060,60,CGtTimer,Stop(),GtTimer.cpp
0019a0a0,64,CGtTimer,Start(),GtTimer.cpp
0019a0e0,76,CGtTimer,Prepare(),GtTimer.cpp
0019a130,56,CGtTimer,Construct(),GtTimer.cpp
0019a170,16,CGtTimer,NextFrame(),GtTimer.cpp
0019a180,64,CGtTimer,PrepareTimerServices(int),GtTimer.cpp
0019a1c0,180,CB3Game,SetFrontendFrameRate(bool),B3GamePS2.cpp
0019a280,24,CB3Game,PreparePowerOff(),B3GamePS2.cpp
0019a2b0,388,CB3Game,CheckPowerOff(),B3GamePS2.cpp
0019a440,1012,CB3Game,PrepareHardware(),B3GamePS2.cpp
0019a840,200,CB3Game,ConstructHardware(),B3GamePS2.cpp
0019a910,252,CGt2dFrameHierarchy,"ConstructFrameData(int,void*,unsigned int)",Gt2dFrameHierarchy.cpp
0019aa10,1744,CGt2dFrameHierarchy,Sync(),Gt2dFrameHierarchy.cpp
0019b0e0,8,CGtFreeListLink,GetNext() const,Gt2dFrameHierarchy.cpp
0019b0f0,8,CGtFreeList,GetFirstLink() const,Gt2dFrameHierarchy.cpp
0019b100,16,GtMathPs2,CGtV4d::operator =(const GtMathPs2::CGtV4d&),Gt2dFrameHierarchy.cpp
0019b110,24,GtMathPs2,CGtV2d::operator =(const GtMathPs2::CGtV2d&),Gt2dFrameHierarchy.cpp
0019b130,8,CGtFreeListLink,GetData() const,Gt2dFrameHierarchy.cpp
0019b140,20,GtMathPs2,CGtV4d::operator *(GtMathPs2::CGtV4d) const,Gt2dFrameHierarchy.cpp
0019b160,52,GtMathPs2,CGtV2d::operator +(const GtMathPs2::CGtV2d&) const,Gt2dFrameHierarchy.cpp
0019b1a0,52,GtMathPs2,CGtV2d::operator *(const GtMathPs2::CGtV2d&) const,Gt2dFrameHierarchy.cpp
0019b1e0,24,GtMathPs2,CGtV2d::CGtV2d(const GtMathPs2::CGtV2d&),Gt2dFrameHierarchy.cpp
0019b200,16,GtMathPs2,"CGtV2d::CGtV2d(float,float)",Gt2dFrameHierarchy.cpp
0019b210,552,CGt2dFrameHierarchy,Prepare(),Gt2dFrameHierarchy.cpp
0019b440,484,CGt2dFrame,Clean(),Gt2dFrameHierarchy.cpp
0019b630,1876,CGt2dFrame,Sync(const CGt2dFrame::CGt2dFrameSpace&),Gt2dFrameHierarchy.cpp
0019bd90,456,CGt2dFrame,Destruct(),Gt2dFrameHierarchy.cpp
0019bf60,48,CGt2dFrame,ConstructChild(),Gt2dFrameHierarchy.cpp
0019bf90,56,CGt2dFrame,CGt2dFrameSpace::SetIdentity(),Gt2dFrameHierarchy.cpp
0019bfd0,108,CGt2dObject,"SetPos(const GtMathPs2::CGtV2d&,const GtMathPs2::CGtV2d&)",Gt2dObject.cpp
0019c040,48,CGt2dObject,"Prepare(const GtMathPs2::CGtV2d&,const GtMathPs2::CGtV2d&,GtMathPs2::CGtV4d,void (*)(const CGt2dObject::CGt2dObjec",Gt2dObject.cpp
0019c070,120,CGt2dObjectBox,"_Render(const CGt2dObject::CGt2dObjectSpace&,const void*)",Gt2dObjectBox.cpp
0019c0f0,144,CGt2dObjectBox,"Prepare(const GtMathPs2::CGtV2d&,const GtMathPs2::CGtV2d&,const GtMathPs2::CGtV2d&,GtMathPs2::CGtV4d)",Gt2dObjectBox.cpp
0019c180,152,CGt2dObjectImage,"_Render(const CGt2dObject::CGt2dObjectSpace&,const void*)",Gt2dObjectImage.cpp
0019c220,8,CGt2dObjectImage,SetTexture(CGtTexture*),Gt2dObjectImage.cpp
0019c230,36,CGt2dObjectImage,"SetUVs(const GtMathPs2::CGtV2d&,const GtMathPs2::CGtV2d&)",Gt2dObjectImage.cpp
0019c260,180,CGt2dObjectImage,"Prepare(const GtMathPs2::CGtV2d&,const GtMathPs2::CGtV2d&,const GtMathPs2::CGtV2d&,GtMathPs2::CGtV4d,CGtTextu",Gt2dObjectImage.cpp
0019c320,636,CGt2dObjectText,"_RenderOutlineDropShadow(const CGt2dObject::CGt2dObjectSpace&,const void*)",Gt2dObjectText.cpp
0019c5a0,420,CGt2dObjectText,"_RenderOutline(const CGt2dObject::CGt2dObjectSpace&,const void*)",Gt2dObjectText.cpp
0019c750,244,CGt2dObjectText,"_RenderDropShadow(const CGt2dObject::CGt2dObjectSpace&,const void*)",Gt2dObjectText.cpp
0019c850,132,CGt2dObjectText,"_RenderPlain(const CGt2dObject::CGt2dObjectSpace&,const void*)",Gt2dObjectText.cpp
0019c8e0,572,CGt2dObjectText,"_BuildBatchData(const CGt2dObject::CGt2dObjectSpace&,const void*)",Gt2dObjectText.cpp
0019cb20,352,CGt2dObjectText,"Prepare(const GtMathPs2::CGtV2d&,const GtMathPs2::CGtV2d&,float,GtMathPs2::CGtV4d,const CGt2dFont*,const unsig",Gt2dObjectText.cpp
0019cc80,368,CGt2dObjectText,"Prepare(const GtMathPs2::CGtV2d&,const GtMathPs2::CGtV2d&,float,GtMathPs2::CGtV4d,const CGt2dFont*,const unsig",Gt2dObjectText.cpp
0019cdf0,276,CGt2dObjectText,"Prepare(const GtMathPs2::CGtV2d&,const GtMathPs2::CGtV2d&,float,GtMathPs2::CGtV4d,const CGt2dFont*,const unsig",Gt2dObjectText.cpp
0019cf10,284,CGt2dObjectText,"PrepareCommonData(const GtMathPs2::CGtV2d&,const GtMathPs2::CGtV2d&,float,GtMathPs2::CGtV4d,const CGt2dFont*,c",Gt2dObjectText.cpp
0019d030,636,CGt2dObjectVignette,"_RenderVertical(const CGt2dObject::CGt2dObjectSpace&,const void*)",Gt2dObjectVignette.cpp
0019d2b0,636,CGt2dObjectVignette,"_RenderHorizontal(const CGt2dObject::CGt2dObjectSpace&,const void*)",Gt2dObjectVignette.cpp
0019d530,472,CGt2dObjectVignette,"Prepare(const GtMathPs2::CGtV2d&,const GtMathPs2::CGtV2d&,const GtMathPs2::CGtV2d&,GtMathPs2::CGtV4d,GtMat",Gt2dObjectVignette.cpp
0019d710,24,CGt2dScene,"DestructObject(int,CGt2dObject*)",Gt2dScene.cpp
0019d730,60,CGt2dScene,"ConstructObject(int,CGt2dFrame*)",Gt2dScene.cpp
0019d770,800,CGt2dScene,Render(),Gt2dScene.cpp
0019da90,112,CGt2dScene,Prepare(),Gt2dScene.cpp
0019db00,268,CGt2dScene,"Construct(int,int,int,void*,unsigned int)",Gt2dScene.cpp
0019dc10,276,CGt2dFont,MakeNumberCharactersFixedWidth(),Gt2dFont.cpp
0019dd30,628,CGt2dFont,"RenderString(const unsigned short*,float,float,float,GtMathPs2::CGtV4d) const",Gt2dFont.cpp
0019dfb0,552,CGt2dFont,"GetStringStartAndEnd(const unsigned short*,float,const unsigned short**,const unsigned short**,bool) const",Gt2dFont.cpp
0019e1e0,164,CGt2dFont,GetStringWidthIncludingLRKern(const unsigned short*) const,Gt2dFont.cpp
0019e290,184,CGt2dFont,GetStringWidth(const unsigned short*) const,Gt2dFont.cpp
0019e350,80,CGt2dFont,Prepare(CGtTexture*),Gt2dFont.cpp
001d7d70,116,CGtViewport,"SetSubRaster(CGtViewport*,RwRect*)",GtViewport.cpp
001d7df0,8,CGtViewport,SetAspectRatio(float),GtViewport.cpp
001d7e00,136,CGtViewport,SetFOV(float),GtViewport.cpp
001d7e90,12,CGtViewport,SetCamera(CGtCamera*),GtViewport.cpp
001d7ea0,16,CGtViewport,Prepare(),GtViewport.cpp
001d7eb0,96,CGtViewport,Destruct(),GtViewport.cpp
001d7f10,248,CGtViewport,"Construct(int,int,int)",GtViewport.cpp
001d8010,1452,CGtViewport,Update(),GtViewport.cpp
001d85c0,8,CGTFileSystem,FTell(void*),GtFileSystem.cpp
001d85d0,72,CGTFileSystem,FExist(const char*),GtFileSystem.cpp
001d8620,8,CGTFileSystem,FFlush(void*),GtFileSystem.cpp
001d8630,124,CGTFileSystem,"FSeek(void*,long,int)",GtFileSystem.cpp
001d86b0,20,CGTFileSystem,FEof(void*),GtFileSystem.cpp
001d86d0,72,CGTFileSystem,"FPuts(const char*,void*)",GtFileSystem.cpp
001d8720,8,CGTFileSystem,"FGets(char*,int,void*)",GtFileSystem.cpp
001d8730,68,CGTFileSystem,"FWrite(const void*,unsigned int,unsigned int,void*)",GtFileSystem.cpp
001d8780,68,CGTFileSystem,"FRead(void*,unsigned int,unsigned int,void*)",GtFileSystem.cpp
001d87d0,40,CGTFileSystem,FClose(void*),GtFileSystem.cpp
001d8800,220,CGTFileSystem,"FOpen(const char*,const char*)",GtFileSystem.cpp
001d88e0,256,CGTFileSystem,"Open(const char*,unsigned int)",GtFileSystem.cpp
001d89e0,196,CGTFileSystem,"Init(unsigned int,const char*)",GtFileSystem.cpp
001d8ab0,8,CGTFileSystem,SetAsDefaultFilesystem(),GtFileSystem.cpp
001d8ac0,236,CGTFileSystem,"BuildFileName(char*,int,const char*,const char*,char)",GtFileSystem.cpp
001d8bb0,68,CGTFileSystem,GetFileNameFromDeviceName(const char*),GtFileSystem.cpp
001d8c00,200,CGTFileSystem,GetFileSystemFromFileName(const char*),GtFileSystem.cpp
001d8cd0,376,CGTFileSystem,InstallToRenderWare(),GtFileSystem.cpp
001d8e50,528,CGtUnicode,"_FormatString(unsigned short*,const unsigned short*,const unsigned short*,const unsigned short*,const unsigned shor",GtUnicode.cpp
001d9100,484,CGtUnicode,"PrintReal(unsigned short*,float,int)",GtUnicode.cpp
001d92f0,204,CGtUnicode,"PrintInt(unsigned short*,int,int)",GtUnicode.cpp
001d93c0,180,CGtUnicode,"PrintUInt(unsigned short*,unsigned int,int)",GtUnicode.cpp
001d9480,116,CGtUnicode,"AppendN(unsigned short*,int,const unsigned short*)",GtUnicode.cpp
001d9500,84,CGtUnicode,"Append(unsigned short*,const unsigned short*)",GtUnicode.cpp
001d9560,84,CGtUnicode,"CopyN(unsigned short*,int,const unsigned short*)",GtUnicode.cpp
001d95c0,48,CGtUnicode,"Copy(unsigned short*,const unsigned short*)",GtUnicode.cpp
001d95f0,44,CGtUnicode,Length(const unsigned short*),GtUnicode.cpp
001d9620,360,CGtUnicode,"ConvertUTF8toUTF16(const unsigned char*,unsigned short*,int)",GtUnicode.cpp
001d9790,188,CGtUnicode,"ConvertUTF8toUTF16Fast(const unsigned char*,unsigned short*,int)",GtUnicode.cpp
001d9850,348,CGtUnicode,"ConvertUTF16toUTF8Fast(const unsigned short*,unsigned char*,int)",GtUnicode.cpp
001d99b0,56,CB3InputManager,SetPause(bool),B3InputManagerPS2.cpp
001d99f0,308,CB3InputManager,Update(),B3InputManagerPS2.cpp
001d9b30,8,CB3InputManager,PreparePlayerLocks(),B3InputManagerPS2.cpp
001d9b40,132,CB3InputManager,Prepare(),B3InputManagerPS2.cpp
001d9bd0,140,CB3InputManager,Construct(),B3InputManagerPS2.cpp
001d9c60,452,CGtInputManagerPS2Pad2,UpdatePort(EGtPS2InputPort),GtInputManagerPS2Pad2.cpp
001d9e30,140,CGtInputManagerPS2Pad2,"UnbindFromPort(CGtInputDevicePS2Pad2*,EGtPS2InputPort)",GtInputManagerPS2Pad2.cpp
001d9ec0,200,CGtInputManagerPS2Pad2,"BindToPort(CGtInputDevicePS2Pad2*,EGtPS2InputPort)",GtInputManagerPS2Pad2.cpp
001d9f90,116,CGtInputManagerPS2Pad2,SetPause(bool),GtInputManagerPS2Pad2.cpp
001da010,60,CGtInputManagerPS2Pad2,GetPadControls(EGtPS2InputPort),GtInputManagerPS2Pad2.cpp
001da050,60,CGtInputManagerPS2Pad2,GetSocketNumber(EGtPS2InputPort),GtInputManagerPS2Pad2.cpp
001da090,60,CGtInputManagerPS2Pad2,GetConnectedDeviceID(EGtPS2InputPort),GtInputManagerPS2Pad2.cpp
001da0d0,228,CGtInputManagerPS2Pad2,Update(),GtInputManagerPS2Pad2.cpp
001da1c0,12,CGtInputManagerPS2Pad2,Prepare(),GtInputManagerPS2Pad2.cpp
001da1d0,336,CGtInputManagerPS2Pad2,Construct(bool),GtInputManagerPS2Pad2.cpp
001da320,2384,CGtInputDevicePS2DualShock2,Update(),GtInputDevicePS2DualShock2.cpp
001dac70,60,CGtInputDevicePS2DualShock2,Prepare(),GtInputDevicePS2DualShock2.cpp
001dc490,204,CGtInputDevicePS2DualShock,"DeadzoneAxis(float,float)",GtInputDevicePS2DualShock.cpp
001dc560,104,CGtInputDevicePS2DualShock,DeadzoneTrigger(float),GtInputDevicePS2DualShock.cpp
001dc5d0,104,CGtInputDevicePS2DualShock,DeadzoneButton(float),GtInputDevicePS2DualShock.cpp
001dc640,28,CGtInputDevicePS2DualShock,UnbindFromPort(),GtInputDevicePS2DualShock.cpp
001dc660,80,CGtInputDevicePS2DualShock,"BindToPort(CGtInputManagerPS2Pad2*,EGtPS2InputPort)",GtInputDevicePS2DualShock.cpp
001dc6b0,28,CGtInputDevicePS2DualShock,SetPause(bool),GtInputDevicePS2DualShock.cpp
001dc6d0,324,CGtInputDevicePS2DualShock,UpdateVibration(),GtInputDevicePS2DualShock.cpp
001dc820,8,CGtInputDevicePS2DualShock,GetPort(),GtInputDevicePS2DualShock.cpp
001dc830,76,CGtInputDevicePS2DualShock,IsControlJustPressed(int),GtInputDevicePS2DualShock.cpp
001dc880,64,CGtInputDevicePS2DualShock,GetControlValue(int),GtInputDevicePS2DualShock.cpp
001dc8c0,144,CGtInputDevicePS2DualShock,Prepare(),GtInputDevicePS2DualShock.cpp
001dc950,8,CGtInputDevicePS2DualShock,IsConnected(),GtInputDevicePS2DualShock.cpp
001dc960,176,CGtInputDevicePS2DualShock,Construct(),GtInputDevicePS2DualShock.cpp
001dcb80,60,CGtFSM,"StateEnter(CGtState*,void*)",GtFSM.cpp
001dcbc0,60,CGtFSM,"StateLeave(CGtState*,void*)",GtFSM.cpp
001dcc00,64,CGtFSM,GetStateFromID(unsigned long),GtFSM.cpp
001dcc40,60,CGtFSM,"ApplyEvent(unsigned int,void*)",GtFSM.cpp
001dcc80,64,CGtFSM,Update(),GtFSM.cpp
001dccc0,100,CGtFSM,Destruct(),GtFSM.cpp
001dcd30,136,CGtFSM,"Construct(void*,const CGtStateOffset*,CGtTimer*)",GtFSM.cpp
001dcdc0,36,Gt2dRenderer,EnableZTest(bool),Gt2dRendererPS2.cpp
001dcdf0,92,Gt2dRenderer,"SetZ(float,float,float)",Gt2dRendererPS2.cpp
001dce50,308,Gt2dRenderer,ResetClipRegion(),Gt2dRendererPS2.cpp
001dcf90,532,Gt2dRenderer,"SetClipRegion(const GtMathPs2::CGtV2d&,const GtMathPs2::CGtV2d&)",Gt2dRendererPS2.cpp
001dd1b0,252,Gt2dRenderer,SetTextureAddressMode(Gt2dRenderer::EGt2dRendererTexAddress),Gt2dRendererPS2.cpp
001dd2b0,296,Gt2dRenderer,SetTextureFilterMode(Gt2dRenderer::EGt2dRendererFilter),Gt2dRendererPS2.cpp
001dd3e0,324,Gt2dRenderer,SetBlendMode(Gt2dRenderer::EGt2dRendererBlend),Gt2dRendererPS2.cpp
001dd530,1072,Gt2dRenderer,"RenderTriStripGouraudUntex(const GtMathPs2::CGtV2d&,int,const GtMathPs2::CGtV2d*,const GtMathPs2::CGtV4d*)",Gt2dRendererPS2.cpp
001dd960,928,Gt2dRenderer,"RenderTriStripFlatUntex(GtMathPs2::CGtV4d,const GtMathPs2::CGtV2d&,int,const GtMathPs2::CGtV2d*)",Gt2dRendererPS2.cpp
001ddd00,1344,Gt2dRenderer,"RenderTriStripGouraudTex(const GtMathPs2::CGtV2d&,int,const GtMathPs2::CGtV2d*,const GtMathPs2::CGtV2d*,const GtM",Gt2dRendererPS2.cpp
001de240,1100,Gt2dRenderer,"RenderTriStripFlatTex(GtMathPs2::CGtV4d,const GtMathPs2::CGtV2d&,int,const GtMathPs2::CGtV2d*,const GtMathPs2::CG",Gt2dRendererPS2.cpp
001de690,988,Gt2dRenderer,"RenderTriListFlatTex(GtMathPs2::CGtV4d,const GtMathPs2::CGtV2d&,int,const GtMathPs2::CGtV2d*,const GtMathPs2::CGt",Gt2dRendererPS2.cpp
001dea70,760,Gt2dRenderer,"RenderSpritesUntex(GtMathPs2::CGtV4d,const GtMathPs2::CGtV2d&,int,const GtMathPs2::CGtV2d*)",Gt2dRendererPS2.cpp
001ded70,492,Gt2dRenderer,"RenderSpritesTex(GtMathPs2::CGtV4d,const GtMathPs2::CGtV2d&,int,const GtMathPs2::CGtV2d*,const GtMathPs2::CGtV2d*",Gt2dRendererPS2.cpp
001def60,616,Gt2dRenderer,"SetTexture(CGtTexture*,int)",Gt2dRendererPS2.cpp
001df1d0,8,Gt2dRenderer,SetTexture(CGtTexture*),Gt2dRendererPS2.cpp
001df1e0,168,Gt2dRenderer,Resume(),Gt2dRendererPS2.cpp
001df290,460,Gt2dRenderer,Suspend(),Gt2dRendererPS2.cpp
001df460,460,Gt2dRenderer,End(),Gt2dRendererPS2.cpp
001df630,408,Gt2dRenderer,Begin(),Gt2dRendererPS2.cpp
001df7d0,600,Gt2dRenderer,Construct(),Gt2dRendererPS2.cpp
001dfa30,244,Gt2dRenderer,_Dispatch(),Gt2dRendererPS2.cpp
001dfb30,824,CB3MenuInput,"Update(float,CB3ControllerMapping*)",B3MenuInput.cpp
001dfe70,68,CB3MenuInput,Prepare(),B3MenuInput.cpp
001dfec0,8,CB3MenuInput,Construct(),B3MenuInput.cpp
001dfed0,308,CB3MenuInputButton,"Update(float,float,int)",B3MenuInput.cpp
001e0010,72,CGtDictionaryBase,FixUp(),GtDictionary.cpp
001e0510,8,CGtCameraBehaviour,Construct(),GtCameraBehaviour.cpp
001e0520,12,CGtCamera,"SetBehaviours(CGtCameraBehaviourDef*,int)",GtCamera.cpp
001e0530,104,CGtCamera,Release(),GtCamera.cpp
001e05a0,932,CGtCamera,Prepare(),GtCamera.cpp
001e0950,116,CGtCamera,Update(float),GtCamera.cpp
001e09d0,8,CGtCamera,Destruct(),GtCamera.cpp
001e09e0,16,CGtCamera,Construct(),GtCamera.cpp
001e09f0,8,CB3Settings,Destruct(),B3Settings.cpp
001e0a00,56,CB3Settings,Construct(),B3Settings.cpp
001e0a40,8,GtComms,CGtCommsToolBase::Update(),GtCommsToolBase.cpp
001e0a50,136,GtComms,"CGtCommsToolBase::Prepare(const char*,CGTFileSystem*,const char*)",GtCommsToolBase.cpp
001e0ae0,48,GtComms,CGtCommsToolBase::Construct(const char*),GtCommsToolBase.cpp
001e0b10,20,GtComms,CGtCommsDatabase::RemoveEntryCore(GtComms::CGtCommsDatabaseEntry*),GtCommsDatabase.cpp
001e0b30,152,GtComms,CGtCommsDatabase::RemoveEntry(void*),GtCommsDatabase.cpp
001e0bd0,424,GtComms,"CGtCommsDatabase::AddEntry(GtMathPs2::CGtV3d*,const char*,const char*,const char*)",GtCommsDatabase.cpp
001e0d80,528,GtComms,"CGtCommsDatabase::AddEntry(float*,const char*,const char*,const char*,int,float,float,int)",GtCommsDatabase.cpp
001e0f90,440,GtComms,"CGtCommsDatabase::AddEntry(bool*,const char*,const char*,const char*,int)",GtCommsDatabase.cpp
001e1150,500,GtComms,"CGtCommsDatabase::AddEntry(int*,const char*,const char*,const char*,int,int,int,int)",GtCommsDatabase.cpp
001e1350,28,GtComms,"CGtCommsDatabase::Construct(GtComms::CGtCommsDatabaseEntry*,int)",GtCommsDatabase.cpp
001e1370,112,CGtHash,CalculateHash(const char*),GtHash.cpp
001e13e0,1328,CB3StreamedTrack,RenderAfterSpecular(),B3StreamedTrackPS2.cpp
001e1910,8,CB3StageLogic,IsCrashIntroPlaying(),B3StreamedTrackPS2.cpp
001e1920,464,CB3StreamedTrack,RenderAfterVehicles(),B3StreamedTrackPS2.cpp
001e1af0,2124,CB3StreamedTrack,RenderBeforeVehicles(),B3StreamedTrackPS2.cpp
001e2340,124,CB3StreamedTrack,IsUnitVisibleToMainCamera(int),B3StreamedTrackPS2.cpp
001e23c0,604,CB3StreamedTrack,DoUnitFrustumTesting(),B3StreamedTrackPS2.cpp
001e2620,604,CB3StaticTrack,"RenderAllBackdrops(EBackdropRenderRange,bool,bool)",B3StaticTrackPS2.cpp
001e2880,532,CB3StaticTrack,"RenderWater(float,const CB3BackdropObject&,const CB3BackdropObject*)",B3StaticTrackPS2.cpp
001e2aa0,348,CB3StaticTrack,RenderStaticObject(const CB3StaticTrackObject&),B3StaticTrackPS2.cpp
001e2c00,100,CB3SkyDomeRenderer,SetGradientTextureAsSource(),B3SkyDomeRendererPS2.cpp
001e2c70,12,CB3SkyDomeRenderer,RestoreRenderTarget(),B3SkyDomeRendererPS2.cpp
001e2c80,128,CB3SkyDomeRenderer,SetBackdropAsRenderTarget(),B3SkyDomeRendererPS2.cpp
001e2d00,380,CB3SkyDomeRenderer,RenderComponent(CB3SkyDomeRendererBase::ESkyComponent),B3SkyDomeRendererPS2.cpp
001e2e80,120,CB3SkyDomeRenderer,EndRender(),B3SkyDomeRendererPS2.cpp
001e2f00,292,CB3SkyDomeRenderer,BeginRender(),B3SkyDomeRendererPS2.cpp
001e3030,364,CB3SkyDomeRenderer,"SetupCamera(float,float)",B3SkyDomeRendererPS2.cpp
001e31a0,16,CB3SkyDomeRenderer,Release(),B3SkyDomeRendererPS2.cpp
001e31b0,612,CB3SkyDomeRenderer,"Prepare(CGtTexture*,CGtTexture*,CGtTexture*)",B3SkyDomeRendererPS2.cpp
001e3420,16,CB3SkyDomeRenderer,Destruct(),B3SkyDomeRendererPS2.cpp
001e3430,188,CB3SkyDomeRenderer,Construct(),B3SkyDomeRendererPS2.cpp
001e34f0,600,CB3SkyDomeRenderer,CB3SkyDomeHemisphereParams::Construct(CB3SkyDomeRendererBase::ESkyComponent),B3SkyDomeRendererPS2.cpp
001e3750,444,CB3VehicleRenderer,"RenderDeformedObject(EB3VehicleRenderType,const GtMathPs2::CGtMatrix3x4&,CB3VehicleObject*,float,unsigned s",B3VehicleRendererRuntimePS2.cpp
001e3910,288,CB3VehicleRenderer,"RenderObject(EB3VehicleRenderType,const GtMathPs2::CGtMatrix3x4&,CB3VehicleObject*,float,unsigned short,uns",B3VehicleRendererRuntimePS2.cpp
001e3a30,732,CB3VehicleRenderer,"RenderMesh(EB3VehicleRenderType,float,CB3VehicleMesh&,unsigned short)",B3VehicleRendererRuntimePS2.cpp
001e3d10,184,CB3VehicleRenderer,"ComputePerObjectData(const GtMathPs2::CGtMatrix3x4&,float,bool)",B3VehicleRendererRuntimePS2.cpp
001e3dd0,212,CB3VehicleRenderer,"SetTexture(CGtTexture*,int)",B3VehicleRendererRuntimePS2.cpp
001e3eb0,8,CB3VehicleRenderer,EndRenderingSingleVehicle(),B3VehicleRendererRuntimePS2.cpp
001e3ec0,304,CB3VehicleRenderer,"BeginRenderingSingleVehicle(const CB3VehicleEssentialParams*,CB3VehicleLODData*,float,float)",B3VehicleRendererRuntimePS2.cpp
001e3ff0,120,CB3VehicleRenderer,EndVehicleRendering(),B3VehicleRendererRuntimePS2.cpp
001e4070,800,CB3VehicleRenderer,BeginVehicleRendering(),B3VehicleRendererRuntimePS2.cpp
001e4390,592,CB3VehicleRenderer,SetupCameraData(),B3VehicleRendererRuntimePS2.cpp
001e45e0,248,CB3VehicleRenderer,"FrustumTestDamagedVehicle(CB3VehicleEssentialParams*,CB3VehicleParams*)",B3VehicleRendererRuntimePS2.cpp
001e46e0,88,CB3VehicleRenderer,FrustumTestUndamagedVehicle(CB3VehicleEssentialParams*),B3VehicleRendererRuntimePS2.cpp
001e4740,8,CB3VehicleRenderer,Destruct(),B3VehicleRendererRuntimePS2.cpp
001e4750,36,CB3VehicleRenderer,Construct(),B3VehicleRendererRuntimePS2.cpp
001e4780,508,CB3VehicleRenderer,FixUpVehicleData(CB3VehicleData*),B3VehicleRendererRuntime.cpp
001e4980,536,CB3VehicleLODDataBase,FixUp(),B3VehicleRendererRuntime.cpp
001e4ba0,3932,CB3VehicleRenderer,"RenderVehicle(const CB3VehicleEssentialParams*,const CB3VehicleParams*,EVehicleLOD)",B3VehicleRendererRuntime.cpp
001e5b00,164,CB3VehicleRenderer,Prepare(),B3VehicleRendererRuntime.cpp
001e5bb0,8,CGtScreenCentre,GetPositionY(),GtScreenCentre.cpp
001e5bc0,8,CGtScreenCentre,GetPositionX(),GtScreenCentre.cpp
001e5bd0,848,CGtScreenCentre,"MoveScreen(float,float)",GtScreenCentre.cpp
001e5f20,48,CGtScreenCentre,Construct(),GtScreenCentre.cpp
001e5f50,216,CGtTextureCache,FlushCache(),GtTextureCachePS2.cpp
001e6030,8,CGtTextureCache,InvalidateCurrentTexture(),GtTextureCachePS2.cpp
001e6040,200,CGtTextureCache,ForceBufferSwap(),GtTextureCachePS2.cpp
001e6110,496,CGtTextureCache,"AddRasterToCache(RwRaster*,int)",GtTextureCachePS2.cpp
001e6300,544,CGtTextureCache,AddRasterToCurrentDoubleBuffer(RwRaster*),GtTextureCachePS2.cpp
001e6520,1032,CGtTextureCache,"AccessTexture(CGtTexture*,float,EGtTextureCachePS2_FilterMode,bool,bool)",GtTextureCachePS2.cpp
001e6930,436,CGtTextureCache,"BuildPacketToSendRasterToGS(RwRaster*,unsigned int)",GtTextureCachePS2.cpp
001e6af0,164,CGtTextureCache,RemoveRasterFromCache(RwRaster*),GtTextureCachePS2.cpp
001e6ba0,60,CGtTextureCache,Destruct(),GtTextureCachePS2.cpp
001e6be0,316,CGtTextureCache,"Construct(unsigned int,int,int)",GtTextureCachePS2.cpp
001e6dc0,132,CB3MemoryManagerPS2,GetBlockSize(EB3MemoryBlock) const,B3MemoryManagerPS2.cpp
001e6e50,8,CB3MemoryManagerPS2,"QueryBlock(EB3MemoryBlock,int) const",B3MemoryManagerPS2.cpp
001e6e60,216,CB3MemoryManagerPS2,"ReleaseBlock(EB3MemoryBlock,int)",B3MemoryManagerPS2.cpp
001e6f40,208,CB3MemoryManagerPS2,"AcquireBlock(EB3MemoryBlock,int)",B3MemoryManagerPS2.cpp
001e7010,72,CB3MemoryManagerPS2,Update(),B3MemoryManagerPS2.cpp
001e7060,48,CB3MemoryManagerPS2,Destruct(),B3MemoryManagerPS2.cpp
001e7090,1316,CB3MemoryManagerPS2,Construct(),B3MemoryManagerPS2.cpp
001e75c0,8,CB3GraphicsManager,GetVBlankCount(),B3GraphicsManagerPS2.cpp
001e75d0,264,CB3GraphicsManager,"SetDownsampledFramebufferAsRenderSource(bool,GtMathPs2::CGtV2d*)",B3GraphicsManagerPS2.cpp
001e76e0,692,CB3GraphicsManager,DownsampleFramebufferAndGenerateMipMaps(int),B3GraphicsManagerPS2.cpp
001e79a0,576,CB3GraphicsManager,"Downsample(unsigned int,unsigned int,unsigned int,unsigned int,int,int,int,int)",B3GraphicsManagerPS2.cpp
001e7be0,556,CB3GraphicsManager,DistortEnvmapBuffersIntoSphereMap(),B3GraphicsManagerPS2.cpp
001e7e10,440,CB3GraphicsManager,ClearOffscreenBuffer(unsigned int),B3GraphicsManagerPS2.cpp
001e7fd0,4716,CB3GraphicsManager,BuildCustomCameraData(int),B3GraphicsManagerPS2.cpp
001e9240,120,CB3CameraData,SendRegistersToGS() const,B3GraphicsManagerPS2.cpp
001e92c0,1488,CB3CameraData,"ConstructEnvMap(GtMathPs2::CGtMatrix3x4,EB3RenderableCamera)",B3GraphicsManagerPS2.cpp
001e9890,1432,CB3CameraData,Construct(RwCamera*),B3GraphicsManagerPS2.cpp
001e9e30,836,CB3GraphicsManager,"CopyTextureAs32Bit(CGtTexture*,unsigned int,unsigned int)",B3GraphicsManagerPS2.cpp
001ea180,1644,CB3GraphicsManager,"Copy4BitTextureAsPSMT4H(CGtTexture*,unsigned int,CB3GraphicsManager::EClutID,bool,unsigned int)",B3GraphicsManagerPS2.cpp
001ea7f0,1568,CB3GraphicsManager,"Copy8BitTextureAsPSMT8H(CGtTexture*,unsigned int,CB3GraphicsManager::EClutID,unsigned int)",B3GraphicsManagerPS2.cpp
001eae10,348,CB3GraphicsManager,PresentDrawBuffer(),B3GraphicsManagerPS2.cpp
001eaf70,452,CB3GraphicsManager,RenderPalOrHdtvContrastFilter(),B3GraphicsManagerPS2.cpp
001eb140,328,CB3GraphicsManager,OpenViewport(EB3ViewportSelection),B3GraphicsManagerPS2.cpp
001eb290,548,CB3GraphicsManager,"RenderFullScreenSpecular(GtMathPs2::CGtV3d,float,bool)",B3GraphicsManagerPS2.cpp
001eb4c0,356,CB3GraphicsManager,SetVideoModeParams(RwSkyVideoMode*),B3GraphicsManagerPS2.cpp
001eb630,356,CB3GraphicsManager,OpenRenderWare(),B3GraphicsManagerPS2.cpp
001eb7d0,236,CB3GraphicsManager,Prepare(),B3GraphicsManagerPS2.cpp
001eb8c0,460,CB3GraphicsManager,Construct(),B3GraphicsManagerPS2.cpp
001eba90,6228,CB3GraphicsManager,PreBuildSpheremapWarpData(),B3GraphicsManagerPS2.cpp
001ed710,740,CBlit,"BuildPacket(unsigned int,unsigned int,unsigned int,unsigned int,unsigned int,unsigned int,unsigned int,unsigned long,boo",B3GraphicsManagerPS2.cpp
001eda20,104,CB3InputManager,ResetDeadInputTime(signed char),B3InputManager.cpp
001eda90,148,CB3InputManager,GetDeadInputTime(signed char),B3InputManager.cpp
001edb30,108,CB3InputManager,GenericUpdate(),B3InputManager.cpp
001edba0,112,CB3InputManager,GenericPrepare(),B3InputManager.cpp
001edc10,216,CB3InputManager,GenericConstruct(),B3InputManager.cpp
001edcf0,52,CB3InputManager,StopRumble(),B3InputManager.cpp
001edd30,8,CB3InputManager,"SetRumbling(signed char,float)",B3InputManager.cpp
001edd40,8,CB3InputManager,"Jolt(EJoltType,signed char,float,float,float,float)",B3InputManager.cpp
001edd50,360,CB3InputManager,"GetAvailableControllers(CB3ControllerMapping**,signed char)",B3InputManager.cpp
001edec0,172,CB3InputManager,"GetMenuButton(CB3MenuInput::EMenuControls,signed char)",B3InputManager.cpp
001edf70,120,CB3InputManager,GetMenuPageDown(signed char),B3InputManager.cpp
001edff0,120,CB3InputManager,GetMenuPageUp(signed char),B3InputManager.cpp
001ee070,120,CB3InputManager,GetMenuKeyboardCapsLock(signed char),B3InputManager.cpp
001ee0f0,120,CB3InputManager,GetMenuKeyboardShift(signed char),B3InputManager.cpp
001ee170,120,CB3InputManager,GetMenuDeletePersona(signed char),B3InputManager.cpp
001ee1f0,156,CB3InputManager,"GetStartButton(bool,signed char)",B3InputManager.cpp
001ee290,120,CB3InputManager,GetMenuBuddies(signed char),B3InputManager.cpp
001ee310,120,CB3InputManager,GetMenuRight(signed char),B3InputManager.cpp
001ee390,120,CB3InputManager,GetMenuLeft(signed char),B3InputManager.cpp
001ee410,120,CB3InputManager,GetMenuDown(signed char),B3InputManager.cpp
001ee490,120,CB3InputManager,GetMenuUp(signed char),B3InputManager.cpp
001ee510,120,CB3InputManager,GetMenuBack(signed char),B3InputManager.cpp
001ee590,136,CB3InputManager,GetMenuConfirm(signed char),B3InputManager.cpp
001ee620,36,CB3InputManager,GetLockedPlayersPort(signed char),B3InputManager.cpp
001ee650,180,CB3InputManager,AreLockedPlayersConnected(),B3InputManager.cpp
001ee710,28,CB3InputManager,"LockPlayerToPort(signed char,signed char)",B3InputManager.cpp
001ee730,56,CB3InputManager,GenericPreparePlayerLocks(),B3InputManager.cpp
001ee770,12,CGtNetworkAdapter,SetMessageSentCallback(void (*)(void*)),GtNetworkAdapter.cpp
001ee780,28,CGtNetworkAdapter,"RegisterBuffer(void*,int,int)",GtNetworkAdapter.cpp
001ee7a0,8,CGtNetworkAdapter,GetLastError() const,GtNetworkAdapter.cpp
001ee7b0,52,CGtNetworkAdapter,Update(int),GtNetworkAdapter.cpp
001ee7f0,8,CGtNetworkAdapter,Destruct(),GtNetworkAdapter.cpp
001ee800,100,CGtNetworkAdapter,Construct(),GtNetworkAdapter.cpp
001ee870,8,CGtNetworkMessage,SetEncryptMessageContentsFunction(bool (*)(int)),GtNetworkMessage.cpp
001ee880,8,CGtNetworkMessage,EncryptionKeyIsValid(),GtNetworkMessage.cpp
001ee890,28,CGtNetworkMessage,GetEncryptionKey(),GtNetworkMessage.cpp
001ee8b0,8,CGtNetworkMessage,UnsetEncryptionKey(),GtNetworkMessage.cpp
001ee8c0,48,CGtNetworkMessage,SetEncryptionKey(char*),GtNetworkMessage.cpp
001ee8f0,336,CGtNetworkMessage,"DecryptData(int,int)",GtNetworkMessage.cpp
001eea40,368,CGtNetworkMessage,"EncryptData(int,int)",GtNetworkMessage.cpp
001eebb0,108,CGtNetworkMessage,IsNewerThan(unsigned short) const,GtNetworkMessage.cpp
001eec20,104,CGtNetworkMessage,DecryptBody(int),GtNetworkMessage.cpp
001eec90,60,CGtNetworkMessage,DecryptHeader(),GtNetworkMessage.cpp
001eecd0,140,CGtNetworkMessage,Encrypt(int),GtNetworkMessage.cpp
001eed60,80,CGtNetworkMessage,CheckCRC(int),GtNetworkMessage.cpp
001eedb0,116,CGtNetworkMessage,CalculateCRC(int),GtNetworkMessage.cpp
001eee30,44,CGtNetworkMessage,Clear(),GtNetworkMessage.cpp
001eee60,44,CGtNetworkMessage,Construct(),GtNetworkMessage.cpp
001eee90,12,CGtPS2LibNet,SocketIsSuspended(),GtPS2LibNet.cpp
001eeea0,192,CGtPS2LibNet,ReleaseInitLibnet(),GtPS2LibNet.cpp
001eef60,964,CGtPS2LibNet,SyncInitLibnet(),GtPS2LibNet.cpp
001ef330,472,CGtPS2LibNet,SyncGetConfigs(),GtPS2LibNet.cpp
001ef510,236,CGtPS2LibNet,Sync(),GtPS2LibNet.cpp
001ef600,220,CGtPS2LibNet,TCPThread(void*),GtPS2LibNet.cpp
001ef6e0,596,CGtPS2LibNet,RecvThread(void*),GtPS2LibNet.cpp
001ef940,316,CGtPS2LibNet,SendThread(void*),GtPS2LibNet.cpp
001efa80,12,CGtPS2LibNet,SetNetworkConfigFileLocation(const char*),GtPS2LibNet.cpp
001efa90,12,CGtPS2LibNet,GetNetConfigList() const,GtPS2LibNet.cpp
001efaa0,200,CGtPS2LibNet,"GetModuleData(CModuleData*,int,bool) const",GtPS2LibNet.cpp
001efb70,148,CGtPS2LibNet,ClearSendBuffer(),GtPS2LibNet.cpp
001efc10,196,CGtPS2LibNet,ChangePort(int),GtPS2LibNet.cpp
001efce0,92,CGtPS2LibNet,"Receive(void*,int)",GtPS2LibNet.cpp
001efd40,12,CGtPS2LibNet,"Send(void*,int)",GtPS2LibNet.cpp
001efd50,92,CGtPS2LibNet,Disconnect(),GtPS2LibNet.cpp
001efdb0,316,CGtPS2LibNet,"Connect(int,int)",GtPS2LibNet.cpp
001efef0,80,CGtPS2LibNet,TCPDestroy(),GtPS2LibNet.cpp
001eff40,68,CGtPS2LibNet,TCPCreate(),GtPS2LibNet.cpp
001eff90,184,CGtPS2LibNet,ResumeSocket(int),GtPS2LibNet.cpp
001f0050,96,CGtPS2LibNet,SuspendSocket(),GtPS2LibNet.cpp
001f00b0,368,CGtPS2LibNet,"ReceiveFrom(void**,int*,int*)",GtPS2LibNet.cpp
001f0220,548,CGtPS2LibNet,"SendTo(void*,int,int,int)",GtPS2LibNet.cpp
001f0450,32,CGtPS2LibNet,UpInterface(int),GtPS2LibNet.cpp
001f0470,476,CGtPS2LibNet,Update(int),GtPS2LibNet.cpp
001f0650,256,CGtPS2LibNet,Release(),GtPS2LibNet.cpp
001f0750,464,CGtPS2LibNet,Prepare(),GtPS2LibNet.cpp
001f0920,280,CGtPS2LibNet,Destruct(),GtPS2LibNet.cpp
001f0a40,384,CGtPS2LibNet,Construct(),GtPS2LibNet.cpp
001f0c70,72,CGtNetworkPlayer,GetRegisteredRecvMessage(int),GtNetworkPlayer.cpp
001f0cc0,72,CGtNetworkPlayer,GetRegisteredSendMessage(int),GtNetworkPlayer.cpp
001f0d10,8,CGtNetworkPlayer,RegisterMessages(),GtNetworkPlayer.cpp
001f0d20,580,CGtNetworkPlayer,ApplyNATData(const CGtNATData*),GtNetworkPlayer.cpp
001f0f70,8,CGtNetworkPlayer,GetPlayerID() const,GtNetworkPlayer.cpp
001f0f80,76,CGtNetworkPlayer,"UpdateSendMessageLength(int,int)",GtNetworkPlayer.cpp
001f0fd0,64,CGtNetworkPlayer,MessageTypeIsRegistered(int),GtNetworkPlayer.cpp
001f1010,424,CGtNetworkPlayer,UnRegisterMessageType(int),GtNetworkPlayer.cpp
001f11c0,216,CGtNetworkPlayer,"RegisterMessageType(int,int,CGtNetworkMessage*,CGtNetworkMessage*,void (*)(CGtNetworkMessage*, int, void*),vo",GtNetworkPlayer.cpp
001f12a0,160,CGtNetworkPlayer,ReceiveAckOrNack(CGtNetworkMessage*),GtNetworkPlayer.cpp
001f1340,264,CGtNetworkPlayer,"ReceiveMessage(CGtNetworkMessage*,int)",GtNetworkPlayer.cpp
001f1450,720,CGtNetworkPlayer,SendMessages(),GtNetworkPlayer.cpp
001f1720,8,CGtNetworkPlayer,Update(int),GtNetworkPlayer.cpp
001f1730,184,CGtNetworkPlayer,Release(),GtNetworkPlayer.cpp
001f17f0,212,CGtNetworkPlayer,"Prepare(const char*,int,CGtNetworkAdapter*,int,void*)",GtNetworkPlayer.cpp
001f18d0,12,CGtNetworkPlayer,Destruct(),GtNetworkPlayer.cpp
001f18e0,140,CGtNetworkPlayer,Construct(CGtNetworkPlayerManager*),GtNetworkPlayer.cpp
001f1970,1572,CGtNATDataManager,"PreparePortMap(CGtNetworkAdapter*,CGtNetworkPlayerManager*,float)",GtNATDataManager.cpp
001f1fa0,616,CGtNATDataManager,"UpdateProtoManglePlayer(CGtNatDataEntry*,float,int)",GtNATDataManager.cpp
001f2210,124,CGtNATDataManager,"WeAreReadyToApplyNATData(int,const CGtNATData*)",GtNATDataManager.cpp
001f2290,204,CGtNATDataManager,UnregisterPlayer(int),GtNATDataManager.cpp
001f2360,204,CGtNATDataManager,RegisterNewPlayer(int),GtNATDataManager.cpp
001f2430,60,CGtNATDataManager,GetEntry(int),GtNATDataManager.cpp
001f2470,1336,CGtNATDataManager,"FinaliseNATData(float,float,int,int,int,int*,int*)",GtNATDataManager.cpp
001f29b0,332,CGtNATDataManager,RegisterMessageTypes(int),GtNATDataManager.cpp
001f2b00,204,CGtNATDataManager,ResetFinaliseNATDataVariables(),GtNATDataManager.cpp
001f2bd0,156,CGtNATDataManager,"NATTestConnectionMessageDeliveredCallback(bool,CGtNetworkMessage*,void*)",GtNATDataManager.cpp
001f2c70,76,CGtNATDataManager,"NATTestConnectionMessageArrivedCallback(CGtNetworkMessage*,int,void*)",GtNATDataManager.cpp
001f2cc0,156,CGtNATDataManager,"NATProtoMangleTestConnectionMessageDeliveredCallback(bool,CGtNetworkMessage*,void*)",GtNATDataManager.cpp
001f2d60,76,CGtNATDataManager,"NATProtoMangleTestConnectionMessageArrivedCallback(CGtNetworkMessage*,int,void*)",GtNATDataManager.cpp
001f2db0,8,CGtNATDataManager,"NATFinaliseMessageArrivedCallback(CGtNetworkMessage*,int,void*)",GtNATDataManager.cpp
001f2dc0,1696,CGtNATDataManager,RemoveAPortMapping(int),GtNATDataManager.cpp
001f3460,2056,CGtNATDataManager,"SetUpAPortMapping(int,int)",GtNATDataManager.cpp
001f3c70,2544,CGtNATDataManager,"GetPortMappingDetails(int,int*,int*,int*,int*)",GtNATDataManager.cpp
001f4660,2052,CGtNATDataManager,GetGatewayExternalAddress(),GtNATDataManager.cpp
001f4e70,3084,CGtNATDataManager,FindGatewayDevice(),GtNATDataManager.cpp
001f5a80,212,CGtNATDataManager,GetMyNATData(int),GtNATDataManager.cpp
001f5b60,268,CGtNATDataManager,Release(),GtNATDataManager.cpp
001f5c70,368,CGtNATDataManager,"Prepare(CGtNetworkAdapter*,CGtNetworkPlayerManager*,float)",GtNATDataManager.cpp
001f5de0,8,CGtNATDataManager,Destruct(),GtNATDataManager.cpp
001f5df0,360,CGtNATDataManager,Construct(),GtNATDataManager.cpp
001f6300,8,CGtNetworkPlayerManager,IsPlayerListValid(),GtNetworkPlayerManager.cpp
001f6310,8,CGtNetworkPlayerManager,GetHostPlayerID(),GtNetworkPlayerManager.cpp
001f6320,8,CGtNetworkPlayerManager,SetHostPlayerID(int),GtNetworkPlayerManager.cpp
001f6330,176,CGtNetworkPlayerManager,FinalisePlayerList(),GtNetworkPlayerManager.cpp
001f63e0,72,CGtNetworkPlayerManager,BeginPlayerList(),GtNetworkPlayerManager.cpp
001f6430,204,CGtNetworkPlayerManager,GetPlayerIndexByID(int),GtNetworkPlayerManager.cpp
001f6500,432,CGtNetworkPlayerManager,CheckForNack(CGtNetworkMessage*),GtNetworkPlayerManager.cpp
001f66b0,468,CGtNetworkPlayerManager,CheckForAck(CGtNetworkMessage*),GtNetworkPlayerManager.cpp
001f6890,396,CGtNetworkPlayerManager,MessageIsDuplicate(CGtNetworkMessage*),GtNetworkPlayerManager.cpp
001f6a20,276,CGtNetworkPlayerManager,"ThrowAwayMessage(CGtNetworkMessage*,int,int)",GtNetworkPlayerManager.cpp
001f6b40,276,CGtNetworkPlayerManager,"AcceptMessage(CGtNetworkMessage*,int,int)",GtNetworkPlayerManager.cpp
001f6c60,8,CGtNetworkPlayerManager,ResetFinaliseNATDataVariables(),GtNetworkPlayerManager.cpp
001f6c70,472,CGtNetworkPlayerManager,"FinaliseNATData(float,float,int)",GtNetworkPlayerManager.cpp
001f6e50,400,CGtNetworkPlayerManager,"AddBufferedReliableMessage(int,CGtNetworkMessage*,int)",GtNetworkPlayerManager.cpp
001f6fe0,884,CGtNetworkPlayerManager,ReceiveMessages(),GtNetworkPlayerManager.cpp
001f7360,316,CGtNetworkPlayerManager,GetNextNetworkPlayerByID(int) const,GtNetworkPlayerManager.cpp
001f74a0,308,CGtNetworkPlayerManager,GetPreviousNetworkPlayerByID(int) const,GtNetworkPlayerManager.cpp
001f75e0,288,CGtNetworkPlayerManager,"PlayerIsANextPlayer(int,int) const",GtNetworkPlayerManager.cpp
001f7700,16,CGtNetworkPlayerManager,GetPlayer(int) const,GtNetworkPlayerManager.cpp
001f7710,156,CGtNetworkPlayerManager,GetPlayerByID(int) const,GtNetworkPlayerManager.cpp
001f77b0,8,CGtNetworkPlayerManager,SetMyPlayerID(int),GtNetworkPlayerManager.cpp
001f77c0,8,CGtNetworkPlayerManager,GetMyPlayerID() const,GtNetworkPlayerManager.cpp
001f77d0,16,CGtNetworkPlayerManager,SetMyPlayerIndex(int),GtNetworkPlayerManager.cpp
001f77e0,56,CGtNetworkPlayerManager,GetMyPlayerIndex() const,GtNetworkPlayerManager.cpp
001f7820,324,CGtNetworkPlayerManager,"RegisterPlayer(const char*,int,int,void*)",GtNetworkPlayerManager.cpp
001f7970,180,CGtNetworkPlayerManager,ClearAllPlayers(),GtNetworkPlayerManager.cpp
001f7a30,336,CGtNetworkPlayerManager,SetGameID(int),GtNetworkPlayerManager.cpp
001f7b80,140,CGtNetworkPlayerManager,PostUpdate(int),GtNetworkPlayerManager.cpp
001f7c10,60,CGtNetworkPlayerManager,Update(int),GtNetworkPlayerManager.cpp
001f7c50,84,CGtNetworkPlayerManager,Release(),GtNetworkPlayerManager.cpp
001f7cb0,440,CGtNetworkPlayerManager,"Prepare(CGtNetworkAdapter*,void (*)(int, int, int),float)",GtNetworkPlayerManager.cpp
001f7e70,120,CGtNetworkPlayerManager,Destruct(),GtNetworkPlayerManager.cpp
001f7ef0,384,CGtNetworkPlayerManager,"Construct(CGtNetworkPlayer**,int,unsigned char*,int,int)",GtNetworkPlayerManager.cpp
001f8090,64,CGtThreadMgr,SleepThread(int),GtThreadMgrPS2.cpp
001f8160,204,CGtThreadMgr,SleepThreadTillVBlank(),GtThreadMgrPS2.cpp
001f8230,108,CGtThreadMgr,EnableVBlankWait(),GtThreadMgrPS2.cpp
001f82a0,120,CGtThreadMgr,"CreateThread(int (*)(void*),void*,int,CGtThreadMgr::EThreadPriorities)",GtThreadMgrPS2.cpp
001f8320,8,CGtThreadMgr,Open(),GtThreadMgrPS2.cpp
001fc000,20,CB3NetworkPlayer,GetTimeSinceLastPacketArrived() const,B3NetworkPlayer.cpp
001fc020,532,CB3NetworkPlayer,DealWithShuntsAndSlams(CUpdateMessageParams*),B3NetworkPlayer.cpp
001fc240,368,CB3NetworkPlayer,IsAllNATDataFinalised(),B3NetworkPlayer.cpp
001fc3b0,384,CB3NetworkPlayer,SendDetailsOfNATFinalisedStatus(),B3NetworkPlayer.cpp
001fc530,8,CB3NetworkPlayer,GetName() const,B3NetworkPlayer.cpp
001fc540,48,CB3NetworkPlayer,RecvReplay(),B3NetworkPlayer.cpp
001fc570,364,CB3NetworkPlayer,"SendReplay(CB3ReplayFileHeader*,unsigned char*)",B3NetworkPlayer.cpp
001fc6e0,56,CB3NetworkPlayer,Destruct(),B3NetworkPlayer.cpp
001fc720,8,CB3NetworkPlayer,Release(),B3NetworkPlayer.cpp
001fc730,924,CB3NetworkPlayer,PostUpdate(),B3NetworkPlayer.cpp
001fcad0,352,CB3NetworkPlayer,IsOurTurnToSend(int*),B3NetworkPlayer.cpp
001fcc30,600,CB3NetworkPlayer,BandwidthIsAvailableForCrashingTraffic(),B3NetworkPlayer.cpp
001fce90,1176,CB3NetworkPlayer,Update(),B3NetworkPlayer.cpp
001fd330,3304,CB3NetworkPlayer,StickValuesIntoCrashingTrafficPhysics(),B3NetworkPlayer.cpp
001fe020,4012,CB3NetworkPlayer,"ApplyTrafficCarData(CB3NetworkRaceUpdateMessage*,int)",B3NetworkPlayer.cpp
001feff0,704,CB3NetworkPlayer,"ApplyRaceCarDataReadyForPredictiveApplication(unsigned short,const CB3NetworkRaceUpdateMessage*)",B3NetworkPlayer.cpp
001ff2b0,424,CB3NetworkPlayer,"ApplyNetworkCarData(CB3NetworkRaceUpdateMessage*,const GtMathPs2::CGtMatrix3x4&,int)",B3NetworkPlayer.cpp
001ff460,676,CB3NetworkPlayer,RetrieveMessage(unsigned short),B3NetworkPlayer.cpp
001ff710,600,CB3NetworkPlayer,RegisterMessages(),B3NetworkPlayer.cpp
001ff970,972,CB3NetworkPlayer,CheckForNewMessages(unsigned short),B3NetworkPlayer.cpp
001ffd40,308,CB3NetworkPlayer,"UpdateLatency(unsigned short,unsigned short)",B3NetworkPlayer.cpp
001ffe80,424,CB3NetworkPlayer,UpdatePing(),B3NetworkPlayer.cpp
00200030,12,CB3NetworkPlayer,SetSendFrequency(),B3NetworkPlayer.cpp
00200040,196,CB3NetworkPlayer,"Prepare(const char*,int,CGtNetworkAdapter*,int,void*)",B3NetworkPlayer.cpp
00200110,544,CB3NetworkPlayer,PrepareForGameStart(),B3NetworkPlayer.cpp
00200330,104,CB3NetworkPlayer,OnGameStart(),B3NetworkPlayer.cpp
002003a0,252,CB3NetworkPlayer,"Construct(CGtNetworkPlayerManager*,CGtNetworkHeadset*)",B3NetworkPlayer.cpp
00201190,184,CGtSyncTimeClient,"TimeIsSynchronised(float,int)",GtSyncTimeClient.cpp
00201250,536,CGtSyncTimeClient,"Update(unsigned short,float*)",GtSyncTimeClient.cpp
00201470,76,CGtSyncTimeClient,Release(),GtSyncTimeClient.cpp
002014c0,172,CGtSyncTimeClient,Prepare(),GtSyncTimeClient.cpp
00201570,8,CGtSyncTimeClient,Construct(CGtNetworkPlayerManager*),GtSyncTimeClient.cpp
00201580,252,CGtSyncTimeHost,"Update(int,float,bool)",GtSyncTimeHost.cpp
00201680,132,CGtSyncTimeHost,Release(),GtSyncTimeHost.cpp
00201710,132,CGtSyncTimeHost,Prepare(),GtSyncTimeHost.cpp
002017a0,124,CGtSyncTimeHost,"Construct(CGtSyncTime*,int,CGtNetworkPlayerManager*)",GtSyncTimeHost.cpp
00201820,32,CGtSyncTime,GetSyncTimeMessageReceived(),GtSyncTime.cpp
00201840,132,CGtSyncTime,"PrepareSyncTimeMessageToSend(int,float,float)",GtSyncTime.cpp
002018d0,64,CGtSyncTime,Release(CGtNetworkPlayer*),GtSyncTime.cpp
00201910,108,CGtSyncTime,Prepare(CGtNetworkPlayer*),GtSyncTime.cpp
00201980,48,CGtSyncTime,Construct(CGtNetworkPlayerManager*),GtSyncTime.cpp
002019b0,44,CGtSyncTimeMessage,Construct(),GtSyncTimeMessage.cpp
002019e0,52,CB3Fog,"CalculateClipPlanes(float*,float*,float)",B3FogPS2.cpp
00201a20,160,CB3Fog,RestoreRenderstates(const CB3CameraData*),B3FogPS2.cpp
00201ac0,104,CB3Fog,SetRenderstates(),B3FogPS2.cpp
00201b30,924,CB3Fog,"RenderIndexedFog(GtMathPs2::CGtV3d,unsigned int,unsigned int,unsigned int,unsigned int,unsigned int,unsigned int,unsign",B3FogPS2.cpp
00201ed0,768,CB3Fog,"GenerateClut(float,float)",B3FogPS2.cpp
002021d0,724,CB3Fog,"ZGreen2FBAlpha(unsigned int,unsigned int,unsigned int,unsigned int,unsigned int,unsigned int,unsigned int)",B3FogPS2.cpp
002024b0,504,CB3Fog,"Render(GtMathPs2::CGtV3d,float,float)",B3FogPS2.cpp
0020bb30,36,CB3SunRenderer,RenderEnvmap(),B3SunRendererPS2.cpp
0020bb60,848,CB3SunRenderer,RenderEnvmapBlob(),B3SunRendererPS2.cpp
0020beb0,764,CB3SunRenderer,RenderEnvmapCorona(),B3SunRendererPS2.cpp
0020c1b0,1392,CB3SunRenderer,PrepareEnvmapSunCoronaData(),B3SunRendererPS2.cpp
0020c720,2168,CB3SunRenderer,RenderCorona(),B3SunRendererPS2.cpp
0020cfa0,1540,CB3SunRenderer,OcclusionTest(),B3SunRendererPS2.cpp
0020d5b0,792,CB3SunRenderer,RenderBlob(),B3SunRendererPS2.cpp
0020d8d0,592,CB3SunRenderer,"SetupCamera(GtMathPs2::CGtV3d,GtMathPs2::CGtV4d,float,float)",B3SunRendererPS2.cpp
0020db20,44,CB3SunRenderer,Release(),B3SunRendererPS2.cpp
0020db50,240,CB3SunRenderer,"Prepare(CGtTexture*,CGtTexture*,CGtTexture*)",B3SunRendererPS2.cpp
0020dc40,12,CB3SunRenderer,Destruct(),B3SunRendererPS2.cpp
0020dc50,12,CB3SunRenderer,Construct(),B3SunRendererPS2.cpp
0020dc60,8,GtMathPs2,CGtV2d::CGtV2d(),B3SunRendererPS2.cpp
0020dc70,72,CB3CarViewerGameMode,Release(),B3CarViewerGameMode.cpp
0020dcc0,1108,CB3CarViewerGameMode,Render(),B3CarViewerGameMode.cpp
0020e120,292,CB3CarViewerGameMode,"SetArrowVertices(CB3Im3dVertex*,GtMathPs2::CGtV3d,GtMathPs2::CGtV3d,GtMathPs2::CGtV3d,GtMathPs2::CGtV3d,G",B3CarViewerGameMode.cpp
0020e250,8036,CB3CarViewerGameMode,Update(),B3CarViewerGameMode.cpp
002101c0,444,CB3CarViewerGameMode,"UpdateHinges(CB3VehicleEssentialParams*,CB3VehicleParams*)",B3CarViewerGameMode.cpp
00210380,368,CB3CarViewerGameMode,Prepare(),B3CarViewerGameMode.cpp
002104f0,60,CB3CarViewerGameMode,Construct(),B3CarViewerGameMode.cpp
00210530,160,GtComms,CGtCommsDatabaseGame::CheckFileValid(const char*),GtCommsDatabaseGame.cpp
002105d0,284,GtComms,CGtCommsDatabaseGame::InitialiseDefaultValues(),GtCommsDatabaseGame.cpp
002106f0,320,GtComms,CGtCommsDatabaseGame::SetDefaultElementValue(GtComms::CGtCommsDatabaseEntry*),GtCommsDatabaseGame.cpp
00210830,8,GtComms,CGtCommsDatabaseGame::RemoveEntryCore(GtComms::CGtCommsDatabaseEntry*),GtCommsDatabaseGame.cpp
00210840,8,GtComms,CGtCommsDatabaseGame::TransmitElement(GtComms::CGtCommsDatabaseEntry*),GtCommsDatabaseGame.cpp
00210850,56,GtComms,CGtCommsDatabaseGame::Construct(),GtCommsDatabaseGame.cpp
00210890,40,CB3TrafficPhysics,StopCrashing(),B3TrafficPhysics.cpp
002108c0,8,CB3TrafficPhysics,Destruct(),B3TrafficPhysics.cpp
002108d0,52,CB3TrafficPhysics,Release(),B3TrafficPhysics.cpp
00210910,2408,CB3TrafficPhysics,Update(float),B3TrafficPhysics.cpp
00211280,760,CB3TrafficPhysics,"Prepare(CB3TrafficVehicle*,int)",B3TrafficPhysics.cpp
00211580,112,CB3TrafficPhysics,Prepare(),B3TrafficPhysics.cpp
002115f0,44,CB3TrafficPhysics,Construct(),B3TrafficPhysics.cpp
00211620,8,CGtNetworkConditions,SendDelayedMessages(int),GtNetworkConditions.cpp
00211630,8,CGtNetworkConditions,"FakeNetworkConditionsWillDealWithThisPacket(unsigned char*,int,int,int,int)",GtNetworkConditions.cpp
00211640,8,CGtNetworkConditions,"Construct(CGtNetworkAdapter*,int)",GtNetworkConditions.cpp
00211650,208,CGtTexture,FixUp(),GtTexturePS2.cpp
00211720,216,CGtTexture,FixDown(),GtTexturePS2.cpp
00211800,52,CGtTexture,AttachPlugins(),GtTexturePS2.cpp
00211840,120,CGtTexture,CreateCopy(unsigned int),GtTexturePS2.cpp
002118c0,184,CB3StreamedTrack,TestPosition(GtMathPs2::CGtV3d),B3StreamedTrackCollisionPS2.cpp
00211980,60,CB3Viewport,Update(),B3Viewport.cpp
002119c0,44,CB3Viewport,"Construct(int,int,int)",B3Viewport.cpp
002119f0,96,CB3TrackList,GetTrackRegion(unsigned long),B3DataLists.cpp
00211a50,56,CB3TrackList,GetTrackIndexFromID(unsigned long),B3DataLists.cpp
00211a90,140,CB3TrackList,IsTrackRightHandDrive(unsigned long),B3DataLists.cpp
00211b20,72,CB3TrackList,IsTrackPointToPoint(unsigned long),B3DataLists.cpp
00211b70,44,CB3TrackList,IsTrackMarathon(unsigned long),B3DataLists.cpp
00211ba0,176,CB3TrackList,"CreateTrackPathFromIndex(int,char*,int)",B3DataLists.cpp
00211c50,168,CB3TrackList,"CreateTrackPathFromID(unsigned long,char*,int)",B3DataLists.cpp
00211d00,264,CB3VehicleList,Sort(),B3DataLists.cpp
00211e10,360,CB3VehicleList,"CompareEntries(int,int)",B3DataLists.cpp
00211f80,144,CB3VehicleList,GetCarCount(EB3MenuCarClasses),B3DataLists.cpp
00212010,164,CB3VehicleList,"GetCarID(EB3MenuCarClasses,int)",B3DataLists.cpp
002120c0,324,CB3VehicleList,GetClassFromID(unsigned long),B3DataLists.cpp
00212210,68,CB3TrackList,DoesTrackExist(unsigned long),B3DataLists.cpp
00212260,56,CB3VehicleList,GetVehicleIndexFromID(unsigned long),B3DataLists.cpp
002122a0,68,CB3VehicleList,GetVehicleBoostBarSize(unsigned long),B3DataLists.cpp
002122f0,72,CB3VehicleList,IsVehicleDriveable(unsigned long),B3DataLists.cpp
00212340,180,CB3VehicleList,"CreateVehiclePathFromIndex(int,char*,int)",B3DataLists.cpp
00212400,56,CB3VehicleList,DoesVehicleExist(unsigned long),B3DataLists.cpp
00212440,168,CB3VehiclePhysicsAttribs,CopyToPhysics(CB3VehiclePhysics*),B3VehiclePhysicsAttribs.cpp
002124f0,800,CB3VehiclePhysicsAttribs,Register(unsigned long),B3VehiclePhysicsAttribs.cpp
00212810,8,CB3VehiclePhysicsAttribs,Destruct(),B3VehiclePhysicsAttribs.cpp
00212820,176,CB3VehiclePhysicsAttribs,Release(),B3VehiclePhysicsAttribs.cpp
002128d0,80,CB3VehiclePhysicsAttribs,Construct(),B3VehiclePhysicsAttribs.cpp
00212920,688,CB3RaceCarPhysicsAttribs,CopyToPhysics(CB3VehiclePhysics*),B3RaceCarPhysicsAttribs.cpp
00212bd0,12,CB3Transmission,RPMToRadPerSec(float),B3RaceCarPhysicsAttribs.cpp
00212be0,1056,CB3RaceCarPhysicsAttribs,Unregister(),B3RaceCarPhysicsAttribs.cpp
00213000,5212,CB3RaceCarPhysicsAttribs,Register(CB3VehiclePhysics*),B3RaceCarPhysicsAttribs.cpp
00214460,8,CB3RaceCarPhysicsAttribs,Destruct(),B3RaceCarPhysicsAttribs.cpp
00214470,8,CB3RaceCarPhysicsAttribs,Release(),B3RaceCarPhysicsAttribs.cpp
00214480,64,CB3RaceCarPhysicsAttribs,Prepare(CB3VehiclePhysics*),B3RaceCarPhysicsAttribs.cpp
002144c0,604,CB3RaceCarPhysicsAttribs,Construct(),B3RaceCarPhysicsAttribs.cpp
00214720,564,CB3ParticleRenderer,DispatchArray(CB3ParticleRenderer::CB3ParticleRendererEntry*),B3ParticleRendererPS2.cpp
00214960,996,CB3ParticleRenderer,EndRender(),B3ParticleRendererPS2.cpp
00214d50,192,CB3ParticleRenderer,RenderParticleArray(CB3ParticleArray*),B3ParticleRendererPS2.cpp
00214e10,16,CB3ParticleRenderer,BeginRender(bool),B3ParticleRendererPS2.cpp
00214e20,8,CB3ParticleRenderer,Destruct(),B3ParticleRendererPS2.cpp
00214e30,8,CB3ParticleRenderer,Construct(),B3ParticleRendererPS2.cpp
00214e40,776,CB3ParticleArray,"SpawnParticle(GtMathPs2::CGtV3d,GtMathPs2::CGtV3d,float,float,float,float,float,float,bool,bool)",B3ParticleRendererPS2.cpp
00215150,168,CB3ParticleArray,"EndUpdate(float,const GtMathPs2::CGtV2d&)",B3ParticleRendererPS2.cpp
00215200,8,CB3ParticleArray,BeginUpdate(float),B3ParticleRendererPS2.cpp
00215210,448,CB3ParticleArray,"SetLighting(GtMathPs2::CGtV4d,GtMathPs2::CGtV3d)",B3ParticleRendererPS2.cpp
002153d0,8,CB3ParticleArray,Release(),B3ParticleRendererPS2.cpp
002153e0,776,CB3ParticleArray,Prepare(),B3ParticleRendererPS2.cpp
002156f0,8,CB3ParticleArray,Destruct(),B3ParticleRendererPS2.cpp
00215700,1180,CB3ParticleArray,Construct(EParticleArrayID),B3ParticleRendererPS2.cpp
00215ba0,424,CB3ParticleArray,"CB3ParticleBank::Update(CB3ParticleArray*,float,float)",B3ParticleRendererPS2.cpp
00215d50,932,CB3ParticleArray,CB3ParticleBank::Construct(unsigned int),B3ParticleRendererPS2.cpp
00216100,1736,CB3EffectsManager,"DoCrazySparksWithWorld(CB3CollidingBody*,const CB3SparkSpawnParams*)",B3EffectsManager.cpp
002167d0,2412,CB3EffectsManager,"RenderLightCoronas(const CB3VehicleEssentialParams&,bool)",B3EffectsManager.cpp
00217140,164,CB3EffectsManager,"AddTrafficCorona(GtMathPs2::CGtV3d,GtMathPs2::CGtV3d,GtMathPs2::CGtV3d,GtMathPs2::CGtV3d,float)",B3EffectsManager.cpp
002171f0,516,CB3EffectsManager,"RenderCoronaType(const CB3VehicleEssentialParams&,EB3VehicleTags,GtMathPs2::CGtV3d,GtMathPs2::CGtV3d,GtMathP",B3EffectsManager.cpp
00217400,940,CB3EffectsManager,RenderRaceCarBoostEffect(CB3RaceCar*),B3EffectsManager.cpp
002177b0,1860,CB3EffectsManager,DoPickupEffect(const CB3CrashPickup*),B3EffectsManager.cpp
00217f00,404,CB3EffectsManager,"UpdateVehicleFireTrail(CB3VehiclePhysics*,const CB3EffectsManager::CLighting&)",B3EffectsManager.cpp
002180a0,440,CB3EffectsManager,UpdateBodyPartDustTrail(CB3BodyPartPhysics*),B3EffectsManager.cpp
00218260,272,CB3EffectsManager,"UpdatePropWorldCollisionEffects(CB3CollidingBody*,EB3PropType)",B3EffectsManager.cpp
00218370,1204,CB3EffectsManager,"UpdateBodyPartWorldCollisionEffects(CB3TrailEmitterData*,CB3CollidingBody*)",B3EffectsManager.cpp
00218830,4120,CB3EffectsManager,UpdateTrafficWorldCollisionEffects(CB3VehiclePhysics*),B3EffectsManager.cpp
00219850,5820,CB3EffectsManager,"UpdateRaceCarWorldCollisionEffects(CB3RaceCarPhysics*,bool)",B3EffectsManager.cpp
0021af10,2784,CB3EffectsManager,"HandleAirRamEffects(CB3VehiclePhysics*,CB3EffectsManager::CLighting)",B3EffectsManager.cpp
0021b9f0,1440,CB3EffectsManager,"HandleRaceCarTrafficCollisionEffects(CB3RaceCarPhysics*,CB3ActiveBody*,const CB3CollidingPair*)",B3EffectsManager.cpp
0021bf90,1460,CB3EffectsManager,"HandleRaceCarRaceCarCollisionEffects(CB3RaceCarPhysics*,CB3RaceCarPhysics*,const CB3CollidingPair*)",B3EffectsManager.cpp
0021c550,1600,CB3EffectsManager,HandleObjectObjectCollisionEffects(const CB3CollidingPair*),B3EffectsManager.cpp
0021cb90,664,CB3EffectsManager,UpdateCollisionEffects(),B3EffectsManager.cpp
0021ce30,3328,CB3EffectsManager,"SpawnDebrisFromPoint(GtMathPs2::CGtV3d,GtMathPs2::CGtV3d,GtMathPs2::CGtV3d,GtMathPs2::CGtV3d,float,float,con",B3EffectsManager.cpp
0021db30,2260,CB3EffectsManager,"SpawnPopcornFromPoint(GtMathPs2::CGtV3d,GtMathPs2::CGtV3d,GtMathPs2::CGtV3d,GtMathPs2::CGtV3d*,GtMathPs2::CG",B3EffectsManager.cpp
0021e410,2220,CB3EffectsManager,"SpawnSparksAlongLine(GtMathPs2::CGtV3d,GtMathPs2::CGtV3d,GtMathPs2::CGtV3d,float,float,bool)",B3EffectsManager.cpp
0021ecc0,2284,CB3EffectsManager,"SpawnSparksFromPoint(GtMathPs2::CGtV3d,GtMathPs2::CGtV3d,GtMathPs2::CGtV3d,GtMathPs2::CGtV3d,float,float,boo",B3EffectsManager.cpp
0021f5b0,2700,CB3EffectsManager,"SpawnParticleShowerFromPoint(GtMathPs2::CGtV3d,GtMathPs2::CGtV3d,GtMathPs2::CGtV3d,EParticleSpawnType,float,",B3EffectsManager.cpp
00220040,2824,CB3EffectsManager,"SpawnParticlesFromPoint(GtMathPs2::CGtV3d,GtMathPs2::CGtV3d,GtMathPs2::CGtV3d,EParticleSpawnType,float,const",B3EffectsManager.cpp
00220b50,4036,CB3EffectsManager,"SpawnParticlesAlongLine(GtMathPs2::CGtV3d,GtMathPs2::CGtV3d,GtMathPs2::CGtV3d,EParticleSpawnType,float,float",B3EffectsManager.cpp
00221b20,520,CB3EffectsManager,"UpdateCrashingVehicleEffectsPoints(CB3VehiclePhysics*,const CB3EffectsManager::CLighting&)",B3EffectsManager.cpp
00221d30,396,CB3EffectsManager,"DoVehicleFire(CB3VehiclePhysics*,float,const CB3EffectsManager::CLighting&)",B3EffectsManager.cpp
00221ec0,372,CB3EffectsManager,"DoVehicleSteam(CB3VehiclePhysics*,float,const CB3EffectsManager::CLighting&)",B3EffectsManager.cpp
00222040,912,CB3EffectsManager,"DoVehicleGlass(CB3VehiclePhysics*,const CB3EffectsManager::CLighting&)",B3EffectsManager.cpp
002223d0,468,CB3EffectsManager,"UpdateExhaustSmoke(CB3RaceCar*,const CB3EffectsManager::CLighting&)",B3EffectsManager.cpp
002225b0,2460,CB3EffectsManager,"UpdateWheelEffects(CB3VehiclePhysics*,unsigned int,const GtMathPs2::CGtMatrix3x4*,const CB3EffectsManager::C",B3EffectsManager.cpp
00222f50,372,CB3EffectsManager,UpdateCrashingTrafficEffects(CB3VehiclePhysics*),B3EffectsManager.cpp
002230d0,728,CB3EffectsManager,UpdateRaceCarEffects(CB3RaceCarPhysics*),B3EffectsManager.cpp
002233b0,1484,CB3EffectsManager,"HandleBattleSparks(CB3RaceCarPhysics*,float)",B3EffectsManager.cpp
00223980,1416,CB3EffectsManager,"HandleBattleSmoke(CB3RaceCarPhysics*,float)",B3EffectsManager.cpp
00223f10,472,CB3EffectsManager,RenderPostFogEffects(int),B3EffectsManager.cpp
002240f0,212,CB3EffectsManager,RenderPreFogEffects(int),B3EffectsManager.cpp
002241d0,56,CB3EffectsManager,RenderTrafficImmediateEffects(CB3TrafficVehicle*),B3EffectsManager.cpp
00224210,72,CB3EffectsManager,ActuallyRenderRaceCarImmediateEffects(CB3RaceCar*),B3EffectsManager.cpp
00224260,88,CB3EffectsManager,EndCoronaSubmit(),B3EffectsManager.cpp
002242c0,104,CB3EffectsManager,BeginCoronaSubmit(int),B3EffectsManager.cpp
00224330,296,CB3EffectsManager,EndUpdate(),B3EffectsManager.cpp
00224460,312,CB3EffectsManager,BeginUpdate(),B3EffectsManager.cpp
002245a0,260,CB3EffectsManager,Release(),B3EffectsManager.cpp
002246b0,952,CB3EffectsManager,Prepare(),B3EffectsManager.cpp
00224a70,340,CB3EffectsManager,Destruct(),B3EffectsManager.cpp
00224bd0,1048,CB3EffectsManager,Construct(),B3EffectsManager.cpp
00224ff0,44,CB3EffectsManager,"Alloc(unsigned int,unsigned int)",B3EffectsManager.cpp
00225020,548,CB3SparkRenderer,"CSparkFrameData::Set(const CB3CameraData*,float)",B3SparkRendererPS2.cpp
00225250,68,CB3SparkRenderer,RestoreRenderstates(),B3SparkRendererPS2.cpp
002252a0,120,CB3SparkRenderer,SetRenderstates(),B3SparkRendererPS2.cpp
00225320,652,CB3SparkRenderer,"UploadStaticDataAndCallCode(const CB3SparkArray*,bool)",B3SparkRendererPS2.cpp
002255b0,304,CB3SparkRenderer,EndRender(),B3SparkRendererPS2.cpp
002256e0,196,CB3SparkRenderer,RenderSparkArray(CB3SparkArray*),B3SparkRendererPS2.cpp
002257b0,704,CB3SparkRenderer,"BeginRender(int,bool)",B3SparkRendererPS2.cpp
00225a70,120,CB3SparkRenderer,Prepare(),B3SparkRendererPS2.cpp
00225af0,8,CB3SparkRenderer,Destruct(),B3SparkRendererPS2.cpp
00225b00,40,CB3SparkRenderer,Construct(),B3SparkRendererPS2.cpp
00225b30,572,CB3SparkArray,"SpawnBouncySpark(GtMathPs2::CGtV3d,GtMathPs2::CGtV3d,float,float,bool)",B3SparkRendererPS2.cpp
00225d70,8,CB3SparkArray,Release(),B3SparkRendererPS2.cpp
00225d80,176,CB3SparkArray,Prepare(),B3SparkRendererPS2.cpp
00225e30,8,CB3SparkArray,Destruct(),B3SparkRendererPS2.cpp
00225e40,152,CB3SparkArray,Construct(ESparkArrayID),B3SparkRendererPS2.cpp
00225ee0,140,CB3SparkArray,CSparkBank::Prepare(),B3SparkRendererPS2.cpp
00225f70,1940,CB3SparkArray,"CSparkBank::Construct(const CB3SparkArrayParams*,bool)",B3SparkRendererPS2.cpp
00226710,8,CB3SparkRenderer,CSparkFrameData::CSparkFrameData(),B3SparkRendererPS2.cpp
00226720,168,CB3Bloom,RestoreRenderstates(unsigned long),B3BloomPS2.cpp
002267d0,592,CB3Bloom,"CopyToScreen(unsigned int,unsigned int,unsigned int,unsigned int,unsigned int,unsigned int,unsigned int,unsigned int)",B3BloomPS2.cpp
00226a20,556,CB3Bloom,"Blend(unsigned int,unsigned int,unsigned int,unsigned int,unsigned int,unsigned int,bool,bool)",B3BloomPS2.cpp
00226c50,840,CB3Bloom,"Blur(unsigned int,unsigned int,unsigned int,unsigned int)",B3BloomPS2.cpp
00226fa0,492,CB3Bloom,"SecondDownsample(unsigned int,unsigned int,unsigned int,unsigned int,unsigned int,unsigned int)",B3BloomPS2.cpp
00227190,1412,CB3Bloom,"FirstDownsample(unsigned int,unsigned int,unsigned int,unsigned int,unsigned int,unsigned int,unsigned int,unsigned i",B3BloomPS2.cpp
00227720,108,CB3Bloom,SetRenderstates(),B3BloomPS2.cpp
00227790,624,CB3Bloom,"Render(bool,bool)",B3BloomPS2.cpp
00227a00,8,CB3Bloom,Prepare(),B3BloomPS2.cpp
00227a10,24,CB3Bloom,Construct(),B3BloomPS2.cpp
00227a30,28,CB3TrafficLight,UseNewTimingsData(float),B3TrafficLight.cpp
00227a50,868,CB3TrafficLight,StopCars(),B3TrafficLight.cpp
00227dc0,584,CB3TrafficLight,Update(float),B3TrafficLight.cpp
00228010,72,CB3TrafficLight,Prepare(CB3TrafficLightPositionStruct*),B3TrafficLight.cpp
00228060,48,CB3TrafficValve,ResetCrashmodeData(),B3TrafficValve.cpp
00228090,364,CB3TrafficValve,RolloutCrashTraffic(int),B3TrafficValve.cpp
00228200,80,CB3TrafficValve,RolloutCrashTraffic(),B3TrafficValve.cpp
00228250,644,CB3TrafficValve,ApplyNewFormation(int),B3TrafficValve.cpp
002284e0,152,CB3TrafficValve,"GetFormationAfterLaneChange(bool,unsigned char,int,unsigned char*)",B3TrafficValve.cpp
00228580,32,CB3TrafficValve,"GetSpeedAfterLaneChange(bool,int,int)",B3TrafficValve.cpp
002285a0,708,CB3TrafficValve,"GetLaneChanges(bool*,ETrafficVehicleCategories,int,float*)",B3TrafficValve.cpp
00228870,2632,CB3TrafficValve,"FillLaneSection(int,int,int,int,CB3StartFinishLine*,int,bool)",B3TrafficValve.cpp
002292c0,284,CB3TrafficValve,"GenerateInitialTraffic(CB3StartFinishLine*,int)",B3TrafficValve.cpp
002293e0,464,CB3TrafficValve,GetRandomVehicleID(ETrafficVehicleCategories),B3TrafficValve.cpp
002295b0,108,CB3TrafficValve,Release(),B3TrafficValve.cpp
00229620,1880,CB3TrafficValve,"UpdateGeneration(int,int,unsigned short,float)",B3TrafficValve.cpp
00229d80,964,CB3TrafficValve,"Update(int,unsigned short,float,bool,bool)",B3TrafficValve.cpp
0022a150,532,CB3TrafficValve,"PrepareGenerationTimes(float,bool)",B3TrafficValve.cpp
0022a370,280,CB3TrafficValve,Prepare(CB3TrafficValvePositionStruct*),B3TrafficValve.cpp
0022a490,104,CB3TrafficValve,Construct(),B3TrafficValve.cpp
0022a500,104,CB3NetworkCarPhysics,SetUpCollisionBools(),B3NetworkCarPhysics.cpp
0022a570,92,CB3NetworkCarPhysics,HideUnderRoad(),B3NetworkCarPhysics.cpp
0022a5d0,440,CB3NetworkCarPhysics,GetDrivingControls(),B3NetworkCarPhysics.cpp
0022a790,8,CB3NetworkCarPhysics,Destruct(),B3NetworkCarPhysics.cpp
0022a7a0,8,CB3NetworkCarPhysics,Release(),B3NetworkCarPhysics.cpp
0022a7b0,6016,CB3NetworkCarPhysics,Update(float),B3NetworkCarPhysics.cpp
0022bf30,264,CB3NetworkCarPhysics,WeWantToDoPhysics(),B3NetworkCarPhysics.cpp
0022c040,60,CB3NetworkCarPhysics,Prepare(CB3RaceCar*),B3NetworkCarPhysics.cpp
0022c080,44,CB3NetworkCarPhysics,Construct(),B3NetworkCarPhysics.cpp
0022c0b0,344,CB3TriggerStruct,Fixup(unsigned int),B3TriggerStruct.cpp
0022c210,52,CB3TrafficLightPositionStruct,Fixup(unsigned int),B3TrafficLightStruct.cpp
0022c250,40,CB3FormationBehaviourStruct,Fixup(unsigned int),B3TrafficValveStruct.cpp
0022c280,28,CB3TrafficValvePositionStruct,Fixup(unsigned int),B3TrafficValveStruct.cpp
0022c2a0,132,CB3TrafficLanesStruct,Fixup(unsigned int),B3TrafficLaneStruct.cpp
0022c330,444,CB3TrafficDataStruct,Fixup(unsigned int),B3TrafficDataStruct.cpp
0022c4f0,16,CB3TrackMaterial,Prepare(),B3TrackMaterialPS2.cpp
0022c500,80,CB3TrackMaterial,FixUp(),B3TrackMaterialPS2.cpp
0022c550,124,CB3TrackRenderer,EndInstanceRender(),B3TrackRendererRuntimePS2.cpp
0022c5d0,888,CB3TrackRenderer,FlushInstances(),B3TrackRendererRuntimePS2.cpp
0022c950,280,CB3TrackRenderer,"RenderInstances(signed char,const CB3InstanceData*)",B3TrackRendererRuntimePS2.cpp
0022ca70,204,CB3TrackRenderer,PushCameraForInstanceRendering(EB3RenderableCamera),B3TrackRendererRuntimePS2.cpp
0022cb40,1632,CB3TrackRenderer,"BeginInstanceRender(const CB3InstanceMesh*,const CGtAxisAlignedBox*,const CB3TrackMaterial&,float,float,EB3In",B3TrackRendererRuntimePS2.cpp
0022d1a0,564,CB3TrackRenderer,"RenderMesh(const CB3TrackMesh&,EB3TrackClipMode,bool)",B3TrackRendererRuntimePS2.cpp
0022d3e0,240,CB3TrackRendererSPRCache,Flush(),B3TrackRendererRuntimePS2.cpp
0022d4d0,64,CB3TrackRenderer,EndMaterial(),B3TrackRendererRuntimePS2.cpp
0022d510,1216,CB3TrackRenderer,ReallySetMaterial(),B3TrackRendererRuntimePS2.cpp
0022d9d0,112,CB3TrackRenderer,SetMaterial(const CB3TrackMaterial&),B3TrackRendererRuntimePS2.cpp
0022da40,300,CB3TrackRenderer,RestoreRenderStatesAfterRenderingTrack(),B3TrackRendererRuntimePS2.cpp
0022db70,288,CB3TrackRenderer,PrepareRenderStatesForRenderingTrack(),B3TrackRendererRuntimePS2.cpp
0022dc90,448,CB3TrackRenderer,ReallySetupCameraData(),B3TrackRendererRuntimePS2.cpp
0022de50,52,CB3TrackRenderer,Destruct(),B3TrackRendererRuntimePS2.cpp
0022de90,56,CB3TrackRenderer,Construct(),B3TrackRendererRuntimePS2.cpp
0022ded0,12,CB3NetworkRaceReadyMessage,Prepare(),B3NetworkRaceReadyMessage.cpp
0022dee0,8,CB3NetworkRaceReadyMessage,Construct(),B3NetworkRaceReadyMessage.cpp
0022def0,292,CB3TrafficSplitter,"GetLaneChanges(bool*,unsigned char*,ETrafficVehicleCategories,CB3TrafficParam*)",B3TrafficSplitter.cpp
0022e020,12,CB3TrafficSplitter,Prepare(CB3TrafficSplitterPositionStruct*),B3TrafficSplitter.cpp
0022e030,84,CB3NetworkManager,"ABecomesHostBeforeB(int,int)",B3NetworkManager.cpp
0022e090,292,CB3NetworkManager,HostMigrationEnterGame(),B3NetworkManager.cpp
0022e1c0,124,CB3NetworkManager,"_QSortCallback(const void*,const void*)",B3NetworkManager.cpp
0022e240,68,CB3NetworkManager,ShouldWeEncryptMessageContents(int),B3NetworkManager.cpp
0022e290,196,CB3NetworkManager,GetBuddyErrorString(EGtBuddyErrorCodes),B3NetworkManager.cpp
0022e360,548,CB3NetworkManager,GetDirtySockErrorString(int),B3NetworkManager.cpp
0022e590,532,CB3NetworkManager,GetErrorString(int),B3NetworkManager.cpp
0022e7b0,108,CB3NetworkManager,GetAdapterErrorString(int),B3NetworkManager.cpp
0022e820,228,CB3NetworkManager,ResetDNASStatus(),B3NetworkManager.cpp
0022e910,996,CB3NetworkManager,UpdateDNASStatus(),B3NetworkManager.cpp
0022ed00,232,CB3NetworkManager,TimeIsSynchronised(),B3NetworkManager.cpp
0022edf0,624,CB3NetworkManager,"ConnectionDropped(int,void*)",B3NetworkManager.cpp
0022f060,96,CB3NetworkManager,RegisterPlayerCarCrash(),B3NetworkManager.cpp
0022f0c0,84,CB3NetworkManager,GetEmptyPlayerRecord(),B3NetworkManager.cpp
0022f120,100,CB3NetworkManager,GetPlayerRecordByID(int),B3NetworkManager.cpp
0022f190,76,CB3NetworkManager,SetPlayerRecordsNotAdded(),B3NetworkManager.cpp
0022f1e0,276,CB3NetworkManager,OnGameStart(),B3NetworkManager.cpp
0022f300,492,CB3NetworkManager,PrepareForGameStart(),B3NetworkManager.cpp
0022f4f0,80,CB3NetworkManager,"GameModeStatusMessageDeliveredCallback(bool,CGtNetworkMessage*,void*)",B3NetworkManager.cpp
0022f540,104,CB3NetworkManager,"GameModeStatusMessageArrivedCallback(CGtNetworkMessage*,int,void*)",B3NetworkManager.cpp
0022f5b0,64,CB3NetworkManager,"NATDataMessageArrivedCallback(CGtNetworkMessage*,int,void*)",B3NetworkManager.cpp
0022f5f0,196,CB3NetworkManager,"ReplayBodyMessageDeliveredCallback(bool,CGtNetworkMessage*,void*)",B3NetworkManager.cpp
0022f6c0,44,CB3NetworkManager,"ReplayHeaderMessageDeliveredCallback(bool,CGtNetworkMessage*,void*)",B3NetworkManager.cpp
0022f6f0,128,CB3NetworkManager,"ReplayBodyMessageArrivedCallback(CGtNetworkMessage*,int,void*)",B3NetworkManager.cpp
0022f770,92,CB3NetworkManager,"ReplayHeaderMessageArrivedCallback(CGtNetworkMessage*,int,void*)",B3NetworkManager.cpp
0022f7d0,480,CB3NetworkManager,"StartCountdownMessageArrivedCallback(CGtNetworkMessage*,int,void*)",B3NetworkManager.cpp
0022f9b0,368,CB3NetworkManager,"RaceFinishedMessageArrivedCallback(CGtNetworkMessage*,int,void*)",B3NetworkManager.cpp
0022fb20,96,CB3NetworkManager,"RaceReadyMessageArrivedCallback(CGtNetworkMessage*,int,void*)",B3NetworkManager.cpp
0022fb80,128,CB3NetworkManager,RestNATStatusData(),B3NetworkManager.cpp
0022fc00,116,CB3NetworkManager,AllNATDataIsFinalised(),B3NetworkManager.cpp
0022fc80,224,CB3NetworkManager,FinaliseNATData(),B3NetworkManager.cpp
0022fd60,484,CB3NetworkManager,ProcessNATData(),B3NetworkManager.cpp
0022ff50,116,CB3NetworkManager,"PlayerBootedCallback(ELobbyKickReason,void*)",B3NetworkManager.cpp
0022ffd0,340,CB3NetworkManager,"PlayerListChangedCallback(int,void*)",B3NetworkManager.cpp
00230130,340,CB3NetworkManager,RebuildPlayerList(),B3NetworkManager.cpp
00230290,116,CB3NetworkManager,GetHostPlayer(),B3NetworkManager.cpp
00230310,172,CB3NetworkManager,AmIHost(),B3NetworkManager.cpp
002303c0,1012,CB3NetworkManager,"ForEachNetworkOpponent(char*,int,bool,int,int,int,char*,bool,void*)",B3NetworkManager.cpp
002307c0,136,CB3NetworkManager,BootNetGui(),B3NetworkManager.cpp
00230850,280,CB3NetworkManager,ResetNumFramesDropped(),B3NetworkManager.cpp
00230970,2292,CB3NetworkManager,UpdateHostKeepAlive(),B3NetworkManager.cpp
00231270,308,CB3NetworkManager,SyncTime(bool),B3NetworkManager.cpp
002313b0,448,CB3NetworkManager,PostPlayerRegPrepare(),B3NetworkManager.cpp
00231570,104,CB3NetworkManager,Destruct(),B3NetworkManager.cpp
002315e0,400,CB3NetworkManager,Release(),B3NetworkManager.cpp
00231770,144,CB3NetworkManager,PostUpdate(),B3NetworkManager.cpp
00231800,24,CB3NetworkManager,GetLobbyStatus(),B3NetworkManager.cpp
00231820,1352,CB3NetworkManager,Update(),B3NetworkManager.cpp
00231d70,548,CB3NetworkManager,Prepare(bool),B3NetworkManager.cpp
00231fa0,484,CB3NetworkManager,Construct(),B3NetworkManager.cpp
002321a0,132,CB3AILanesDataStruct,Fixup(),B3AILaneStruct.cpp
00232230,80,CGtArrayBase,FixUp(),GtArray.cpp
00232280,8,CB3Strings,GetString(int),B3Strings.cpp
00232290,8,CB3Strings,Destruct(),B3Strings.cpp
002322a0,36,CB3Strings,"Prepare(void*,const char*,int)",B3Strings.cpp
002322d0,8,CB3Strings,Construct(),B3Strings.cpp
00232300,4016,CB3AIAttribs,Register(),B3AIAttribs.cpp
002332b0,332,CB3SpatialTrigger,TestLine(const CGtLine&),B3SpatialTrigger.cpp
00233400,8,CB3SpatialTrigger,Destruct(),B3SpatialTrigger.cpp
00233410,8,CB3SpatialTrigger,Release(),B3SpatialTrigger.cpp
00233420,12,CB3SpatialTrigger,Prepare(CB3PlanarTriggerStruct*),B3SpatialTrigger.cpp
00233430,8,CB3SpatialTrigger,Construct(),B3SpatialTrigger.cpp
00233440,196,CB3NetworkPlayerFinishedRaceMessage,Retrieve(CB3ResultsData*),B3NetworkPlayerFinishedRaceMessage.cpp
00233510,180,CB3NetworkPlayerFinishedRaceMessage,Prepare(const CB3ResultsData*),B3NetworkPlayerFinishedRaceMessage.cpp
002335d0,8,CB3NetworkPlayerFinishedRaceMessage,Construct(),B3NetworkPlayerFinishedRaceMessage.cpp
002335e0,920,GtIntersection,"IntersectSphere(GtMathPs2::CGtSphere,const CGtPolygonSoup16&,bool (*)(const CGtPolygonIntersectionResult&, void",GtIntersectionPS2.cpp
00233980,2016,GtIntersection,"IntersectLine(const CGtLine&,const CGtPolygonSoup16&,bool (*)(const CGtPolygonIntersectionResult&, void*),void*",GtIntersectionPS2.cpp
00234160,3828,GtIntersection,"IntersectLineNearest(const CGtLine&,const CGtPolygonSoup16&,CGtPolygonIntersectionResult*)",GtIntersectionPS2.cpp
00235060,208,GtIntersection,"IntersectFrustum(const CGtFrustum&,const CGtExtrudedBox&)",GtIntersectionPS2.cpp
00235130,208,GtIntersection,"IntersectFrustum(const CGtFrustum&,const CGtOrthogonalBox&)",GtIntersectionPS2.cpp
00235200,300,GtIntersection,"IntersectLineTriangle(const CGtLine&,GtMathPs2::CGtV3d,GtMathPs2::CGtV3d,GtMathPs2::CGtV3d,float*,float*,float*",GtIntersectionPS2.cpp
00235330,268,GtIntersection,"IntersectSphere(GtMathPs2::CGtSphere,const CGtAxisAlignedBox&)",GtIntersectionPS2.cpp
00235440,828,GtIntersection,"IntersectSphere(GtMathPs2::CGtSphere,const CGtPolygonSoup&,bool (*)(const CGtPolygonIntersectionResult&, void*)",GtIntersectionPS2.cpp
00235780,220,GtIntersection,"IntersectLine(const CGtLine&,GtMathPs2::CGtV3d,const CGtAxisAlignedBox&)",GtIntersectionPS2.cpp
00235860,948,GtIntersection,"IntersectLine(const CGtLine&,const CGtPolygonSoup&,bool (*)(const CGtPolygonIntersectionResult&, void*),void*)",GtIntersectionPS2.cpp
00235c20,1840,GtIntersection,"IntersectLineNearest(const CGtLine&,const CGtPolygonSoup&,CGtPolygonIntersectionResult*)",GtIntersectionPS2.cpp
00236350,384,GtIntersection,"IntersectSphereTriangle(GtMathPs2::CGtSphere,GtMathPs2::CGtV3d,GtMathPs2::CGtV3d,GtMathPs2::CGtV3d,GtMathPs2::C",GtIntersectionPS2.cpp
002364d0,8,CB3AIDebug,RenderWorld(),B3AIDebug.cpp
002364e0,8,CB3AIDebug,Destruct(),B3AIDebug.cpp
002364f0,8,CB3AIDebug,Update(),B3AIDebug.cpp
00236500,8,CB3AIDebug,Prepare(),B3AIDebug.cpp
00236510,8,CB3AIDebug,Construct(),B3AIDebug.cpp
00236520,944,CB3World,RenderFrontEnd(int),B3WorldPS2.cpp
002368d0,1304,CB3World,Render(int),B3WorldPS2.cpp
00236df0,112,CB3World,RenderTwoPlayer(),B3WorldPS2.cpp
00236e60,100,CB3World,RenderOnePlayer(),B3WorldPS2.cpp
00236ed0,8,CB3SoundManager,CloseRenderWare(),B3SoundManagerPS2.cpp
00236ee0,120,CB3SoundManager,OpenRenderWare(),B3SoundManagerPS2.cpp
00236f60,196,CB3SoundTrafficManager,IsBoostPassPlaying(),B3SoundTrafficManager.cpp
00237030,268,CB3SoundTrafficManager,GetNextHornVariant(bool),B3SoundTrafficManager.cpp
00237140,12,CB3SoundTrafficManager,CanStartHorning(),B3SoundTrafficManager.cpp
00237150,224,CB3SoundTrafficManager,CrashingTraffic(CB3VehiclePhysics*),B3SoundTrafficManager.cpp
00237230,124,CB3SoundTrafficManager,Release(),B3SoundTrafficManager.cpp
002372b0,1328,CB3SoundTrafficManager,Update(bool),B3SoundTrafficManager.cpp
002377e0,136,CB3SoundTrafficManager,Prepare(),B3SoundTrafficManager.cpp
00237870,3004,CB3SoundTrafficManager,Construct(),B3SoundTrafficManager.cpp
00238430,108,CB3SoundTrafficPass,Stop(),B3SoundTrafficPass.cpp
002384a0,108,CB3SoundTrafficPass,Release(),B3SoundTrafficPass.cpp
00238510,1836,CB3SoundTrafficPass,"Update(float,GtMathPs2::CGtV3d*,GtMathPs2::CGtV3d*,GtMathPs2::CGtV3d*,GtMathPs2::CGtV3d*,float)",B3SoundTrafficPass.cpp
00238c40,168,CB3SoundTrafficPass,"Prepare(ETrafficVehicleCategories,int)",B3SoundTrafficPass.cpp
00238cf0,8,CB3SoundTrafficPass,Construct(),B3SoundTrafficPass.cpp
00238d00,8,CB3SoundTrafficVehicle,GetPlayerIndex() const,B3SoundTrafficVehicle.cpp
00238d10,12,CB3SoundTrafficVehicle,IsHorning(),B3SoundTrafficVehicle.cpp
00238d20,396,CB3SoundTrafficVehicle,"UpdateDoppler(float*,float*,float)",B3SoundTrafficVehicle.cpp
00238eb0,300,CB3SoundTrafficVehicle,"StartSpecialVehicle(float,float,float,float,CGtSoundVirtualVoice**,const CGtSoundWave*)",B3SoundTrafficVehicle.cpp
00238fe0,500,CB3SoundTrafficVehicle,"UpdateHorn(float,float,bool)",B3SoundTrafficVehicle.cpp
002391e0,336,CB3SoundTrafficVehicle,StartHorn(),B3SoundTrafficVehicle.cpp
00239330,168,CB3SoundTrafficVehicle,Deactivate(),B3SoundTrafficVehicle.cpp
002393e0,1580,CB3SoundTrafficVehicle,"Activate(int,CB3TrafficVehicle*,signed char)",B3SoundTrafficVehicle.cpp
00239a10,8,CB3SoundTrafficVehicle,GetID(),B3SoundTrafficVehicle.cpp
00239a20,132,CB3SoundTrafficVehicle,Release(),B3SoundTrafficVehicle.cpp
00239ab0,3692,CB3SoundTrafficVehicle,"Update(bool,float)",B3SoundTrafficVehicle.cpp
0023a920,160,CB3SoundTrafficVehicle,Prepare(),B3SoundTrafficVehicle.cpp
0023a9c0,760,CB3SoundTrafficVehicle,Construct(),B3SoundTrafficVehicle.cpp
0023acc0,272,CB3SoundCrashManager,PlayCarAlarm(CB3VehiclePhysics*),B3SoundCrashManager.cpp
0023add0,528,CB3SoundCrashManager,UpdateFire(),B3SoundCrashManager.cpp
0023afe0,584,CB3SoundCrashManager,UpdateSteam(),B3SoundCrashManager.cpp
0023b230,624,CB3SoundCrashManager,UpdateDeadMansHorn(),B3SoundCrashManager.cpp
0023b4a0,1672,CB3SoundCrashManager,DoExplosion(GtMathPs2::CGtV3d),B3SoundCrashManager.cpp
0023bb30,664,CB3SoundCrashManager,"AirRam(GtMathPs2::CGtV3d,float,bool)",B3SoundCrashManager.cpp
0023bdd0,8,CB3SoundCrashManager,SetPlayerCarSpeed(float),B3SoundCrashManager.cpp
0023bde0,152,CB3SoundCrashManager,PlayerCarHasBeenOnRamp(),B3SoundCrashManager.cpp
0023be80,1416,CB3SoundCrashManager,UpdateCrashStream(bool),B3SoundCrashManager.cpp
0023c410,12,CB3SoundCrashManager,FadeOutCrashStream(),B3SoundCrashManager.cpp
0023c420,340,CB3SoundCrashManager,UpdateKerbBounces(),B3SoundCrashManager.cpp
0023c580,680,CB3SoundCrashManager,UpdateParticulateGlass(),B3SoundCrashManager.cpp
0023c830,564,CB3SoundCrashManager,"WheelImpact(bool,GtMathPs2::CGtV3d,float)",B3SoundCrashManager.cpp
0023ca70,1920,CB3SoundCrashManager,"SmallBodyProp(bool,GtMathPs2::CGtV3d,float)",B3SoundCrashManager.cpp
0023d1f0,1920,CB3SoundCrashManager,"LargeBodyProp(bool,GtMathPs2::CGtV3d,float)",B3SoundCrashManager.cpp
0023d970,1872,CB3SoundCrashManager,"DetachSmallBodyPart(GtMathPs2::CGtV3d,float)",B3SoundCrashManager.cpp
0023e0c0,1872,CB3SoundCrashManager,"DetachLargeBodyPart(GtMathPs2::CGtV3d,float)",B3SoundCrashManager.cpp
0023e810,284,CB3SoundCrashManager,"DetachBodyPart(GtMathPs2::CGtV3d,float,EVehicleFlyingBit)",B3SoundCrashManager.cpp
0023e930,5216,CB3SoundCrashManager,"CarCrash(GtMathPs2::CGtV3d,float)",B3SoundCrashManager.cpp
0023fd90,1968,CB3SoundCrashManager,"CarNudge(GtMathPs2::CGtV3d,float)",B3SoundCrashManager.cpp
00240540,1984,CB3SoundCrashManager,"WorldCrash(GtMathPs2::CGtV3d,float)",B3SoundCrashManager.cpp
00240d30,1996,CB3SoundCrashManager,"WorldNudge(GtMathPs2::CGtV3d,float)",B3SoundCrashManager.cpp
00241500,1872,CB3SoundCrashManager,"DeformSmallBodyPart(GtMathPs2::CGtV3d,float)",B3SoundCrashManager.cpp
00241c50,1872,CB3SoundCrashManager,"DeformLargeBodyPart(GtMathPs2::CGtV3d,float)",B3SoundCrashManager.cpp
002423a0,116,CB3SoundCrashManager,"DeformRoof(GtMathPs2::CGtV3d,float)",B3SoundCrashManager.cpp
00242420,104,CB3SoundCrashManager,"DeformBonnet(GtMathPs2::CGtV3d,float)",B3SoundCrashManager.cpp
00242490,48,CB3SoundCrashManager,"DeformFrontBumper(GtMathPs2::CGtV3d,float)",B3SoundCrashManager.cpp
002424c0,48,CB3SoundCrashManager,"DeformRearBumper(GtMathPs2::CGtV3d,float)",B3SoundCrashManager.cpp
002424f0,64,CB3SoundCrashManager,"DeformSpoiler(GtMathPs2::CGtV3d,float)",B3SoundCrashManager.cpp
00242530,104,CB3SoundCrashManager,"DeformBoot(GtMathPs2::CGtV3d,float)",B3SoundCrashManager.cpp
002425a0,104,CB3SoundCrashManager,"DeformDoor(GtMathPs2::CGtV3d,float)",B3SoundCrashManager.cpp
00242610,488,CB3SoundCrashManager,DealWithObjectObjectCollision(const CB3CollidingPair*),B3SoundCrashManager.cpp
00242800,452,CB3SoundCrashManager,"CarToCar(GtMathPs2::CGtV3d*,float,const CB3CollidingPair*)",B3SoundCrashManager.cpp
002429d0,320,CB3SoundCrashManager,"BodyPartImpact(bool,EVehicleFlyingBit,GtMathPs2::CGtV3d,float)",B3SoundCrashManager.cpp
00242b10,700,CB3SoundCrashManager,"PropImpact(bool,EB3PropType,GtMathPs2::CGtV3d,float)",B3SoundCrashManager.cpp
00242dd0,2916,CB3SoundCrashManager,"PayLoadImpact(bool,CB3BodyPartPhysics*,float)",B3SoundCrashManager.cpp
00243940,1780,CB3SoundCrashManager,"SmashWindscreen(GtMathPs2::CGtV3d,float,bool)",B3SoundCrashManager.cpp
00244040,1792,CB3SoundCrashManager,"SmashWindow(GtMathPs2::CGtV3d,float,bool)",B3SoundCrashManager.cpp
00244740,1784,CB3SoundCrashManager,"SmashHeadLights(GtMathPs2::CGtV3d,float)",B3SoundCrashManager.cpp
00244e40,160,CB3SoundCrashManager,GenericGlassSmash(CB3VehiclePhysics*),B3SoundCrashManager.cpp
00244ee0,2100,CB3SoundCrashManager,"TrafficWorldImpact(ESoundWorldCrashSurfaceType,CB3VehiclePhysics*)",B3SoundCrashManager.cpp
00245720,4272,CB3SoundCrashManager,"RaceCarWorldImpact(ESoundWorldCrashSurfaceType,CB3RaceCarPhysics*,float)",B3SoundCrashManager.cpp
002467d0,192,CB3SoundCrashManager,Release(),B3SoundCrashManager.cpp
00246890,128,CB3SoundCrashManager,ReleaseStreams(),B3SoundCrashManager.cpp
00246910,984,CB3SoundCrashManager,Update(),B3SoundCrashManager.cpp
00246cf0,520,CB3SoundCrashManager,ChoosePayloadTrackID(),B3SoundCrashManager.cpp
00246f00,2888,CB3SoundCrashManager,Prepare(),B3SoundCrashManager.cpp
00247a50,320,CB3SoundCrashManager,Construct(),B3SoundCrashManager.cpp
00247b90,2628,CB3SoundCrashManager,RegisterVariables(),B3SoundCrashManager.cpp
002485e0,64,CB3SoundScrape,"SetInfo(ESoundWorldCrashSurfaceType,float,float,GtMathPs2::CGtV3d*)",B3SoundScrape.cpp
00248620,88,CB3SoundScrape,Release(),B3SoundScrape.cpp
00248680,580,CB3SoundScrape,UpdateScrape(int),B3SoundScrape.cpp
002488d0,276,CB3SoundScrape,"StartScrape(int,const CGtSoundWave*)",B3SoundScrape.cpp
002489f0,288,CB3SoundScrape,Update(bool),B3SoundScrape.cpp
00248b10,192,CB3SoundScrape,Prepare(),B3SoundScrape.cpp
00248bd0,12,CB3SoundScrape,Construct(),B3SoundScrape.cpp
00248be0,52,CB3HUDSoundManager,CrashModeCrashBreak(),B3SoundHUDManager.cpp
00248c20,48,CB3HUDSoundManager,CrashModePoisonIvy(),B3SoundHUDManager.cpp
00248c50,48,CB3HUDSoundManager,CrashModeBonusDollar(),B3SoundHUDManager.cpp
00248c80,48,CB3HUDSoundManager,CrashModeMultiplier(),B3SoundHUDManager.cpp
00248cb0,40,CB3HUDSoundManager,"OnRaceCarCollision(ERaceCarCollisionType,CB3RaceCarPhysics*,CB3RaceCarPhysics*,float)",B3SoundHUDManager.cpp
00248ce0,48,CB3HUDSoundManager,FEBuddyGoesOffline(),B3SoundHUDManager.cpp
00248d10,48,CB3HUDSoundManager,FEBuddyComesOnline(),B3SoundHUDManager.cpp
00248d40,52,CB3HUDSoundManager,FEMailFromBuddy(),B3SoundHUDManager.cpp
00248d80,52,CB3HUDSoundManager,FECreatedGame(),B3SoundHUDManager.cpp
00248dc0,92,CB3HUDSoundManager,FEScanningLines(),B3SoundHUDManager.cpp
00248e20,44,CB3HUDSoundManager,FEGlobeSweep(),B3SoundHUDManager.cpp
00248e50,84,CB3HUDSoundManager,FEIconHiLite(),B3SoundHUDManager.cpp
00248eb0,88,CB3HUDSoundManager,FEIconPulse(),B3SoundHUDManager.cpp
00248f10,48,CB3HUDSoundManager,FeMapZoomOut(),B3SoundHUDManager.cpp
00248f40,88,CB3HUDSoundManager,FeMapZoom(),B3SoundHUDManager.cpp
00248fa0,48,CB3HUDSoundManager,FETextBoxFill(),B3SoundHUDManager.cpp
00248fd0,8,CB3HUDSoundManager,FeMenuTextIn(),B3SoundHUDManager.cpp
00248fe0,52,CB3HUDSoundManager,FERoadShow(),B3SoundHUDManager.cpp
00249020,52,CB3HUDSoundManager,FEGlobeHilight(),B3SoundHUDManager.cpp
00249060,52,CB3HUDSoundManager,FEGlobeSelect(),B3SoundHUDManager.cpp
002490a0,44,CB3HUDSoundManager,FEGlobeSpin(),B3SoundHUDManager.cpp
002490d0,144,CB3HUDSoundManager,FEBack(),B3SoundHUDManager.cpp
00249160,152,CB3HUDSoundManager,FESelect(),B3SoundHUDManager.cpp
00249200,152,CB3HUDSoundManager,FEVerticalMove(),B3SoundHUDManager.cpp
002492a0,52,CB3HUDSoundManager,FEKeyboardSel(),B3SoundHUDManager.cpp
002492e0,48,CB3HUDSoundManager,FEKeyboardMove(),B3SoundHUDManager.cpp
00249310,48,CB3HUDSoundManager,FEKeyboardDel(),B3SoundHUDManager.cpp
00249340,288,CB3HUDSoundManager,"Medal(int,bool)",B3SoundHUDManager.cpp
00249460,280,CB3HUDSoundManager,"PlayHudSound(unsigned long,const CGtSoundBank*,float,float,bool)",B3SoundHUDManager.cpp
00249580,8,CB3HUDSoundManager,LostBoostBarSegment(),B3SoundHUDManager.cpp
00249590,8,CB3HUDSoundManager,GainedBoostBarSegment(),B3SoundHUDManager.cpp
002495a0,52,CB3HUDSoundManager,GeneralPopup(),B3SoundHUDManager.cpp
002495e0,404,CB3HUDSoundManager,"HandleHudMessage(CB3HUDPrimaryMessage::EMessageType,EScoreBonusEvent)",B3SoundHUDManager.cpp
00249780,340,CB3HUDSoundManager,"Slam(GtMathPs2::CGtV3d,CB3RaceCarPhysics*,CB3RaceCarPhysics*)",B3SoundHUDManager.cpp
002498e0,296,CB3HUDSoundManager,"Shunt(GtMathPs2::CGtV3d,CB3RaceCarPhysics*,CB3RaceCarPhysics*)",B3SoundHUDManager.cpp
00249a10,80,CB3HUDSoundManager,Release(),B3SoundHUDManager.cpp
00249a60,524,CB3HUDSoundManager,Update(),B3SoundHUDManager.cpp
00249c70,8,CB3HUDSoundManager,FEOnlineUpdatePlayersInGame(int),B3SoundHUDManager.cpp
00249c80,300,CB3HUDSoundManager,Prepare(bool),B3SoundHUDManager.cpp
00249db0,684,CB3HUDSoundManager,Construct(),B3SoundHUDManager.cpp
0024a060,272,CB3SoundESMLow,Release(),B3SoundESM.cpp
0024a170,416,CB3SoundESMLow,"Update(const CB3RaceCar*,float,float,float)",B3SoundESM.cpp
0024a310,200,CB3SoundESMLow,"Prepare(unsigned long,int)",B3SoundESM.cpp
0024a3e0,40,CB3SoundESMLow,Construct(),B3SoundESM.cpp
0024a410,516,CB3SoundESMHigh,"CalculateDoppler(const CB3RaceCar*,float*,float*)",B3SoundESM.cpp
0024a620,484,CB3SoundESMHigh,Start(),B3SoundESM.cpp
0024a810,464,CB3SoundESMHigh,Release(),B3SoundESM.cpp
0024a9e0,504,CB3SoundESMHigh,"Update(const CB3RaceCar*,float,float,float)",B3SoundESM.cpp
0024abe0,504,CB3SoundESMHigh,"Prepare(unsigned long,int)",B3SoundESM.cpp
0024ade0,56,CB3SoundESMHigh,Construct(),B3SoundESM.cpp
0024ae20,488,CB3SoundESM,"ModulateRpm(CB3SoundESMGraphInputs&,const CB3RaceCar*)",B3SoundESM.cpp
0024b010,528,CB3SoundESM,"Prepare(unsigned long,int)",B3SoundESM.cpp
0024b220,240,CB3SoundESM,Construct(),B3SoundESM.cpp
0024b310,140,CB3SoundGameModeManager,GetModeBankPath() const,B3SoundGameModeManager.cpp
0024b3a0,648,CB3SoundGameModeManager,UpdateVoiceGroupModeMixer(),B3SoundGameModeManager.cpp
0024b630,20,CB3SoundGameModeManager,TriggerSpotDucker(float),B3SoundGameModeManager.cpp
0024b650,936,CB3SoundGameModeManager,UpdateGameStates(),B3SoundGameModeManager.cpp
0024ba00,700,CB3SoundGameModeManager,UpdateTakedownPitcher(),B3SoundGameModeManager.cpp
0024bcc0,28,CB3SoundGameModeManager,CancelTakedownPitcher(),B3SoundGameModeManager.cpp
0024bce0,148,CB3SoundGameModeManager,StartTakedownPitcher(),B3SoundGameModeManager.cpp
0024bd80,8,CB3SoundGameModeManager,SetGameModeData(int),B3SoundGameModeManager.cpp
0024bd90,48,CB3SoundGameModeManager,Destruct(),B3SoundGameModeManager.cpp
0024bdc0,176,CB3SoundGameModeManager,Release(),B3SoundGameModeManager.cpp
0024be70,704,CB3SoundGameModeManager,Update(),B3SoundGameModeManager.cpp
0024c130,1248,CB3SoundGameModeManager,Prepare(),B3SoundGameModeManager.cpp
0024c610,104,CB3SoundGameModeManager,Construct(RwaSPU2Output*),B3SoundGameModeManager.cpp
0024c680,1488,CB3SoundListener,Update(),B3SoundListener.cpp
0024cc50,164,CB3SoundListener,Prepare(unsigned int),B3SoundListener.cpp
0024cd00,40,CB3SoundListener,Construct(),B3SoundListener.cpp
0024cd30,168,CB3SoundManager,SetSpeakerConfig(EB3SpeakerConfig),B3SoundManager.cpp
0024cde0,8,CB3SoundManager,GetSpeakerConfig(),B3SoundManager.cpp
0024cdf0,12,CB3SoundManager,SetMasterVolumeScalar(float),B3SoundManager.cpp
0024ce00,8,CB3SoundManager,SetMasterPitchScalar(float),B3SoundManager.cpp
0024ce10,48,CB3SoundManager,Unpause(),B3SoundManager.cpp
0024ce40,44,CB3SoundManager,Pause(),B3SoundManager.cpp
0024ce70,72,CB3SoundManager,Destruct(),B3SoundManager.cpp
0024cec0,156,CB3SoundManager,Update(),B3SoundManager.cpp
0024cf60,260,CB3SoundManager,Prepare(),B3SoundManager.cpp
0024d070,316,CB3SoundManager,Construct(),B3SoundManager.cpp
0024d1b0,20,CB3SoundListener,CB3SoundListener(),B3SoundManager.cpp
0024d1d0,420,CB3SoundAICar,UpdateBassVoices(const CB3RaceCar*),B3SoundAICar.cpp
0024d380,248,CB3SoundAICar,StartBassVoices(),B3SoundAICar.cpp
0024d480,68,CB3SoundAICar,Unregister(),B3SoundAICar.cpp
0024d4d0,156,CB3SoundAICar,Register(unsigned long),B3SoundAICar.cpp
0024d570,108,CB3SoundAICar,Destruct(),B3SoundAICar.cpp
0024d5e0,124,CB3SoundAICar,Release(),B3SoundAICar.cpp
0024d660,488,CB3SoundAICar,Update(const CB3RaceCar*),B3SoundAICar.cpp
0024d850,348,CB3SoundAICar,"Prepare(unsigned long,int)",B3SoundAICar.cpp
0024d9b0,48,CB3SoundAICar,Construct(),B3SoundAICar.cpp
0024d9e0,1132,CB3SoundPlayerCar,UpdateRoadNoise(const CB3RaceCar*),B3SoundPlayerCar.cpp
0024de50,244,CB3SoundPlayerCar,Unregister(),B3SoundPlayerCar.cpp
0024df50,656,CB3SoundPlayerCar,Register(unsigned long),B3SoundPlayerCar.cpp
0024e1e0,48,CB3SoundPlayerCar,Destruct(),B3SoundPlayerCar.cpp
0024e210,120,CB3SoundPlayerCar,Release(),B3SoundPlayerCar.cpp
0024e290,200,CB3SoundPlayerCar,Update(const CB3RaceCar*),B3SoundPlayerCar.cpp
0024e360,308,CB3SoundPlayerCar,"Prepare(unsigned long,int)",B3SoundPlayerCar.cpp
0024e4a0,128,CB3SoundPlayerCar,Construct(),B3SoundPlayerCar.cpp
0024e520,208,CB3SoundRaceCar,UpdateHorn(CB3RaceCar*),B3SoundRaceCar.cpp
0024e5f0,212,CB3SoundRaceCar,UpdateBoostIn(const CB3RaceCar*),B3SoundRaceCar.cpp
0024e6d0,212,CB3SoundRaceCar,UpdateBoostOut(const CB3RaceCar*),B3SoundRaceCar.cpp
0024e7b0,196,CB3SoundRaceCar,StopBoost(const CB3RaceCar*),B3SoundRaceCar.cpp
0024e880,216,CB3SoundRaceCar,DoBoostIn(const CB3RaceCar*),B3SoundRaceCar.cpp
0024e960,200,CB3SoundRaceCar,StartBoost(const CB3RaceCar*),B3SoundRaceCar.cpp
0024ea30,8,CB3SoundRaceCar,Destruct(),B3SoundRaceCar.cpp
0024ea40,100,CB3SoundRaceCar,Release(),B3SoundRaceCar.cpp
0024eab0,824,CB3SoundRaceCar,Update(const CB3RaceCar*),B3SoundRaceCar.cpp
0024edf0,60,CB3SoundRaceCar,Unregister(),B3SoundRaceCar.cpp
0024ee30,356,CB3SoundRaceCar,Register(unsigned long),B3SoundRaceCar.cpp
0024efa0,356,CB3SoundRaceCar,"Prepare(unsigned long,int)",B3SoundRaceCar.cpp
0024f110,544,CB3SoundRaceCar,Construct(),B3SoundRaceCar.cpp
0024f330,212,CB3SoundSkidModelGraph,"CalcVolumeOutput(float,float&) const",B3SoundSkidModel.cpp
0024f410,8,CB3SoundSkidModel,Destruct(),B3SoundSkidModel.cpp
0024f420,204,CB3SoundSkidModel,Release(),B3SoundSkidModel.cpp
0024f4f0,1596,CB3SoundSkidModel,"Update(const CB3Wheel**,float,GtMathPs2::CGtV3d,GtMathPs2::CGtV3d,CGtSoundVirtualVoice**,GtMathPs2::CGtV3d,b",B3SoundSkidModel.cpp
0024fb30,460,CB3SoundSkidModel,Update(const CB3RaceCar*),B3SoundSkidModel.cpp
0024fd00,320,CB3SoundSkidModel,Prepare(),B3SoundSkidModel.cpp
0024fe40,3480,CB3SoundSkidModel,Construct(),B3SoundSkidModel.cpp
00250be0,8,CB3SoundTurboModel,Destruct(),B3SoundTurboModel.cpp
00250bf0,60,CB3SoundTurboModel,Release(),B3SoundTurboModel.cpp
00250c30,824,CB3SoundTurboModel,"Update(const CB3RaceCar*,const CB3SoundRaceCarAttribs*)",B3SoundTurboModel.cpp
00250f70,200,CB3SoundTurboModel,Prepare(const char*),B3SoundTurboModel.cpp
00251040,16,CB3SoundTurboModel,Construct(),B3SoundTurboModel.cpp
00251050,664,CB3SoundCrashedTraffic,UpdateSkidVoices(),B3SoundCrashedTraffic.cpp
002512f0,348,CB3SoundCrashedTraffic,StartSkidVoices(),B3SoundCrashedTraffic.cpp
00251450,272,CB3SoundCrashedTraffic,StartBassVoices(),B3SoundCrashedTraffic.cpp
00251560,12,CB3SoundCrashedTraffic,SetActive(),B3SoundCrashedTraffic.cpp
00251570,8,CB3SoundCrashedTraffic,SetOwner(CB3VehiclePhysics*),B3SoundCrashedTraffic.cpp
00251580,172,CB3SoundCrashedTraffic,Release(),B3SoundCrashedTraffic.cpp
00251630,1004,CB3SoundCrashedTraffic,Update(),B3SoundCrashedTraffic.cpp
00251a20,452,CB3SoundCrashedTraffic,Prepare(),B3SoundCrashedTraffic.cpp
00251bf0,60,CB3SoundCrashedTraffic,Construct(),B3SoundCrashedTraffic.cpp
002761f0,968,CB3StopJunction,IsClearAreaEmpty(EStopJunctionLaneTypes),B3StopJunction.cpp
002765c0,692,CB3StopJunction,"StopVehiclesIfTurning(EStopJunctionLaneTypes,bool)",B3StopJunction.cpp
00276880,488,CB3StopJunction,"FindFirstTurningParam(EStopJunctionLaneTypes,bool)",B3StopJunction.cpp
00276a70,552,CB3StopJunction,FindFirstParam(EStopJunctionLaneTypes),B3StopJunction.cpp
00276ca0,1100,CB3StopJunction,StopCarsInControlZone(EStopJunctionLaneTypes),B3StopJunction.cpp
002770f0,2536,CB3StopJunction,"Update(bool,float)",B3StopJunction.cpp
00277ae0,108,CB3StopJunction,Prepare(CB3StopJunctionStruct*),B3StopJunction.cpp
00277b50,8,CGtPerfMon,Construct(),GtPerfMon.cpp
00277b60,96,CGtFreeList,RemoveAllLinks(),GtFreeList.cpp
00277bc0,120,CGtFreeList,RemoveLink(CGtFreeListLink*),GtFreeList.cpp
00277c40,120,CGtFreeList,"TakeLinkFromList(CGtFreeListLink*,CGtFreeList*)",GtFreeList.cpp
00277cc0,100,CGtFreeList,AddLink(),GtFreeList.cpp
00277d30,12,CGtFreeList,Construct(CGtFreeListPool*),GtFreeList.cpp
00277d40,152,CGtFreeListPool,SortFree(),GtFreeList.cpp
00277de0,40,CGtFreeListPool,"_GetRequiredMemory(unsigned int,unsigned int,unsigned int)",GtFreeList.cpp
00277e10,236,CGtFreeListPool,"Construct(unsigned int,unsigned int,unsigned int,const void*,void*,unsigned int)",GtFreeList.cpp
00277f00,60,CB3NetworkPingReplyMessage,Retrieve(float*),B3NetworkPingMessage.cpp
00277f40,56,CB3NetworkPingReplyMessage,Prepare(float),B3NetworkPingMessage.cpp
00277f80,8,CB3NetworkPingReplyMessage,Construct(),B3NetworkPingMessage.cpp
00277f90,60,CB3NetworkPingMessage,Retrieve(float*),B3NetworkPingMessage.cpp
00277fd0,56,CB3NetworkPingMessage,Prepare(float),B3NetworkPingMessage.cpp
00278010,8,CB3NetworkPingMessage,Construct(),B3NetworkPingMessage.cpp
00278020,140,CB3EnvironmentData,FixUp(),B3EnvironmentData.cpp
002780b0,132,CB3PropManager,"KillProp(CB3Prop*,bool)",B3PropManager.cpp
00278140,80,CB3PropManager,DynamiseProp(CB3Prop*),B3PropManager.cpp
00278190,8,CB3PropManager,Destruct(),B3PropManager.cpp
002781a0,84,CB3PropManager,Release(),B3PropManager.cpp
00278200,8,CB3PropManager,Update(),B3PropManager.cpp
00278210,1356,CB3PropManager,Prepare(),B3PropManager.cpp
00278760,36,CB3PropManager,Construct(),B3PropManager.cpp
00278790,348,CB3ConvexHullCollide,"ClipEdgesByPlane(GtMathPs2::CGtV3d*,GtMathPs2::CGtV3d*,unsigned int,GtMathPs2::CGtPlane)",B3ConvexHullCollide.cpp
002788f0,468,CB3ConvexHullCollide,"ClipEdgesByHull(GtMathPs2::CGtV3d*,int,GtMathPs2::CGtV3d*,unsigned int,GtMathPs2::CGtPlane*,unsigned int)",B3ConvexHullCollide.cpp
00278ad0,536,CB3ConvexHullCollide,"GetHullPenetration(int*,unsigned char,CB3ConvexHullPlane*,GtMathPs2::CGtPlane*,GtMathPs2::CGtV3d,GtMathPs",B3ConvexHullCollide.cpp
00278cf0,528,CB3ConvexHullCollide,"GetHullPenetration(int*,CB3ConvexHull*,GtMathPs2::CGtV3d,GtMathPs2::CGtV3d)",B3ConvexHullCollide.cpp
00278f00,1492,CB3ConvexHullCollide,"DoCollideHullTriangles(CB3HullWorldTriCollideParams*,CB3ConvexHullCollideInfo*)",B3ConvexHullCollide.cpp
002794e0,296,CB3ConvexHullCollide,"BuildClippedEdgeList(GtMathPs2::CGtV3d*,unsigned int*,GtMathPs2::CGtV3d,const CB3ConvexHull*,GtMathPs2::C",B3ConvexHullCollide.cpp
00279610,2568,CB3ConvexHullCollide,DoCollideHullToHull(CB3HullCollideParams*),B3ConvexHullCollide.cpp
0027a020,144,CB3ConvexHullCollide,CollideHulls(CB3HullCollideParams*),B3ConvexHullCollide.cpp
0027a0b0,144,CB3ConvexHullCollide,"CollideBodyHullWithWorld(CB3HullWorldTriCollideParams*,CB3CollidingBody*)",B3ConvexHullCollide.cpp
0027a140,312,CB3ConvexHullCollide,"CollideBodyHulls(CB3HullCollideParams*,CB3CollidingBody*,CB3CollidingBody*,bool)",B3ConvexHullCollide.cpp
0027a280,44,CB3ConvexHullBodyPart,Initialise(),B3ConvexHull.cpp
0027a2b0,44,CB3ConvexHullProp,Initialise(),B3ConvexHull.cpp
0027a2e0,44,CB3ConvexHullVehicle,Initialise(),B3ConvexHull.cpp
0027a310,1184,CB3ConvexHull,"DebugRenderPlanes(const GtMathPs2::CGtMatrix3x4&,const GtMathPs2::CGtPlane*,const GtMathPs2::CGtV3d*,bool)",B3ConvexHull.cpp
0027a7b0,1096,CB3ConvexHull,"DebugRenderEdges(const GtMathPs2::CGtMatrix3x4&,bool) const",B3ConvexHull.cpp
0027ac00,676,CB3ConvexHull,"DeformHullVerts(GtMathPs2::CGtV3d*,GtMathPs2::CGtMatrix3x4*) const",B3ConvexHull.cpp
0027aeb0,120,CB3ConvexHull,"MakeFromBoundingBox(GtMathPs2::CGtV3d,GtMathPs2::CGtV3d,EB3HullShape)",B3ConvexHull.cpp
0027af30,556,CB3ConvexHull,"MakeBoatFromBoundingBox(GtMathPs2::CGtV3d,GtMathPs2::CGtV3d)",B3ConvexHull.cpp
0027b160,328,CB3ConvexHull,"MakeConeFromBoundingBox(GtMathPs2::CGtV3d,GtMathPs2::CGtV3d)",B3ConvexHull.cpp
0027b2b0,576,CB3ConvexHull,"ScaleAndFillInHullDetails(GtMathPs2::CGtV3d,GtMathPs2::CGtV3d)",B3ConvexHull.cpp
0027b4f0,1284,CB3ConvexHull,"MakeBoxFromBoundingBox(GtMathPs2::CGtV3d,GtMathPs2::CGtV3d)",B3ConvexHull.cpp
0027ba00,16,CB3ConvexHull,Construct(),B3ConvexHull.cpp
0027ba10,64,CB3ConvexHull,Fixup(),B3ConvexHull.cpp
0027ba50,840,CB3EnvironmentManager,"SunPos2BearingAndAltitude(float*,float*,GtMathPs2::CGtV3d)",B3EnvironmentManager.cpp
0027bda0,932,CB3EnvironmentManager,RenderBackdropTexture(),B3EnvironmentManager.cpp
0027c150,68,CB3EnvironmentManager,RenderSunCorona(),B3EnvironmentManager.cpp
0027c1a0,184,CB3EnvironmentManager,SunOcclusionTest(),B3EnvironmentManager.cpp
0027c260,196,CB3EnvironmentManager,RenderSunToEnvironmentMap(),B3EnvironmentManager.cpp
0027c330,76,CB3EnvironmentManager,RenderSkyToEnvironmentMap(),B3EnvironmentManager.cpp
0027c380,212,CB3EnvironmentManager,BuildEnvmapSunCoronaData(),B3EnvironmentManager.cpp
0027c460,56,CB3EnvironmentManager,RenderClouds(),B3EnvironmentManager.cpp
0027c4a0,184,CB3EnvironmentManager,RenderSunBlob(),B3EnvironmentManager.cpp
0027c560,164,CB3EnvironmentManager,RenderSky(),B3EnvironmentManager.cpp
0027c610,8,CB3EnvironmentManager,BeginRender(int),B3EnvironmentManager.cpp
0027c620,360,CB3EnvironmentManager,Update(float),B3EnvironmentManager.cpp
0027c790,160,CB3EnvironmentManager,Release(),B3EnvironmentManager.cpp
0027c830,872,CB3EnvironmentManager,Prepare(),B3EnvironmentManager.cpp
0027cba0,40,CB3EnvironmentManager,Destruct(),B3EnvironmentManager.cpp
0027cbd0,152,CB3EnvironmentManager,Construct(),B3EnvironmentManager.cpp
0027cc70,964,CB3TrailEmitter,"AddTrailSegment(GtMathPs2::CGtV3d,GtMathPs2::CGtV3d,const GtMathPs2::CGtMatrix3x4*)",B3TrailSystem.cpp
0027d040,572,CB3TrailSystem,"AddTrailSegment(CB3TrailEmitterData*,GtMathPs2::CGtV3d,GtMathPs2::CGtV3d,EB3TrailType,const GtMathPs2::CGtMatri",B3TrailSystem.cpp
0027d280,292,CB3TrailSystem,Render(),B3TrailSystem.cpp
0027d3b0,524,CB3TrailSystem,Update(),B3TrailSystem.cpp
0027d5c0,8,CB3TrailSystem,Release(),B3TrailSystem.cpp
0027d5d0,388,CB3TrailSystem,Prepare(),B3TrailSystem.cpp
0027d760,8,CB3TrailSystem,Destruct(),B3TrailSystem.cpp
0027d770,84,CB3TrailSystem,Construct(),B3TrailSystem.cpp
0027d7d0,388,CB3PhysicsManagerDebug,DrawHullToHullCollisionPlanes(),B3PhysicsManagerDebug.cpp
0027d960,644,CB3PhysicsManagerDebug,DrawCollisionTriangleCache(),B3PhysicsManagerDebug.cpp
0027dbf0,260,CB3PhysicsManagerDebug,DrawCollisionWorld(),B3PhysicsManagerDebug.cpp
0027e4c0,644,CB3PhysicsManagerDebug,DrawIntervals(),B3PhysicsManagerDebug.cpp
0027e750,420,CB3PhysicsManagerDebug,RenderWorld(),B3PhysicsManagerDebug.cpp
0027e900,292,CB3PhysicsManagerDebug,Update(),B3PhysicsManagerDebug.cpp
0027ea30,8,CB3PhysicsManagerDebug,Prepare(),B3PhysicsManagerDebug.cpp
0027ea40,8,CB3PhysicsManagerDebug,Destruct(),B3PhysicsManagerDebug.cpp
0027ea50,156,CB3PhysicsManagerDebug,Construct(),B3PhysicsManagerDebug.cpp
0027eaf0,228,GtIntersection,"ClipPolyWithConvexHull(const GtMathPs2::CGtV3d*,int,const CGtConvexHull&,GtMathPs2::CGtV3d*)",GtIntersection.cpp
0027ebe0,484,GtIntersection,"ClipPolyByPlane(const GtMathPs2::CGtV3d*,int,GtMathPs2::CGtPlane,GtMathPs2::CGtV3d*)",GtIntersection.cpp
0027edd0,468,GtIntersection,"IntersectSphere(GtMathPs2::CGtSphere,const CGtFrustum&,CGtIntersectionResult*)",GtIntersection.cpp
0027efb0,164,GtIntersection,"IntersectSphere(GtMathPs2::CGtSphere,const CGtOrientedBox&)",GtIntersection.cpp
0027f060,400,GtIntersection,"IntersectSphere(GtMathPs2::CGtSphere,const CGtFrustum&)",GtIntersection.cpp
0027f1f0,160,GtIntersection,"IntersectSphere(GtMathPs2::CGtSphere,GtMathPs2::CGtSphere)",GtIntersection.cpp
0027f290,440,GtIntersection,"IntersectLine(const CGtLine&,GtMathPs2::CGtSphere)",GtIntersection.cpp
0027f450,28,CGtPolygonSoup16,FixUp(),GtPolygonSoup.cpp
0027f470,28,CGtPolygonSoup,FixUp(),GtPolygonSoup.cpp
0027f490,400,CGtNetworkHeadset,"SetStatusToSend(EHeadsetTalkControlStatus,int)",GtNetworkHeadset.cpp
0027f620,340,CGtNetworkHeadset,"ChangeControlStateToOtherPlayerTalking(int,unsigned short)",GtNetworkHeadset.cpp
0027f780,420,CGtNetworkHeadset,CheckForStateTimeouts(),GtNetworkHeadset.cpp
0027f930,224,CGtNetworkHeadset,"ReceiveStatusMessageOtherPlayerTalking(int,int,EHeadsetTalkControlStatus,unsigned short)",GtNetworkHeadset.cpp
0027fa10,188,CGtNetworkHeadset,"ReceiveStatusMessageOtherPlayerRequestingTalk(int,int,EHeadsetTalkControlStatus,unsigned short)",GtNetworkHeadset.cpp
0027fad0,508,CGtNetworkHeadset,"ReceiveStatusMessageRequestingTalk(int,int,EHeadsetTalkControlStatus,unsigned short)",GtNetworkHeadset.cpp
0027fcd0,476,CGtNetworkHeadset,"HeadsetControlMessageArrivedCallback(CGtNetworkMessage*,int,void*)",GtNetworkHeadset.cpp
0027feb0,20,CGtNetworkHeadset,GetHeadsetStatus(),GtNetworkHeadset.cpp
0027fed0,16,CGtNetworkHeadset,GetTimeTillRequestTalkAvailable(),GtNetworkHeadset.cpp
0027fee0,16,CGtNetworkHeadset,GetMaximumTalkTime(),GtNetworkHeadset.cpp
0027fef0,16,CGtNetworkHeadset,GetTalkTimeLeft(),GtNetworkHeadset.cpp
0027ff00,120,CGtNetworkHeadset,GetIDOfTalkingNetworkPlayer(int*),GtNetworkHeadset.cpp
0027ff80,16,CGtNetworkHeadset,IsRequestingTalk(),GtNetworkHeadset.cpp
0027ff90,16,CGtNetworkHeadset,IsTalking(),GtNetworkHeadset.cpp
0027ffa0,116,CGtNetworkHeadset,ReleaseTalk(unsigned short),GtNetworkHeadset.cpp
00280020,196,CGtNetworkHeadset,RequestTalk(unsigned short),GtNetworkHeadset.cpp
002800f0,1088,CGtNetworkHeadset,"ReceiveBroadcastMessage(unsigned short,int,CGtNetworkHeadsetMessage*,char**)",GtNetworkHeadset.cpp
00280530,1108,CGtNetworkHeadset,SpeakerBroadcastMessage(unsigned short),GtNetworkHeadset.cpp
00280990,1164,CGtNetworkHeadset,"UpdateHeadsetControl(unsigned short,float)",GtNetworkHeadset.cpp
00280e20,308,CGtNetworkHeadset,"SendControlMessageToSelectPlayers(int*,int,EHeadsetTalkControlStatus,unsigned short,unsigned short)",GtNetworkHeadset.cpp
00280f60,352,CGtNetworkHeadset,RemoveOldPlayersFromAcceptList(),GtNetworkHeadset.cpp
002810c0,316,CGtNetworkHeadset,"GetNewPlayerIDs(int*,int*)",GtNetworkHeadset.cpp
00281200,1336,CGtNetworkHeadset,"Update(int,float)",GtNetworkHeadset.cpp
00281740,36,CGtNetworkHeadset,Release(),GtNetworkHeadset.cpp
00281770,56,CGtNetworkHeadset,UnregisterMessages(CGtNetworkPlayer*),GtNetworkHeadset.cpp
002817b0,132,CGtNetworkHeadset,"RegisterMessages(CGtNetworkPlayer*,CGtHeadsetMessage*,CGtHeadsetMessage*,CGtHeadsetTalkControlMessage*)",GtNetworkHeadset.cpp
00281840,416,CGtNetworkHeadset,Prepare(),GtNetworkHeadset.cpp
002819e0,176,CGtNetworkHeadset,"Construct(CGtHeadset*,int,int,CGtNetworkPlayerManager*)",GtNetworkHeadset.cpp
00281a90,68,CGtHeadsetTalkControlMessage,"Retrieve(EHeadsetTalkControlStatus*,unsigned short*)",GtHeadsetMessage.cpp
00281ae0,120,CGtHeadsetTalkControlMessage,"Prepare(unsigned short,EHeadsetTalkControlStatus,unsigned short)",GtHeadsetMessage.cpp
00281b60,40,CGtHeadsetTalkControlMessage,Construct(),GtHeadsetMessage.cpp
00281b90,68,CGtHeadsetMessage,Construct(),GtHeadsetMessage.cpp
00281be0,8,CGtHeadset,SetOutBuffer(char*),GtHeadset.cpp
00281bf0,8,CGtHeadset,SetInBuffer(char*),GtHeadset.cpp
00281c00,68,CGtLogitechHeadset,GetNumAttachedHeadsets(),GtLogitechHeadset.cpp
00281c50,128,CGtLogitechHeadset,"DoDecode(int,int)",GtLogitechHeadset.cpp
00281cd0,8,CGtLogitechHeadset,EndDecodeFrame(),GtLogitechHeadset.cpp
00281ce0,152,CGtLogitechHeadset,DoEncode(),GtLogitechHeadset.cpp
00281d80,8,CGtLogitechHeadset,BeginDecodeFrame(),GtLogitechHeadset.cpp
00281d90,432,CGtLogitechHeadset,OpenHeadset(int),GtLogitechHeadset.cpp
00281f40,288,CGtLogitechHeadset,SetHeadsetCodec(int),GtLogitechHeadset.cpp
00282060,112,CGtLogitechHeadset,GetHeadsetCodecDesc(int),GtLogitechHeadset.cpp
002820d0,68,CGtLogitechHeadset,GetNumCodecs(),GtLogitechHeadset.cpp
00282120,180,CGtLogitechHeadset,HaveHeadsetsChanged(),GtLogitechHeadset.cpp
002821e0,8,CGtLogitechHeadset,GetStatus(),GtLogitechHeadset.cpp
002821f0,340,CGtLogitechHeadset,"Prepare(int,int)",GtLogitechHeadset.cpp
00282350,8,CGtLogitechHeadset,Destruct(),GtLogitechHeadset.cpp
00282360,128,CGtLogitechHeadset,"Construct(char*,int,char*,int)",GtLogitechHeadset.cpp
002a2220,8,CB3BehaviourOffset,Construct(),B3BehaviourOffset.cpp
002a2230,8,CB3BehaviourOffset,Destruct(),B3BehaviourOffset.cpp
002a2240,8,CB3BehaviourOffset,Release(void*),B3BehaviourOffset.cpp
002a2250,1896,CB3BehaviourOffset,"Update(CGtCamera*,float)",B3BehaviourOffset.cpp
002a29c0,56,CB3BehaviourOffset,Prepare(void*),B3BehaviourOffset.cpp
002a2a00,116,CB3BehaviourOffset,"SetParameters(EB3BehaviourType,CB3AttribsOffset*,int)",B3BehaviourOffset.cpp
002a2a80,136,CB3BehaviourOffset,"Construct(EB3BehaviourType,int)",B3BehaviourOffset.cpp
002a2b10,8,CB3BehaviourRaceCarFollow,Construct(),B3BehaviourRaceCarFollow.cpp
002a2b20,8,CB3BehaviourRaceCarFollow,Destruct(),B3BehaviourRaceCarFollow.cpp
002a2b30,8,CB3BehaviourRaceCarFollow,Release(void*),B3BehaviourRaceCarFollow.cpp
002a2b40,5492,CB3BehaviourRaceCarFollow,"Update(CGtCamera*,float)",B3BehaviourRaceCarFollow.cpp
002a40c0,4916,CB3BehaviourRaceCarFollow,Prepare(void*),B3BehaviourRaceCarFollow.cpp
002a5400,120,CB3BehaviourRaceCarFollow,"Construct(int,bool)",B3BehaviourRaceCarFollow.cpp
002a5480,8,CB3BehaviourRotate,Destruct(),B3BehaviourRotate.cpp
002a5490,8,CB3BehaviourRotate,Release(void*),B3BehaviourRotate.cpp
002a54a0,1816,CB3BehaviourRotate,"Update(CGtCamera*,float)",B3BehaviourRotate.cpp
002a5bc0,1424,CB3BehaviourRotate,Prepare(void*),B3BehaviourRotate.cpp
002a6150,488,CB3BehaviourRotate,"SetParameters(int,int)",B3BehaviourRotate.cpp
002a6340,44,CB3BehaviourRotate,"SetParameters(int,float,float,float,float,float)",B3BehaviourRotate.cpp
002a6370,8,CB3BehaviourRotate,Construct(),B3BehaviourRotate.cpp
002a6380,8,CB3PlayerCameraManager,"Construct(void*,const CGtStateOffset*,CGtTimer*)",B3PlayerCameraManager.cpp
002a6390,8,CB3PlayerCameraManager,Update(),B3PlayerCameraManager.cpp
002a63a0,84,CB3PlayerCameraManager,GetTrackTime(),B3PlayerCameraManager.cpp
002a6400,160,CB3PlayerCameraManager,GetCurrentUnit(),B3PlayerCameraManager.cpp
002a64a0,40,CB3PlayerCameraManager,HasIntroFinished(),B3PlayerCameraManager.cpp
002a64d0,8,CB3PlayerCameraManager,HasCrashAftermathFinished(),B3PlayerCameraManager.cpp
002a64e0,248,CB3PlayerCameraManager,SetActiveBehaviour(int),B3PlayerCameraManager.cpp
002a65e0,116,CB3PlayerCameraManager,DeactivateBehaviour(int),B3PlayerCameraManager.cpp
002a6660,112,CB3PlayerCameraManager,ActivateBehaviour(int),B3PlayerCameraManager.cpp
002a66d0,236,CB3PlayerCameraManager,IsPlayerVisible(),B3PlayerCameraManager.cpp
002a67c0,76,CB3PlayerCameraManager,Destruct(),B3PlayerCameraManager.cpp
002a6810,396,CB3PlayerCameraManager,Release(),B3PlayerCameraManager.cpp
002a69a0,604,CB3PlayerCameraManager,Update(float),B3PlayerCameraManager.cpp
002a6c00,1336,CB3PlayerCameraManager,Prepare(),B3PlayerCameraManager.cpp
002a7140,292,CB3PlayerCameraManager,Construct(int),B3PlayerCameraManager.cpp
002a7270,68,CB3PlayerCameraManager,ReleaseBuffer(),B3PlayerCameraManager.cpp
002a72c0,312,CB3PlayerCameraManager,PrepareBuffer(),B3PlayerCameraManager.cpp
002a7400,376,CB3PlayerCameraStateDebug,"Action(EGtStateAction,void*,void*,void*)",B3PlayerCameraStateDebug.cpp
002a7580,332,CB3PlayerCameraStateInactive,"Action(EGtStateAction,void*,void*,void*)",B3PlayerCameraStateInactive.cpp
002a76d0,1644,CB3PlayerCameraStateInGame,"Action(EGtStateAction,void*,void*,void*)",B3PlayerCameraStateInGame.cpp
002a7d40,900,CB3PlayerCameraStateIntro,"Action(EGtStateAction,void*,void*,void*)",B3PlayerCameraStateIntro.cpp
002a80d0,8,CB3BehaviourFlyAround,Construct(),B3BehaviourFlyAround.cpp
002a80e0,8,CB3BehaviourFlyAround,Destruct(),B3BehaviourFlyAround.cpp
002a80f0,8,CB3BehaviourFlyAround,Release(void*),B3BehaviourFlyAround.cpp
002a8100,11696,CB3BehaviourFlyAround,"Update(CGtCamera*,float)",B3BehaviourFlyAround.cpp
002aaeb0,16,GtMathPs2,CGtV4d::CGtV4d(const GtMathPs2::CGtV4d&),B3BehaviourFlyAround.cpp
002aaec0,24,GtMathPs2,CGtV4d::operator *(float) const,B3BehaviourFlyAround.cpp
002aaee0,2492,CB3BehaviourFlyAround,Prepare(void*),B3BehaviourFlyAround.cpp
002ab8a0,48,GtMathPs2,CGtV3d::GetSquaredLength() const,B3BehaviourFlyAround.cpp
002ab8d0,16,GtMathPs2,CGtQuat::CGtQuat(const GtMathPs2::CGtQuat&),B3BehaviourFlyAround.cpp
002ab8e0,16,GtMathPs2,CGtQuat::CGtQuat(GtMathPs2::CGtV4d),B3BehaviourFlyAround.cpp
002ab8f0,164,CB3BehaviourFlyAround,"Construct(int,EB3FlyAroundType)",B3BehaviourFlyAround.cpp
002ab9a0,1816,CB3BehaviourFlyAround,"SetRaceCar(int,CGtCamera*)",B3BehaviourFlyAround.cpp
002ac0c0,8,CB3SoundRaceCarManager,Destruct(),B3SoundRaceCarManager.cpp
002ac0d0,8,CB3SoundRaceCarManager,Release(),B3SoundRaceCarManager.cpp
002ac0e0,568,CB3SoundRaceCarManager,Update(),B3SoundRaceCarManager.cpp
002ac320,8,CB3SoundRaceCarManager,Prepare(),B3SoundRaceCarManager.cpp
002ac330,6260,CB3SoundRaceCarManager,Construct(),B3SoundRaceCarManager.cpp
002adbb0,20,CB3SoundRaceCarManager,RelinquishRaceCar(CB3SoundRaceCar*),B3SoundRaceCarManager.cpp
002adbd0,264,CB3SoundRaceCarManager,RequestRaceCar(EB3RaceCarType),B3SoundRaceCarManager.cpp
002adce0,3332,CB3TrafficDebug,RenderSpatialTriggers(),B3TrafficDebug.cpp
002ae9f0,1176,CB3TrafficDebug,RenderNearMissData(),B3TrafficDebug.cpp
002aee90,112,CB3TrafficDebug,RenderWorld(),B3TrafficDebug.cpp
002aef00,36,CB3TrafficDebug,Update(),B3TrafficDebug.cpp
002aef30,8,CB3TrafficDebug,Prepare(),B3TrafficDebug.cpp
002aef40,8,CB3TrafficDebug,Destruct(),B3TrafficDebug.cpp
002aef50,28,CB3TrafficDebug,Construct(),B3TrafficDebug.cpp
002aef70,52,CB3CPUMonitors,Construct(),B3CPUMonitors.cpp
002aefb0,88,CB3NetworkCPUMonitors,Construct(),B3CPUMonitors.cpp
002b2e40,632,CB3TrailRenderer,"Render(CB3TrailEmitter**,int,CB3TrailParams*,EB3TrailType)",B3TrailRenderPS2.cpp
002b30c0,60,CB3TrailRenderer,EndRender(),B3TrailRenderPS2.cpp
002b3100,420,CB3TrailRenderer,BeginRender(),B3TrailRenderPS2.cpp
002b32b0,268,CB3TrailRenderer,Construct(),B3TrailRenderPS2.cpp
002b33c0,280,CB3DebrisRenderer,UploadCodeAndCameraData(),B3DebrisRendererPS2.cpp
002b34e0,1596,CB3DebrisRenderer,DispatchBuffer(),B3DebrisRendererPS2.cpp
002b3b20,92,CB3DebrisRenderer,EndRender(),B3DebrisRendererPS2.cpp
002b3b80,720,CB3DebrisRenderer,"RenderDebrisArray(CB3DebrisArray*,float)",B3DebrisRendererPS2.cpp
002b3e50,20,CB3DebrisRenderer,BeginRender(),B3DebrisRendererPS2.cpp
002b3e70,8,CB3DebrisRenderer,Destruct(),B3DebrisRendererPS2.cpp
002b3e80,28,CB3DebrisRenderer,Construct(),B3DebrisRendererPS2.cpp
002b3ea0,152,CB3DebrisArray,UploadStaticDataAndGeometry(bool) const,B3DebrisRendererPS2.cpp
002b3f40,572,CB3DebrisArray,"SpawnDebris(GtMathPs2::CGtV3d,GtMathPs2::CGtV3d,GtMathPs2::CGtV3d,GtMathPs2::CGtV3d,float,float,float,float)",B3DebrisRendererPS2.cpp
002b4180,8,CB3DebrisArray,Release(),B3DebrisRendererPS2.cpp
002b4190,68,CB3DebrisArray,Prepare(),B3DebrisRendererPS2.cpp
002b41e0,8,CB3DebrisArray,Destruct(),B3DebrisRendererPS2.cpp
002b41f0,124,CB3DebrisArray,Construct(EDebrisGeometry),B3DebrisRendererPS2.cpp
002b4270,328,CB3DebrisArray,ConstructGeometryData(EDebrisGeometry),B3DebrisRendererPS2.cpp
002b43c0,8,CB3SoundDoppler,SetMaxVolBoost(float),B3SoundDoppler.cpp
002b43d0,8,CB3SoundDoppler,SetMaxVolToPower(float),B3SoundDoppler.cpp
002b43e0,8,CB3SoundDoppler,SetMaxVolLinear(float),B3SoundDoppler.cpp
002b43f0,524,CB3SoundDoppler,"CalculatePitch(float,float)",B3SoundDoppler.cpp
002b4600,224,CB3SoundDoppler,"CalculateVolume(float,float)",B3SoundDoppler.cpp
002b46e0,112,CB3SoundDoppler,"Update(float,float,float,float,float*,float*)",B3SoundDoppler.cpp
002b4750,84,CB3SoundDoppler,Prepare(),B3SoundDoppler.cpp
002b47b0,8,CB3SoundDoppler,Construct(),B3SoundDoppler.cpp
002b47c0,12,CB3CameraUtils,GetOppositeSide(EAISegmentLinkType),B3CameraUtils.cpp
002b47d0,84,CB3CameraUtils,"GetSide(GtMathPs2::CGtV3d*,CB3AILaneStruct*,unsigned short,EAISegmentLinkType)",B3CameraUtils.cpp
002b4830,348,CB3CameraUtils,"GetPositionAtParam(CB3AILaneStruct*,unsigned short,float,EAISegmentLinkType,float)",B3CameraUtils.cpp
002b4990,124,CB3CameraUtils,"GetPositionAtParam(CB3AILaneStruct*,unsigned short,float,EAISegmentLinkType)",B3CameraUtils.cpp
002b4a10,200,CB3CameraUtils,"GetPositionOnFloor(GtMathPs2::CGtV3d,int)",B3CameraUtils.cpp
002b4ae0,72,CB3CameraUtils,"CallbackLineFloor(const CGtPolygonIntersectionResult&,void*)",B3CameraUtils.cpp
002b4b30,344,CB3CameraUtils,"GetTrackMatrix(GtMathPs2::CGtMatrix3x4*,CB3RaceCarPhysics*)",B3CameraUtils.cpp
002b4c90,364,CB3CameraUtils,"GetRigMatrix(GtMathPs2::CGtMatrix3x4*,CB3CollidingBody*)",B3CameraUtils.cpp
002b4e00,472,CB3CameraUtils,"GetRigPosition(GtMathPs2::CGtV3d*,CB3CollidingBody*)",B3CameraUtils.cpp
002b4fe0,2096,CB3CameraUtils,"CollisionResolveCameraWorld(CB3Viewport*,GtMathPs2::CGtV3d,int)",B3CameraUtils.cpp
002b5810,648,CB3CameraUtils,"CollisionResolveCameraWorld(CB3Viewport*,float,int)",B3CameraUtils.cpp
002b5aa0,2224,CB3CameraUtils,"CollisionIsCameraInVehicle(GtMathPs2::CGtV3d,int)",B3CameraUtils.cpp
002b6350,616,CB3CameraUtils,"LineOfSight(const CGtLine&,GtMathPs2::CGtV3d,const CGtAxisAlignedBox&,const GtMathPs2::CGtMatrix3x4&,GtMathPs2:",B3CameraUtils.cpp
002b65c0,628,CB3CameraUtils,"LineOfSight(GtMathPs2::CGtV3d,GtMathPs2::CGtV3d,int)",B3CameraUtils.cpp
002b6840,1160,CB3CameraAttribs,UnregisterVariables(),B3CameraAttribs.cpp
002b6cd0,3880,CB3CameraAttribs,RegisterVariables(),B3CameraAttribs.cpp
002b7c00,556,CB3CameraAttribsCar,RegisterVariables(),B3CameraAttribs.cpp
002b7e30,300,CB3CameraAttribsCar,Release(unsigned long),B3CameraAttribs.cpp
002b7f60,132,CB3CameraAttribsCar,Prepare(unsigned long),B3CameraAttribs.cpp
002b7ff0,620,CGt2dObjectParagraph,"_RenderOutline(const CGt2dObject::CGt2dObjectSpace&,const void*)",Gt2dObjectParagraph.cpp
002b8260,512,CGt2dObjectParagraph,"_RenderDropShadow(const CGt2dObject::CGt2dObjectSpace&,const void*)",Gt2dObjectParagraph.cpp
002b8460,344,CGt2dObjectParagraph,"_RenderPlain(const CGt2dObject::CGt2dObjectSpace&,const void*)",Gt2dObjectParagraph.cpp
002b85c0,876,CGt2dObjectParagraph,"_BuildLineOfText(const CGt2dObject::CGt2dObjectSpace&,const unsigned short**,const CGt2dFont*,float,float",Gt2dObjectParagraph.cpp
002b8930,476,CGt2dObjectParagraph,"Prepare(const GtMathPs2::CGtV2d&,float,const GtMathPs2::CGtV2d&,GtMathPs2::CGtV4d,const unsigned short*,c",Gt2dObjectParagraph.cpp
002b8b10,92,CB3NetworkNewHostMessage,"Retrieve(int*,int*)",B3NetworkNewHostMessage.cpp
002b8b70,52,CB3NetworkNewHostMessage,"Prepare(int,int*)",B3NetworkNewHostMessage.cpp
002b8bb0,8,CB3NetworkNewHostMessage,Construct(),B3NetworkNewHostMessage.cpp
002b8bc0,60,CB3NetworkHostKeepAliveMessage,Retrieve(int*),B3NetworkHostKeepAliveMessage.cpp
002b8c00,64,CB3NetworkHostKeepAliveMessage,Prepare(),B3NetworkHostKeepAliveMessage.cpp
002b8c40,8,CB3NetworkHostKeepAliveMessage,Construct(),B3NetworkHostKeepAliveMessage.cpp
002b8c50,632,CB3PropManager,"Render(signed char,short,signed char*)",B3PropManagerPS2.cpp
002b8ed0,80,CGtLinearMalloc,Malloc(unsigned int),GtLinearMalloc.cpp
002b8f20,8,CGtLinearMalloc,SetAlignment(unsigned int),GtLinearMalloc.cpp
002b8f30,160,CGtLinearMalloc,Destroy(),GtLinearMalloc.cpp
002b8fd0,36,CGtLinearMalloc,"Create(void*,unsigned int)",GtLinearMalloc.cpp
002b9000,196,CGtLinearMalloc,~CGtLinearMalloc(),GtLinearMalloc.cpp
002b90d0,24,CGtLinearMalloc,CGtLinearMalloc(),GtLinearMalloc.cpp
002b90f0,136,CB3RadialBlur,RestoreRenderstates(const CB3CameraData*),B3RadialBlurPS2.cpp
002b9180,468,CB3RadialBlur,"CopyToScreen(unsigned long,unsigned long,unsigned long,unsigned long,int,int,int,int)",B3RadialBlurPS2.cpp
002b9360,640,CB3RadialBlur,"BlurOut(int,int,int,int,const GtMathPs2::CGtV2d&)",B3RadialBlurPS2.cpp
002b95e0,208,CB3RadialBlur,"BlurSetRenderstates(unsigned long,unsigned long,int,int)",B3RadialBlurPS2.cpp
002b96b0,736,CB3RadialBlur,"SetAlpha(unsigned long,unsigned long,int,int,int,int,CGtTexture*,bool)",B3RadialBlurPS2.cpp
002b9990,388,CB3RadialBlur,"Downsample(unsigned long,unsigned long,unsigned long,unsigned long,int,int,int,int)",B3RadialBlurPS2.cpp
002b9b20,156,CB3RadialBlur,SetRenderstates(),B3RadialBlurPS2.cpp
002b9bc0,996,CB3RadialBlur,Render(),B3RadialBlurPS2.cpp
002b9fb0,224,CB3RadialBlur,Prepare(),B3RadialBlurPS2.cpp
002ba090,20,CB3SoundESMManager,RelinquishESM(CB3SoundESM*),B3SoundESMManager.cpp
002ba0b0,144,CB3SoundESMManager,RequestESM(bool),B3SoundESMManager.cpp
002ba140,8,CB3SoundESMManager,Release(),B3SoundESMManager.cpp
002ba150,8,CB3SoundESMManager,Update(),B3SoundESMManager.cpp
002ba160,8,CB3SoundESMManager,Prepare(),B3SoundESMManager.cpp
002ba170,80,CB3SoundESMManager,Construct(),B3SoundESMManager.cpp
002ba1c0,364,CB3SoundESMGraphInputs,"ApplyLag(const CB3SoundESMGraphInputs&,const CB3SoundESMInputLag*)",B3SoundESMStruct.cpp
002ba330,248,CB3SoundESMGraphInputs,"Construct(const CB3RaceCar*,float)",B3SoundESMStruct.cpp
002ba430,32,CB3SoundESMGraphInputs,Construct(),B3SoundESMStruct.cpp
002ba450,244,CB3SoundEsmGraphOutputs,"Apply(CGtSoundVirtualVoice*,const CB3RaceCar*,float) const",B3SoundESMStruct.cpp
002ba550,208,CB3SoundEsmGraphOutputs,Apply(unsigned int) const,B3SoundESMStruct.cpp
002ba620,388,CB3SoundEsmGraphOutputs,"Apply(CGtSoundRealVoice*,const CB3RaceCar*,float,float) const",B3SoundESMStruct.cpp
002ba7b0,288,CB3SoundESMGraphStruct,"Update(const CB3SoundESMGraphInputs&,CB3SoundEsmGraphOutputs&) const",B3SoundESMStruct.cpp
002ba8d0,296,CB3SoundESMStruct,"Update(const CB3SoundESMGraphInputs&,CB3SoundEsmGraphOutputs*) const",B3SoundESMStruct.cpp
002baa00,624,CB3SoundDSPDataBlock,"ProcessHighShelfFilter(short*,short*)",B3SoundDSPBlock.cpp
002bac70,416,CB3SoundDSPDataBlock,"CalculateHighShelfCoefficients(float,float,float)",B3SoundDSPBlock.cpp
002bae10,324,CB3SoundDSPDataBlock,"SetParam(int,float)",B3SoundDSPBlock.cpp
002baf60,584,CB3SoundDSPDataBlock,"ProcessB2Distortion(short*,short*)",B3SoundDSPBlock.cpp
002bb1b0,96,CB3SoundDSPDataBlock,"Process(short*,short*)",B3SoundDSPBlock.cpp
002bb210,108,CB3SoundDSPDataBlock,Reset(),B3SoundDSPBlock.cpp
002bb280,8,CB3SoundDSPDataBlock,SetType(EDSPType),B3SoundDSPBlock.cpp
002bb290,92,CB3SoundDSPDataBlock,Construct(),B3SoundDSPBlock.cpp
002bb2f0,24,CB3SoundDistortion,"GetDSPSends(CGtSoundRealVoiceDSPSend**,int*)",B3SoundDistPS2.cpp
002bb310,812,CB3SoundDistortion,"CalculateGainPair(float,float,bool,float*,float*)",B3SoundDistPS2.cpp
002bbb80,836,CB3SoundDistortion,Update(),B3SoundDistPS2.cpp
002bbed0,328,CB3SoundDistortion,"CalculateDistance(GtMathPs2::CGtV3d*,GtMathPs2::CGtV3d*)",B3SoundDistPS2.cpp
002bc020,196,CB3SoundDistortion,StopDistortion(),B3SoundDistPS2.cpp
002bc0f0,212,CB3SoundDistortion,StartDistortion(),B3SoundDistPS2.cpp
002bc1d0,72,CB3SoundDistortion,SetChannels(int),B3SoundDistPS2.cpp
002bc220,424,CB3SoundDistortion,"Construct(RwaSPU2Output*,int)",B3SoundDistPS2.cpp
002bc3d0,8,CB3BehaviourTrackSide,Construct(),B3BehaviourTrackSide.cpp
002bc3e0,292,CB3BehaviourTrackSide,IncrementSegment(bool),B3BehaviourTrackSide.cpp
002bc510,288,CB3BehaviourTrackSide,StepForward(float),B3BehaviourTrackSide.cpp
002bc630,8,CB3BehaviourTrackSide,Destruct(),B3BehaviourTrackSide.cpp
002bc640,8,CB3BehaviourTrackSide,Release(void*),B3BehaviourTrackSide.cpp
002bc650,320,CB3BehaviourTrackSide,GetRigMatrix(GtMathPs2::CGtMatrix3x4*),B3BehaviourTrackSide.cpp
002bc790,1392,CB3BehaviourTrackSide,GetRigPosition(GtMathPs2::CGtV3d*),B3BehaviourTrackSide.cpp
002bcd00,9236,CB3BehaviourTrackSide,"Update(CGtCamera*,float)",B3BehaviourTrackSide.cpp
002bf120,8772,CB3BehaviourTrackSide,Prepare(void*),B3BehaviourTrackSide.cpp
002c1370,16,CB3BehaviourTrackSide,"SetParameters(EB3BehaviourType,CB3AttribsTrackSide*,int)",B3BehaviourTrackSide.cpp
002c1380,8,CB3BehaviourTrackSide,Construct(int),B3BehaviourTrackSide.cpp
002c1390,1016,CB3PlayerCameraStateCrash,"Action(EGtStateAction,void*,void*,void*)",B3PlayerCameraStateCrash.cpp
002c1790,1196,CB3PlayerCameraStateReplay,"Action(EGtStateAction,void*,void*,void*)",B3PlayerCameraStateReplay.cpp
002c1c40,460,CB3PlayerCameraStateReplay,"SetNextCut(CB3PlayerCameraManager*,const CB3CrashCut*)",B3PlayerCameraStateReplay.cpp
002c1e10,176,CB3StreamedTrack,"ForEveryUnitInSafeArea(void (*)(CB3StreamedTrackLODAndCollisionData*, int, void*),void*)",B3StreamedTrack.cpp
002c1ec0,120,CB3StreamedTrack,"ComputeVehicleRenderData(CB3VehicleEssentialParams*,float)",B3StreamedTrack.cpp
002c1f40,2004,CB3StreamedTrack,"GetIrradiance(int,GtMathPs2::CGtV3d,CGtIrradianceMap*,float)",B3StreamedTrack.cpp
002c2720,184,CB3StreamedTrack,"IntersectSphereWithUnit(unsigned int,GtMathPs2::CGtSphere,bool (*)(const CGtPolygonIntersectionResult&, void*",B3StreamedTrack.cpp
002c27e0,176,CB3StreamedTrack,"IntersectLineWithUnit(unsigned int,const CGtLine&,bool (*)(const CGtPolygonIntersectionResult&, void*),void*)",B3StreamedTrack.cpp
002c2890,192,CB3StreamedTrack,"IntersectLineNearestWithUnit(unsigned int,const CGtLine&,CGtPolygonIntersectionResult*)",B3StreamedTrack.cpp
002c2950,648,CB3StreamedTrack,UpdateStreamPVS(),B3StreamedTrack.cpp
002c2be0,856,CB3StreamedTrack,Update(),B3StreamedTrack.cpp
002c2f40,164,CB3StreamedTrack,GetUnitOriginalID(int),B3StreamedTrack.cpp
002c2ff0,196,CB3StreamedTrack,"GetUnit(int,EB3TrackType)",B3StreamedTrack.cpp
002c30c0,660,CB3StreamedTrack,UpdateStreamFSM(),B3StreamedTrack.cpp
002c3360,300,CB3StreamedTrack,UpdateStreamHighFSM(),B3StreamedTrack.cpp
002c3490,300,CB3StreamedTrack,UpdateStreamLowFSM(),B3StreamedTrack.cpp
002c35c0,408,CB3StreamedTrack,RestartStream(),B3StreamedTrack.cpp
002c3760,84,CB3StreamedTrack,Release(),B3StreamedTrack.cpp
002c37c0,440,CB3StreamedTrack,"Prepare(bool,int)",B3StreamedTrack.cpp
002c3980,12,CB3StreamedTrack,Destruct(),B3StreamedTrack.cpp
002c3990,112,CB3StreamedTrack,Construct(),B3StreamedTrack.cpp
002c3a00,572,CB3ShadowMgr,"RenderAmbientShadow(CB3VehicleEssentialParams*,GtMathPs2::CGtV3d,float,float)",B3Shadows.cpp
002c3c40,780,CB3ShadowMgr,RenderShadows(int),B3Shadows.cpp
002c3f50,500,CB3ShadowMgr,RenderFrontEndShadow(int),B3Shadows.cpp
002c4150,160,CB3ShadowRenderer,EndShadowPlaneRendering(),B3ShadowRendererPS2.cpp
002c41f0,456,CB3ShadowRenderer,"RenderAmbientVehicleShadow(const GtMathPs2::CGtMatrix3x4&,const CGtAxisAlignedBox&,const CGtAxisAlignedBox&,",B3ShadowRendererPS2.cpp
002c43c0,664,CB3ShadowRenderer,BeginShadowPlaneRendering(),B3ShadowRendererPS2.cpp
002c4660,8,CB3ShadowRenderer,EndShadowRendering(),B3ShadowRendererPS2.cpp
002c4670,80,CB3ShadowRenderer,BeginShadowRendering(),B3ShadowRendererPS2.cpp
002c46c0,104,CGtInputManagerPS2Keyboard,Update(),GtInputManagerPS2Keyboard.cpp
002c4730,100,CGtInputManagerPS2Keyboard,Prepare(),GtInputManagerPS2Keyboard.cpp
002c47a0,116,CGtInputManagerPS2Keyboard,"Construct(int,int)",GtInputManagerPS2Keyboard.cpp
002c4820,176,CGtInputDevicePS2Keyboard,GetLEDState(),GtInputDevicePS2Keyboard.cpp
002c48d0,72,CGtInputDevicePS2Keyboard,IsControlPressed(EGtVirtualKeyCodes),GtInputDevicePS2Keyboard.cpp
002c4920,1084,CGtInputDevicePS2Keyboard,Update(),GtInputDevicePS2Keyboard.cpp
002c4d60,108,CGtInputDevicePS2Keyboard,Prepare(int),GtInputDevicePS2Keyboard.cpp
002c4dd0,32,CGtInputDevicePS2Keyboard,Construct(),GtInputDevicePS2Keyboard.cpp
002c7b70,100,CB3CoronaRenderer,RestoreRenderstates(),B3CoronaRendererPS2.cpp
002c7be0,116,CB3CoronaRenderer,SetRenderstates(),B3CoronaRendererPS2.cpp
002c7c60,560,CB3CoronaRenderer,UploadCodeAndStaticData(float),B3CoronaRendererPS2.cpp
002c7e90,736,CB3CoronaRenderer,EndRender(),B3CoronaRendererPS2.cpp
002c8170,132,CB3CoronaRenderer,"RenderDynamicArray(CB3CoronaDynamicArray*,CGtTexture*)",B3CoronaRendererPS2.cpp
002c8200,12,CB3CoronaRenderer,"BeginRender(int,float)",B3CoronaRendererPS2.cpp
002c8210,8,CB3CoronaRenderer,Destruct(),B3CoronaRendererPS2.cpp
002c8220,8,CB3CoronaRenderer,Construct(),B3CoronaRendererPS2.cpp
002c8230,164,CB3CoronaDynamicArray,EndUpdate(),B3CoronaRendererPS2.cpp
002c82e0,88,CB3CoronaDynamicArray,"AddCorona(GtMathPs2::CGtV3d,GtMathPs2::CGtV3d,float,float,float)",B3CoronaRendererPS2.cpp
002c8340,92,CB3CoronaDynamicArray,BeginUpdate(int),B3CoronaRendererPS2.cpp
002c83a0,192,CB3CoronaDynamicArray,Prepare(),B3CoronaRendererPS2.cpp
002c8460,8,CB3CoronaDynamicArray,Destruct(),B3CoronaRendererPS2.cpp
002c8470,152,CB3CoronaDynamicArray,Construct(int),B3CoronaRendererPS2.cpp
002c8510,564,CB3CoronaDynamicArray,"ConstructDMAData(int,int,int)",B3CoronaRendererPS2.cpp
002c8750,5328,CB3TrafficSystem,Draw(int),B3TrafficSystemLoadAndRender.cpp
002c9f00,140,CDrawnTrafficCache,TestPosition(GtMathPs2::CGtV3d),B3TrafficSystemLoadAndRender.cpp
002c9fe0,684,CB3TrafficSystem,PrepareTrafficVehicleData(),B3TrafficSystemLoadAndRender.cpp
002ca290,404,CB3VehicleReflectivityData,Register(unsigned long),B3VehicleReflectivityData.cpp
002ca430,132,CB3VehicleReflectivityData,Release(),B3VehicleReflectivityData.cpp
002ca4c0,1528,CMemoryDevicePS2,"GetFinishStatus(int,int,int*)",GTMemoryDevicePS2_MC2.cpp
002caac0,384,CMemoryDevicePS2,"FinishedGetFileSize(int,int*)",GTMemoryDevicePS2_MC2.cpp
002cac40,408,CMemoryDevicePS2,FinishedGetInfo(int),GTMemoryDevicePS2_MC2.cpp
002cade0,228,CMemoryDevicePS2,GetRunStatus(int),GTMemoryDevicePS2_MC2.cpp
002caed0,416,CMemoryDevicePS2,"Sync(EMemDevPollOrWait,int*)",GTMemoryDevicePS2_MC2.cpp
002cb070,100,CMemoryDevicePS2,MkDir(const char*),GTMemoryDevicePS2_MC2.cpp
002cb0e0,156,CMemoryDevicePS2,Format(),GTMemoryDevicePS2_MC2.cpp
002cb180,172,CMemoryDevicePS2,"Write(const char*,unsigned int,unsigned int)",GTMemoryDevicePS2_MC2.cpp
002cb230,172,CMemoryDevicePS2,"Read(char*,unsigned int,unsigned int)",GTMemoryDevicePS2_MC2.cpp
002cb2e0,84,CMemoryDevicePS2,CloseFile(),GTMemoryDevicePS2_MC2.cpp
002cb340,444,CMemoryDevicePS2,"OpenFile(const char*,unsigned int,unsigned int)",GTMemoryDevicePS2_MC2.cpp
002cb500,32,CMemoryDevicePS2,GetFreeSpace(),GTMemoryDevicePS2_MC2.cpp
002cb520,116,CMemoryDevicePS2,GetFileSize(const char*),GTMemoryDevicePS2_MC2.cpp
002cb5a0,104,CMemoryDevicePS2,FileExists(const char*),GTMemoryDevicePS2_MC2.cpp
002cb610,8,CMemoryDevicePS2,GetError(),GTMemoryDevicePS2_MC2.cpp
002cb620,140,CMemoryDevicePS2,Init(),GTMemoryDevicePS2_MC2.cpp
002cb6b0,72,CB3BoostEffectParams,GetCameraFOVInterpAmount() const,B3BoostEffectParams.cpp
002cb700,252,CB3BoostEffectParams,"SetViewportEffects(CB3ViewportParams*,CB3PlayerCar*)",B3BoostEffectParams.cpp
002cb800,136,CB3BoostEffectParams,GetFlameParams(CB3FlameParams*) const,B3BoostEffectParams.cpp
002cb890,1308,CB3BoostEffectParams,"GetRadialBlurParams(CB3RadialBlurParams*,CB3PlayerCar*,CB3PlayerCameraManager*) const",B3BoostEffectParams.cpp
002cbdb0,8,CB3BoostEffectParams,Stop(),B3BoostEffectParams.cpp
002cbdc0,32,CB3BoostEffectParams,Trigger(int),B3BoostEffectParams.cpp
002cbde0,656,CB3BoostEffectParams,Update(CB3RaceCar*),B3BoostEffectParams.cpp
002cc070,32,CB3BoostEffectParams,Prepare(CB3Burn*),B3BoostEffectParams.cpp
002cc090,308,CB3MenuComponents,Construct(),B3MenuComponents.cpp
002cc1d0,44,CB3MenuChoices,IsCurrentStageCrashMode(),B3MenuChoices.cpp
002cc200,352,CB3MenuChoices,RequestOPMDemoGameMode(),B3MenuChoices.cpp
002cc360,352,CB3MenuChoices,RequestMShowDemoGameMode(),B3MenuChoices.cpp
002cc4c0,1668,CB3MenuChoices,RequestPeriodicalGameMode(),B3MenuChoices.cpp
002ccb50,608,CB3MenuChoices,RequestOnlineGameMode(),B3MenuChoices.cpp
002ccdb0,380,CB3MenuChoices,RequestCrashPartyGameMode(),B3MenuChoices.cpp
002ccf30,580,CB3MenuChoices,RequestTwoPlayerGameMode(int),B3MenuChoices.cpp
002cd180,532,CB3MenuChoices,RequestOnePlayerGameMode(int),B3MenuChoices.cpp
002cd3a0,1016,CB3MenuChoices,RequestChampionshipGameMode(int),B3MenuChoices.cpp
002cd7a0,896,CB3MenuChoices,"GetDriverCarID(CB3GameStageDataStruct*,int,int)",B3MenuChoices.cpp
002cdb20,96,CB3MenuChoices,GetGameStageData(CB3StageDataStruct*),B3MenuChoices.cpp
002cdb80,92,CB3MenuChoices,IsCurrentSelectionCrashMode(),B3MenuChoices.cpp
002cdbe0,484,CB3MenuChoices,RequestNewGameMode(),B3MenuChoices.cpp
002cddd0,228,CB3MenuChoices,Prepare(),B3MenuChoices.cpp
002cdec0,64,CB3MenuPageManager,ImmediateLeadOut(EB3MenuFlowFSMEvents),B3MenuPageManager.cpp
002cdf00,88,CB3MenuPageManager,"StartLeadOutBack(EB3MenuFlowFSMEvents,bool)",B3MenuPageManager.cpp
002cdf60,88,CB3MenuPageManager,"StartLeadOutFore(EB3MenuFlowFSMEvents,bool)",B3MenuPageManager.cpp
002cdfc0,88,CB3MenuPageManager,StartLeadOut(EB3MenuFlowFSMEvents),B3MenuPageManager.cpp
002ce020,228,CB3MenuPageManager,"SetMenuPage(CB3MenuPageBase*,bool)",B3MenuPageManager.cpp
002ce110,36,CB3MenuPageManager,"AddComponent(CB3MenuComponentBase*,int)",B3MenuPageManager.cpp
002ce140,224,CB3MenuPageManager,Render(),B3MenuPageManager.cpp
002ce220,1248,CB3MenuPageManager,Update(),B3MenuPageManager.cpp
002ce700,148,CB3MenuPageManager,ReleaseCurrentMenu(),B3MenuPageManager.cpp
002ce7a0,252,CB3MenuPageManager,Prepare(),B3MenuPageManager.cpp
002ce8a0,980,CB3MenuPageManager,Construct(),B3MenuPageManager.cpp
002cec80,908,CB3RegionSelectState,"Action(EGtStateAction,void*,void*,void*)",B3RegionSelectState.cpp
002cf010,2364,CB3ClassSelectState,"Action(EGtStateAction,void*,void*,void*)",B3ClassSelectState.cpp
002cf950,1200,CB3MainMenuState,NextPage(int),B3MainMenuState.cpp
002cfe00,396,CB3MainMenuState,"Action(EGtStateAction,void*,void*,void*)",B3MainMenuState.cpp
002cff90,1440,CB3MenuFlowFSM,SetInitialMenuState(),B3MenuFlowFSM.cpp
002d0530,8,CB3MenuFlowFSM,SetMenuFlowType(EB3MenuFlowType),B3MenuFlowFSM.cpp
002d0540,8,CB3MenuFlowFSM,GetMenuFlowType(),B3MenuFlowFSM.cpp
002d0550,12,CB3MenuFlowFSM,GetOffsetTable(),B3MenuFlowFSM.cpp
002d0560,8,CB3MenuFlowFSM,"ApplyEvent(unsigned int,void*)",B3MenuFlowFSM.cpp
002d0570,8,CB3MenuFlowFSM,"Construct(void*,const CGtStateOffset*,CGtTimer*)",B3MenuFlowFSM.cpp
002d0580,620,CB3OnlineLobbyState,PrepareClassSelect(),B3OnlineLobbyState.cpp
002d07f0,1532,CB3OnlineLobbyState,HandleInLobbyEvents(EB3MenuFlowFSMEvents),B3OnlineLobbyState.cpp
002d0df0,276,CB3OnlineLobbyState,HandleSelectCarEvents(EB3MenuFlowFSMEvents),B3OnlineLobbyState.cpp
002d0f10,1736,CB3OnlineLobbyState,"Action(EGtStateAction,void*,void*,void*)",B3OnlineLobbyState.cpp
002d15e0,1836,CB3CarSelectState,"Action(EGtStateAction,void*,void*,void*)",B3CarSelectState.cpp
002d1d10,480,CB3TrackSelectState,"Action(EGtStateAction,void*,void*,void*)",B3TrackSelectState.cpp
002d1ef0,124,CB3OnlineLobbyPage,"_GetImageSize(GtMathPs2::CGtV2d*,const CGt2dFrame&,const void*)",B3OnlineLobbyPage.cpp
002d1f70,1076,CB3OnlineLobbyPage,"_RenderImage(const GtMathPs2::CGtV2d&,const GtMathPs2::CGtV2d&,unsigned short*,const CGt2dFrame&,const void",B3OnlineLobbyPage.cpp
002d23b0,1140,CB3OnlineLobbyPage,BuildGameOptionsText(),B3OnlineLobbyPage.cpp
002d2830,264,CB3OnlineLobbyPage,"CheckCarClassLimit(unsigned long,bool)",B3OnlineLobbyPage.cpp
002d2940,296,CB3OnlineLobbyPage,GetCarClass(unsigned long),B3OnlineLobbyPage.cpp
002d2a70,120,CB3OnlineLobbyPage,"_BanBuddyCallback(bool,void*)",B3OnlineLobbyPage.cpp
002d2af0,120,CB3OnlineLobbyPage,"_AddUserCallback(bool,void*)",B3OnlineLobbyPage.cpp
002d2b70,1380,CB3OnlineLobbyPage,RebuildList(),B3OnlineLobbyPage.cpp
002d30e0,1408,CB3OnlineLobbyPage,ShowPrompts(),B3OnlineLobbyPage.cpp
002d3660,264,CB3OnlineLobbyPage,OnKeyboardShow(),B3OnlineLobbyPage.cpp
002d3770,132,CB3OnlineLobbyPage,OnKeyboardCancel(),B3OnlineLobbyPage.cpp
002d3800,340,CB3OnlineLobbyPage,OnKeyboardDone(),B3OnlineLobbyPage.cpp
002d3960,284,CB3OnlineLobbyPage,"SetPlayerLatency(int,int)",B3OnlineLobbyPage.cpp
002d3a80,196,CB3OnlineLobbyPage,"SetPlayerCar(int,unsigned long,int)",B3OnlineLobbyPage.cpp
002d3b50,296,CB3OnlineLobbyPage,"SetPlayerHeadsetStatus(int,unsigned char)",B3OnlineLobbyPage.cpp
002d3c80,384,CB3OnlineLobbyPage,"SetPlayerName(int,char*,bool,bool)",B3OnlineLobbyPage.cpp
002d3e00,2276,CB3OnlineLobbyPage,SetupTableData(),B3OnlineLobbyPage.cpp
002d46f0,60,CB3OnlineLobbyPage,Release(),B3OnlineLobbyPage.cpp
002d4730,308,CB3OnlineLobbyPage,UpdateConfirmLeave(),B3OnlineLobbyPage.cpp
002d4870,480,CB3OnlineLobbyPage,UpdateLatency(),B3OnlineLobbyPage.cpp
002d4a50,500,CB3OnlineLobbyPage,UpdateLaunchGame(),B3OnlineLobbyPage.cpp
002d4c50,452,CB3OnlineLobbyPage,UpdateBuddyBanningMode(),B3OnlineLobbyPage.cpp
002d4e20,708,CB3OnlineLobbyPage,UpdateBuddyDetailsPageMode(),B3OnlineLobbyPage.cpp
002d50f0,1056,CB3OnlineLobbyPage,UpdateSelectPlayerPageMode(),B3OnlineLobbyPage.cpp
002d5510,1848,CB3OnlineLobbyPage,UpdateNormalPageMode(),B3OnlineLobbyPage.cpp
002d5c50,904,CB3OnlineLobbyPage,UpdateNATData(),B3OnlineLobbyPage.cpp
002d5fe0,1072,CB3OnlineLobbyPage,ReturnToNormalPageMode(),B3OnlineLobbyPage.cpp
002d6410,852,CB3OnlineLobbyPage,UpdateVoIP(),B3OnlineLobbyPage.cpp
002d6770,732,CB3OnlineLobbyPage,UpdateKeyboard(),B3OnlineLobbyPage.cpp
002d6a50,72,CB3OnlineLobbyPage,"ChatMessageCallback(char*,char*,void*)",B3OnlineLobbyPage.cpp
002d6aa0,2136,CB3OnlineLobbyPage,Update(),B3OnlineLobbyPage.cpp
002d7300,360,CB3OnlineLobbyPage,HandleError(int),B3OnlineLobbyPage.cpp
002d7470,764,CB3OnlineLobbyPage,Prepare(char*),B3OnlineLobbyPage.cpp
002d7770,68,CGtUnicode,"PrintString<PUs>(unsigned short*,const unsigned short*,unsigned short*const&)",B3OnlineLobbyPage.cpp
002d77c0,8,CB3ClassSelectPage,Release(),B3ClassSelectPage.cpp
002d77d0,284,CB3ClassSelectPage,Update(),B3ClassSelectPage.cpp
002d78f0,552,CB3ClassSelectPage,"Prepare(EB3MenuCarClasses,bool)",B3ClassSelectPage.cpp
002d7b20,8,CB3MainMenuPage,Release(),B3MainMenuPage.cpp
002d7b30,556,CB3MainMenuPage,Update(),B3MainMenuPage.cpp
002d7d60,492,CB3MainMenuPage,Prepare(),B3MainMenuPage.cpp
002d7f50,48,CB3MenuPageBase,Prepare(bool),B3MenuPageBase.cpp
002d7f80,24,CB3CarSelectPage,Release(),B3CarSelectPage.cpp
002d7fa0,652,CB3CarSelectPage,Update(),B3CarSelectPage.cpp
002d8230,464,CB3CarSelectPage,Prepare(),B3CarSelectPage.cpp
002d8400,8,CB3RegionSelectPage,Release(),B3RegionSelectPage.cpp
002d8410,348,CB3RegionSelectPage,Update(),B3RegionSelectPage.cpp
002d8570,140,CB3RegionSelectPage,Prepare(),B3RegionSelectPage.cpp
002d8600,8,CB3TrackSelectPage,Release(),B3TrackSelectPage.cpp
002d8610,292,CB3TrackSelectPage,Update(),B3TrackSelectPage.cpp
002d8740,560,CB3TrackSelectPage,Prepare(),B3TrackSelectPage.cpp
002d8970,8,CB3ScrollingTextData,SetData(const unsigned short*),B3MenuComponentBase.cpp
002d8980,48,CB3ScrollingTextData,SetData(EGlobalStrings),B3MenuComponentBase.cpp
002d89b0,48,CB3MenuComponentSelectionData,SelectNext(),B3MenuComponentBase.cpp
002d89e0,36,CB3MenuComponentSelectionData,SelectPrev(),B3MenuComponentBase.cpp
002d8a10,8,CB3MenuComponentBase,Release(),B3MenuComponentBase.cpp
002d8a20,16,CB3MenuComponentBase,Prepare(),B3MenuComponentBase.cpp
002d8a30,32,CB3MenuComponentBase,Construct(int),B3MenuComponentBase.cpp
002d8a50,180,CB3HeadingComponent,Release(),B3HeadingComponent.cpp
002d8b10,1172,CB3HeadingComponent,Update(float),B3HeadingComponent.cpp
002d8fb0,268,CB3HeadingComponent,SetAwardHeadingString(const unsigned short*),B3HeadingComponent.cpp
002d90c0,496,CB3HeadingComponent,"Prepare(const unsigned short*,CB3HeadingComponent::EHeadingType)",B3HeadingComponent.cpp
002d92b0,72,CB3HeadingComponent,"Prepare(EGlobalStrings,CB3HeadingComponent::EHeadingType)",B3HeadingComponent.cpp
002d9300,916,CB3HeadingComponent,Prepare(CB3HeadingComponent::EHeadingType),B3HeadingComponent.cpp
002d96a0,612,CB3RotatingImage2dObject,"_Render(const CGt2dObject::CGt2dObjectSpace&,const void*)",B3HeadingComponent.cpp
002d9910,32,GtMathPs2,CGtMatrix2x3::operator =(const GtMathPs2::CGtMatrix2x3&),B3HeadingComponent.cpp
002d9930,56,GtMathPs2,CGtMatrix2x3::CGtMatrix2x3(const GtMathPs2::CGtMatrix2x3&),B3HeadingComponent.cpp
002d9970,56,CB3HeadingComponent,Construct(),B3HeadingComponent.cpp
002d99b0,1284,CHeadingBar2dObject,"_Render(const CGt2dObject::CGt2dObjectSpace&,const void*)",B3HeadingComponent.cpp
002d9ec0,148,CB3HelpBarComponent,Release(),B3HelpBarComponent.cpp
002d9f60,236,CB3HelpBarComponent,"SetString(const unsigned short*,bool,bool,float)",B3HelpBarComponent.cpp
002da050,464,CB3HelpBarComponent,Update(float),B3HelpBarComponent.cpp
002da220,200,CB3HelpBarComponent,CrashScorePrepare(int),B3HelpBarComponent.cpp
002da2f0,304,CB3HelpBarComponent,AwardPrepare(const unsigned short*),B3HelpBarComponent.cpp
002da420,288,CB3HelpBarComponent,"Prepare(const CB3MenuComponentSelectionData*,const CB3ScrollingTextData*,bool,float)",B3HelpBarComponent.cpp
002da540,164,CB3HelpBarComponent,Prepare(),B3HelpBarComponent.cpp
002da5f0,100,CB3HelpBarComponent,"Prepare(const unsigned short*,bool,float)",B3HelpBarComponent.cpp
002da660,56,CB3HelpBarComponent,Construct(),B3HelpBarComponent.cpp
002da6a0,932,CB3ScrollingText2dObject,"_BuildBatchData(const GtMathPs2::CGtV2d&,GtMathPs2::CGtV2d*,const unsigned short**,const CGt2dObject:",B3HelpBarComponent.cpp
002daa50,396,CB3ScrollingText2dObject,"_Render(const CGt2dObject::CGt2dObjectSpace&,const void*)",B3HelpBarComponent.cpp
002dabe0,356,CB3ScrollingText2dObject,"Prepare(const unsigned short*,bool,bool,float)",B3HelpBarComponent.cpp
002dad50,56,CB3HSelectComponent,Release(),B3HSelectComponent.cpp
002dad90,188,CB3HSelectComponent,Update(float),B3HSelectComponent.cpp
002dae50,216,CB3HSelectComponent,"Prepare(const CB3MenuComponentSelectionData*,const CB3HSelectComponentEntryData*)",B3HSelectComponent.cpp
002daf30,8,CB3HSelectComponent,Construct(),B3HSelectComponent.cpp
002daf40,320,CB3BackgroundComponent,UpdateLoadingBar(),B3BackgroundComponent.cpp
002db080,284,CB3BackgroundComponent,GetLoadingTipStringID(),B3BackgroundComponent.cpp
002db1a0,8,CB3StageLogic,GetResultsPageType(),B3BackgroundComponent.cpp
002db1b0,484,CB3BackgroundComponent,ReleaseObjects(),B3BackgroundComponent.cpp
002db3a0,44,CB3BackgroundComponent,Release(),B3BackgroundComponent.cpp
002db3d0,732,CB3BackgroundComponent,Update(float),B3BackgroundComponent.cpp
002db6b0,676,CB3BackgroundComponent,PrepareBorders(float),B3BackgroundComponent.cpp
002db960,2716,CB3BackgroundComponent,Prepare(EB3BackgroundType),B3BackgroundComponent.cpp
002dc400,180,CB3BackgroundComponent,Construct(),B3BackgroundComponent.cpp
002dc4c0,336,CB3TipText2dObject,"_Render(const CGt2dObject::CGt2dObjectSpace&,const void*)",B3BackgroundComponent.cpp
002dc610,904,CB3TipText2dObject,"_BuildBatchData(GtMathPs2::CGtV2d*,const unsigned short**,const CGt2dObject::CGt2dObjectSpace&,const void*)",B3BackgroundComponent.cpp
002dc9a0,96,CB3PromptsComponent,"SetCurrentPrompts(unsigned int,unsigned int)",B3PromptsComponent.cpp
002dca00,308,CB3PromptsComponent,Release(),B3PromptsComponent.cpp
002dcb40,864,CB3PromptsComponent,Update(float),B3PromptsComponent.cpp
002dcea0,1232,CB3PromptsComponent,"Prepare(unsigned int,unsigned int)",B3PromptsComponent.cpp
002dd370,452,CB3PromptsComponent,CreateTalkPrompt(bool),B3PromptsComponent.cpp
002dd540,440,CB3PromptsComponent,"CreatePrompt(CB3Button2dObject::EButton,EGlobalStrings)",B3PromptsComponent.cpp
002dd700,112,CB3PromptsComponent,Construct(),B3PromptsComponent.cpp
002dd770,144,CB3VSelectComponent,"ForceLead(bool,bool)",B3VSelectComponent.cpp
002dd800,44,CB3VSelectComponent,"SetItemEnabled(int,bool)",B3VSelectComponent.cpp
002dd830,180,CB3VSelectComponent,Release(),B3VSelectComponent.cpp
002dd8f0,2976,CB3VSelectComponent,Update(float),B3VSelectComponent.cpp
002de490,220,CB3VSelectComponent,"PrepareItem(int,float,bool)",B3VSelectComponent.cpp
002de570,668,CB3VSelectComponent,"Prepare(bool,float,float,float,float,const CB3MenuComponentSelectionData*,CB3VSelectComponentEntryData*)",B3VSelectComponent.cpp
002de810,48,CB3VSelectComponent,"Prepare(float,const CB3MenuComponentSelectionData*,CB3VSelectComponentEntryData*)",B3VSelectComponent.cpp
002de840,52,CB3VSelectComponent,"Prepare(const CB3MenuComponentSelectionData*,CB3VSelectComponentEntryData*)",B3VSelectComponent.cpp
002de880,80,CB3VSelectComponent,Construct(),B3VSelectComponent.cpp
002de8d0,8,CB3LoadingScreenPage,Release(),B3LoadingScreenPage.cpp
002de8e0,156,CB3LoadingScreenPage,Update(),B3LoadingScreenPage.cpp
002de980,392,CB3LoadingScreenPage,Prepare(),B3LoadingScreenPage.cpp
002deb10,920,CB3MyBurnoutPage,PrepareStats(),B3MyBurnoutPage.cpp
002deeb0,8,CB3MyBurnoutPage,Release(),B3MyBurnoutPage.cpp
002deec0,272,CB3MyBurnoutPage,Update(),B3MyBurnoutPage.cpp
002defd0,320,CB3MyBurnoutPage,Prepare(),B3MyBurnoutPage.cpp
002df110,8,CB3MyBurnoutPage,Construct(),B3MyBurnoutPage.cpp
002df120,1320,CB3MyBurnoutState,"Action(EGtStateAction,void*,void*,void*)",B3MyBurnoutState.cpp
002df650,912,CB3GameState,"Action(EGtStateAction,void*,void*,void*)",B3GameState.cpp
002df9e0,8,CB3OnlineMenuPage,Release(),B3OnlineMenuPage.cpp
002df9f0,460,CB3OnlineMenuPage,Update(),B3OnlineMenuPage.cpp
002dfbc0,348,CB3OnlineMenuPage,Prepare(bool),B3OnlineMenuPage.cpp
002dfd20,1364,CB3OnlineMenuState,HandleMainMenuEvents(EB3MenuFlowFSMEvents),B3OnlineMenuState.cpp
002e0280,1076,CB3OnlineMenuState,"Action(EGtStateAction,void*,void*,void*)",B3OnlineMenuState.cpp
002e06c0,1212,CB3OnlineGameCreateState,"Action(EGtStateAction,void*,void*,void*)",B3OnlineGameCreateState.cpp
002e0c20,12,CGtVideoDecoder,Abort(),GtVideoDecoderPS2.cpp
002e0c30,8,CGtVideoDecoder,IsCompleted(),GtVideoDecoderPS2.cpp
002e0c40,24,CGtVideoDecoder,GetImage(),GtVideoDecoderPS2.cpp
002e0c60,8,CGtVideoDecoder,SetExternalSync(float),GtVideoDecoderPS2.cpp
002e0c70,228,CGtVideoDecoder,Release(),GtVideoDecoderPS2.cpp
002e0d60,1172,CGtVideoDecoder,Update(),GtVideoDecoderPS2.cpp
002e1200,1168,CGtVideoDecoder,"Prepare(CGtLinearMalloc*,int,int,const char*,float,unsigned int)",GtVideoDecoderPS2.cpp
002e1690,76,CGtVideoDecoder,Construct(),GtVideoDecoderPS2.cpp
002e16e0,420,CGtVideoDecoder,"NodataCallback(sceMpeg*,sceMpegCbData*,void*)",GtVideoDecoderPS2.cpp
002e1890,32,CGtVideoDecoder,"RestartDMA(sceMpeg*,sceMpegCbData*,void*)",GtVideoDecoderPS2.cpp
002e18b0,32,CGtVideoDecoder,"StopDMA(sceMpeg*,sceMpegCbData*,void*)",GtVideoDecoderPS2.cpp
002e18d0,496,CGtVideoImage,"SetTileTexture(int,int)",GtVideoDecoderPS2.cpp
002e2630,656,CGt2dObjectVideoImage,"_Render(const CGt2dObject::CGt2dObjectSpace&,const void*)",Gt2dObjectVideoImage.cpp
002e28c0,312,CGt2dObjectVideoImage,"Prepare(const GtMathPs2::CGtV2d&,const GtMathPs2::CGtV2d&,const GtMathPs2::CGtV2d&,GtMathPs2::CGtV4d,CGt",Gt2dObjectVideoImage.cpp
002e2a00,8,CB3OnlineGameCreatePage,Release(),B3OnlineGameCreatePage.cpp
002e2a10,772,CB3OnlineGameCreatePage,Update(),B3OnlineGameCreatePage.cpp
002e2d20,484,CB3OnlineGameCreatePage,Prepare(CB3LobbyCreateGameParams*),B3OnlineGameCreatePage.cpp
002e2f10,8,CB3OnlineJoinGamePage,OnKeyboardShow(),B3OnlineJoinGamePage.cpp
002e2f20,68,CB3OnlineJoinGamePage,OnKeyboardCancel(),B3OnlineJoinGamePage.cpp
002e2f70,560,CB3OnlineJoinGamePage,OnKeyboardDone(),B3OnlineJoinGamePage.cpp
002e31a0,516,CB3OnlineJoinGamePage,"SetMode(int,EB3MenuChoicesOnline)",B3OnlineJoinGamePage.cpp
002e33b0,1028,CB3OnlineJoinGamePage,SetupTable(),B3OnlineJoinGamePage.cpp
002e37c0,12,CB3OnlineJoinGamePage,Release(),B3OnlineJoinGamePage.cpp
002e37d0,3868,CB3OnlineJoinGamePage,Update(),B3OnlineJoinGamePage.cpp
002e46f0,368,CB3OnlineJoinGamePage,JoinGame(int),B3OnlineJoinGamePage.cpp
002e4860,3036,CB3OnlineJoinGamePage,BuildListOfGames(),B3OnlineJoinGamePage.cpp
002e5440,456,CB3OnlineJoinGamePage,"ForEachNetworkGame(char*,int,int,int,int,int,int,int,int,int,int,int,int,void*)",B3OnlineJoinGamePage.cpp
002e5610,800,CB3OnlineJoinGamePage,"Prepare(char*,char*,char*,int,bool)",B3OnlineJoinGamePage.cpp
002e5930,824,CB3OnlineJoinGameState,"Action(EGtStateAction,void*,void*,void*)",B3OnlineJoinGameState.cpp
002e5c70,140,CB3VListComponent,Release(),B3VListComponent.cpp
002e5d00,20,CB3VListComponent,Update(float),B3VListComponent.cpp
002e5d20,16,CB3VListComponent,Construct(),B3VListComponent.cpp
002e5d30,328,CB3MessageBoxComponent,Release(),B3MessageBoxComponent.cpp
002e5e80,20,CB3MessageBoxComponent,Update(float),B3MessageBoxComponent.cpp
002e5ea0,1056,CB3MessageBoxComponent,"Prepare(EB3MessageBoxType,const unsigned short*)",B3MessageBoxComponent.cpp
002e62c0,76,CB3MessageBoxComponent,"Prepare(EB3MessageBoxType,EGlobalStrings)",B3MessageBoxComponent.cpp
002e6310,48,CB3MessageBoxComponent,Construct(),B3MessageBoxComponent.cpp
002e6340,8,CB3BehaviourEffect,Construct(),B3BehaviourEffect.cpp
002e6350,8,CB3BehaviourEffect,Destruct(),B3BehaviourEffect.cpp
002e6360,8,CB3BehaviourEffect,Release(void*),B3BehaviourEffect.cpp
002e6370,6116,CB3BehaviourEffect,"Update(CGtCamera*,float)",B3BehaviourEffect.cpp
002e7b60,44,CB3BehaviourEffect,Prepare(void*),B3BehaviourEffect.cpp
002e7b90,52,CB3BehaviourEffect,Construct(CB3PlayerCameraManager*),B3BehaviourEffect.cpp
002e7bd0,40,CB3TrafficHullStruct,Fixup(unsigned int),B3TrafficHullStruct.cpp
002e7c00,216,CB3AIAggressionBehaviour,UpdateAggressiveHornBlast(),B3AIAggressionBehaviour.cpp
002e7ce0,488,CB3AIAggressionBehaviour,DoAggressiveHornBlast(EAggressiveHornBlashReason),B3AIAggressionBehaviour.cpp
002e7ed0,612,CB3AIAggressionBehaviour,CanStickySpeedMatch() const,B3AIAggressionBehaviour.cpp
002e8140,8,CB3AIAggressionBehaviour,GetAttackTarget() const,B3AIAggressionBehaviour.cpp
002e8150,492,CB3AIAggressionBehaviour,ClearState(),B3AIAggressionBehaviour.cpp
002e8340,748,CB3AIAggressionBehaviour,"StopAttacking(bool,bool)",B3AIAggressionBehaviour.cpp
002e8630,740,CB3AIAggressionBehaviour,MoveToTarget(),B3AIAggressionBehaviour.cpp
002e8920,544,CB3AIAggressionBehaviour,UpdateSlam(),B3AIAggressionBehaviour.cpp
002e8b40,476,CB3AIAggressionBehaviour,CanSlam(),B3AIAggressionBehaviour.cpp
002e8d20,916,CB3AIAggressionBehaviour,FindTarget(),B3AIAggressionBehaviour.cpp
002e90c0,8,CB3AIAggressionBehaviour,Release(),B3AIAggressionBehaviour.cpp
002e90d0,4056,CB3AIAggressionBehaviour,Update(),B3AIAggressionBehaviour.cpp
002ea0b0,628,CB3AIAggressionBehaviour,Prepare(CB3AICar*),B3AIAggressionBehaviour.cpp
002ea330,60,CB3AIAggressionBehaviour,Construct(),B3AIAggressionBehaviour.cpp
002ea370,500,CB3ChatDisplayComponent,CheckTextLengths(int),B3ChatDisplayComponent.cpp
002ea570,612,CB3ChatDisplayComponent,"AddNewMessage(char*,const unsigned short*)",B3ChatDisplayComponent.cpp
002ea7e0,132,CB3ChatDisplayComponent,Release(),B3ChatDisplayComponent.cpp
002ea870,20,CB3ChatDisplayComponent,Update(float),B3ChatDisplayComponent.cpp
002ea890,632,CB3ChatDisplayComponent,PrepareWithoutStrings(EB3ChatDisplayOrientation),B3ChatDisplayComponent.cpp
002eab10,152,CB3ChatDisplayComponent,Prepare(EB3ChatDisplayOrientation),B3ChatDisplayComponent.cpp
002eabb0,628,CB3ChatDisplayComponent,SetOrientation(EB3ChatDisplayOrientation),B3ChatDisplayComponent.cpp
002eae30,52,CB3ChatDisplayComponent,Construct(),B3ChatDisplayComponent.cpp
002eae70,8,CB3DemoMenuPage,Release(),B3DemoMenuPage.cpp
002eae80,536,CB3DemoMenuPage,Update(),B3DemoMenuPage.cpp
002eb0a0,336,CB3DemoMenuPage,Prepare(bool),B3DemoMenuPage.cpp
002eb1f0,752,CB3DemoSelectState,"Action(EGtStateAction,void*,void*,void*)",B3DemoSelectState.cpp
002eb4e0,820,CB3StaticTrack,Update(),B3StaticTrack.cpp
002eb820,108,CB3StaticTrack,RenderBackdrop(const CB3BackdropObject&),B3StaticTrack.cpp
002eb890,132,CB3StaticTrack,Release(),B3StaticTrack.cpp
002eb920,760,CB3StaticTrack,Prepare(),B3StaticTrack.cpp
002ebc20,12,CB3StaticTrack,Destruct(),B3StaticTrack.cpp
002ebc30,24,CB3StaticTrack,Construct(),B3StaticTrack.cpp
002ebc50,12,CB3BodyPartPhysics,StopCrashing(),B3BodyPartPhysics.cpp
002ebc60,1432,CB3BodyPartPhysics,CollideWheelWithWorld(),B3BodyPartPhysics.cpp
002ec200,348,CB3BodyPartPhysics,CollideWithWorld(),B3BodyPartPhysics.cpp
002ec360,1520,CB3BodyPartPhysics,Detach(),B3BodyPartPhysics.cpp
002ec950,8,CB3BodyPartPhysics,Destruct(),B3BodyPartPhysics.cpp
002ec960,56,CB3BodyPartPhysics,Release(),B3BodyPartPhysics.cpp
002ec9a0,700,CB3BodyPartPhysics,Update(float),B3BodyPartPhysics.cpp
002ecc60,924,CB3BodyPartPhysics,"Prepare(CB3VehiclePhysics*,int,EBodyPartType)",B3BodyPartPhysics.cpp
002ed000,200,CB3BodyPartPhysics,Construct(),B3BodyPartPhysics.cpp
002ed0d0,504,CGtCameraFrustumBase,Initialise(RwCamera*),GtCameraFrustumBase.cpp
002ed2d0,1348,CGtCameraFrustum,"InitialisePerspective(const GtMathPs2::CGtMatrix3x4&,const GtMathPs2::CGtV2d&,const GtMathPs2::CGtV2d&,const ",GtCameraFrustumPS2.cpp
002ed820,392,CGtCameraFrustum,Initialise(RwCamera*),GtCameraFrustumPS2.cpp
002ed9b0,96,CB3NetworkAllNATDataFinalisedMessage,"Retrieve(int*,EPlayerNATState*)",B3NetworkAllNATDataFinalisedMessage.cpp
002eda10,60,CB3NetworkAllNATDataFinalisedMessage,"Prepare(int*,EPlayerNATState*)",B3NetworkAllNATDataFinalisedMessage.cpp
002eda50,8,CB3NetworkAllNATDataFinalisedMessage,Construct(),B3NetworkAllNATDataFinalisedMessage.cpp
002eda60,792,CB3HUDLap,Update(float),B3HUDLap.cpp
002edd80,900,CB3HUDLap,"Prepare(int,EHUDAlign,int)",B3HUDLap.cpp
002ee110,368,CB3HUDPos,PreparePosObject(),B3HUDPos.cpp
002ee280,252,CB3HUDPos,Update(float),B3HUDPos.cpp
002ee380,608,CB3HUDPos,"Prepare(int,EHUDAlign,int,bool,bool)",B3HUDPos.cpp
002ee5e0,492,CB3DemoGameState,"Action(EGtStateAction,void*,void*,void*)",B3DemoGameState.cpp
002ee7d0,8,CB3DemoRaceInfoPage,Release(),B3DemoRaceInfoPage.cpp
002ee7e0,172,CB3DemoRaceInfoPage,Update(),B3DemoRaceInfoPage.cpp
002ee890,176,CB3DemoRaceInfoPage,Prepare(),B3DemoRaceInfoPage.cpp
002ee940,276,CB3DemoRaceInfoState,"Action(EGtStateAction,void*,void*,void*)",B3DemoRaceInfoState.cpp
002eea60,32,CB3DemoPausePage,Release(),B3DemoPausePage.cpp
002eea80,408,CB3DemoPausePage,Update(),B3DemoPausePage.cpp
002eec20,272,CB3DemoPausePage,Prepare(),B3DemoPausePage.cpp
002eed30,676,CB3DemoPauseState,"Action(EGtStateAction,void*,void*,void*)",B3DemoPauseState.cpp
002eefe0,1012,CB3DemoRaceResultsPage,PrepareTable(),B3DemoRaceResultsPage.cpp
002ef3e0,84,CB3DemoRaceResultsPage,"_QSortCallback(const void*,const void*)",B3DemoRaceResultsPage.cpp
002ef440,1972,CB3DemoRaceResultsPage,AddRaceTime(const CB3ResultsData*),B3DemoRaceResultsPage.cpp
002efc00,8,CB3DemoRaceResultsPage,Release(),B3DemoRaceResultsPage.cpp
002efc10,376,CB3DemoRaceResultsPage,Update(),B3DemoRaceResultsPage.cpp
002efd90,532,CB3DemoRaceResultsPage,UpdateLeaveCountdown(CB3ControllerMapping*),B3DemoRaceResultsPage.cpp
002effb0,568,CB3DemoRaceResultsPage,UpdateConfirmLeave(CB3ControllerMapping*),B3DemoRaceResultsPage.cpp
002f01f0,712,CB3DemoRaceResultsPage,UpdateDisplayResults(CB3ControllerMapping*),B3DemoRaceResultsPage.cpp
002f04c0,316,CB3DemoRaceResultsPage,Prepare(CB3DemoRaceResultsPage::ERaceResultsPageType),B3DemoRaceResultsPage.cpp
002f0600,2892,CB3SplashScreenState,"Action(EGtStateAction,void*,void*,void*)",B3SplashScreenState.cpp
002f1150,8,CB3DemoTitleScreenPage,Release(),B3DemoTitleScreenPage.cpp
002f1160,92,CB3DemoTitleScreenPage,Update(),B3DemoTitleScreenPage.cpp
002f11c0,100,CB3DemoTitleScreenPage,Prepare(),B3DemoTitleScreenPage.cpp
002f1230,248,CB3DemoTitleScreenState,"Action(EGtStateAction,void*,void*,void*)",B3DemoTitleScreenState.cpp
002f1330,164,CGtLobbyPS2DirtySock,LeaveGameImmediately(),GtLobbyDirtySock.cpp
002f13e0,184,CGtLobbyPS2DirtySock,"_UsersStatsCallback(DirtySock::LobbyApiRefT*,DirtySock::LobbyApiMsgT*,void*)",GtLobbyDirtySock.cpp
002f14a0,136,CGtLobbyPS2DirtySock,"_SetViewCallback(DirtySock::LobbyApiRefT*,DirtySock::LobbyApiMsgT*,void*)",GtLobbyDirtySock.cpp
002f1530,180,CGtLobbyPS2DirtySock,"GetUsersStats(const char*,bool (*)(bool, char*, void*),void*)",GtLobbyDirtySock.cpp
002f15f0,184,CGtLobbyPS2DirtySock,"_UsersCountryCallback(DirtySock::LobbyApiRefT*,DirtySock::LobbyApiMsgT*,void*)",GtLobbyDirtySock.cpp
002f16b0,164,CGtLobbyPS2DirtySock,"GetUsersCountry(const char*,bool (*)(bool, char*, void*),void*)",GtLobbyDirtySock.cpp
002f1760,80,CGtLobbyPS2DirtySock,"_RankListDownloaded(DirtySock::LobbyApiRefT*,DirtySock::LobbyApiMsgT*,void*)",GtLobbyDirtySock.cpp
002f17b0,16,CGtLobbyPS2DirtySock,"_RankingSortFunction(void*,int,void*,void*)",GtLobbyDirtySock.cpp
002f17c0,8,CGtLobbyPS2DirtySock,GetNumberRankRecords(),GtLobbyDirtySock.cpp
002f17d0,316,CGtLobbyPS2DirtySock,"GetUserRankingData(int,char*,int)",GtLobbyDirtySock.cpp
002f1910,224,CGtLobbyPS2DirtySock,"GetRankingData(int,int,char*,int)",GtLobbyDirtySock.cpp
002f19f0,292,CGtLobbyPS2DirtySock,"RetrieveRankingListUser(int,int,int,int)",GtLobbyDirtySock.cpp
002f1b20,276,CGtLobbyPS2DirtySock,"RetrieveRankingList(int,int,int,int,int)",GtLobbyDirtySock.cpp
002f1c40,60,CGtLobbyPS2DirtySock,ReleaseRanking(),GtLobbyDirtySock.cpp
002f1c80,84,CGtLobbyPS2DirtySock,PrepareRanking(char*),GtLobbyDirtySock.cpp
002f1ce0,2160,CGtLobbyPS2DirtySock,ConvertDirtySockError(int),GtLobbyDirtySock.cpp
002f2550,12,CGtLobbyPS2DirtySock,GetCurrentLobbyName(),GtLobbyDirtySock.cpp
002f2560,216,CGtLobbyPS2DirtySock,"KickPlayer(const char*,ELobbyKickReason)",GtLobbyDirtySock.cpp
002f2640,12,CGtLobbyPS2DirtySock,"SortUserListCallback(void*,int,void*,void*)",GtLobbyDirtySock.cpp
002f2650,16,CGtLobbyPS2DirtySock,"RegisterChatMessageCallback(bool (*)(char*, char*, void*),void*)",GtLobbyDirtySock.cpp
002f2660,148,CGtLobbyPS2DirtySock,SendChatMessage(char*),GtLobbyDirtySock.cpp
002f2700,8,CGtLobbyPS2DirtySock,IsLoggedIntoLobby() const,GtLobbyDirtySock.cpp
002f2710,8,CGtLobbyPS2DirtySock,GetGameID(),GtLobbyDirtySock.cpp
002f2720,8,CGtLobbyPS2DirtySock,AmIInGame(),GtLobbyDirtySock.cpp
002f2730,44,CGtLobbyPS2DirtySock,AmIHost(),GtLobbyDirtySock.cpp
002f2760,8,CGtLobbyPS2DirtySock,GetSessionKey(),GtLobbyDirtySock.cpp
002f2770,296,CGtLobbyPS2DirtySock,GetGameParams(CGtLobbyCreateGameParams*),GtLobbyDirtySock.cpp
002f28a0,280,CGtLobbyPS2DirtySock,GetPlayerParams(CGtLobbyJoinGameParams*),GtLobbyDirtySock.cpp
002f29c0,476,CGtLobbyPS2DirtySock,UpdateGameParams(CGtLobbyCreateGameParams*),GtLobbyDirtySock.cpp
002f2ba0,80,CGtLobbyPS2DirtySock,"PlayerParametersUpdateCallback(DirtySock::LobbyApiRefT*,DirtySock::LobbyApiMsgT*,void*)",GtLobbyDirtySock.cpp
002f2bf0,312,CGtLobbyPS2DirtySock,UpdatePlayerParams(CGtLobbyJoinGameParams*),GtLobbyDirtySock.cpp
002f2d30,16,CGtLobbyPS2DirtySock,GetAlternateAccountName(int) const,GtLobbyDirtySock.cpp
002f2d40,172,CGtLobbyPS2DirtySock,"GetGameNewsCallback(DirtySock::LobbyApiRefT*,DirtySock::LobbyApiMsgT*,void*)",GtLobbyDirtySock.cpp
002f2df0,136,CGtLobbyPS2DirtySock,"GetGameNews(int,bool (*)(bool, const char*, void*),void*)",GtLobbyDirtySock.cpp
002f2e80,276,CGtLobbyPS2DirtySock,"JoinLobby(int,char*)",GtLobbyDirtySock.cpp
002f2fa0,80,CGtLobbyPS2DirtySock,"JoinLobbyCallback(DirtySock::LobbyApiRefT*,DirtySock::LobbyApiMsgT*,void*)",GtLobbyDirtySock.cpp
002f2ff0,80,CGtLobbyPS2DirtySock,"ReJoinLobbyCallback(DirtySock::LobbyApiRefT*,DirtySock::LobbyApiMsgT*,void*)",GtLobbyDirtySock.cpp
002f3040,252,CGtLobbyPS2DirtySock,"ForAllLobbys(bool (*)(int, char*, int, int, bool, void*),void*)",GtLobbyDirtySock.cpp
002f3140,312,CGtLobbyPS2DirtySock,"GetRoomUserInCallback(DirtySock::LobbyApiRefT*,DirtySock::LobbyApiMsgT*,void*)",GtLobbyDirtySock.cpp
002f3280,112,CGtLobbyPS2DirtySock,"GetRoomUserIn(char*,bool (*)(bool, char*, char*, int, bool, void*),void*)",GtLobbyDirtySock.cpp
002f32f0,16,CGtLobbyPS2DirtySock,"RegisterServerDisconnectCallback(bool (*)(int, void*),void*)",GtLobbyDirtySock.cpp
002f3300,80,CGtLobbyPS2DirtySock,"LostAccountCallback(DirtySock::LobbyApiRefT*,DirtySock::LobbyApiMsgT*,void*)",GtLobbyDirtySock.cpp
002f3350,124,CGtLobbyPS2DirtySock,LostPassword(char*),GtLobbyDirtySock.cpp
002f33d0,124,CGtLobbyPS2DirtySock,LostAccountName(char*),GtLobbyDirtySock.cpp
002f3450,132,CGtLobbyPS2DirtySock,GetOurPlayerID(),GtLobbyDirtySock.cpp
002f34e0,132,CGtLobbyPS2DirtySock,GetHostPlayerID(),GtLobbyDirtySock.cpp
002f3570,152,CGtLobbyPS2DirtySock,SendKeepAlive(),GtLobbyDirtySock.cpp
002f3610,16,CGtLobbyPS2DirtySock,"GetExternalIPAddress(int,char*)",GtLobbyDirtySock.cpp
002f3620,40,CGtLobbyPS2DirtySock,GetMyExternalIPAddress(char*),GtLobbyDirtySock.cpp
002f3650,12,CGtLobbyPS2DirtySock,"FilterLobbys(void*,int,void*)",GtLobbyDirtySock.cpp
002f3660,72,CGtLobbyPS2DirtySock,"ReceiveArbitaryMessage(void**,int*,char*)",GtLobbyDirtySock.cpp
002f36b0,224,CGtLobbyPS2DirtySock,"BroadcastArbitaryMessage(void*,int)",GtLobbyDirtySock.cpp
002f3790,132,CGtLobbyPS2DirtySock,LaunchComplete(),GtLobbyDirtySock.cpp
002f3820,24,CGtLobbyPS2DirtySock,HasLaunched(),GtLobbyDirtySock.cpp
002f3840,8,CGtLobbyPS2DirtySock,"_GameStartedCallback(DirtySock::LobbyApiRefT*,DirtySock::LobbyApiMsgT*,void*)",GtLobbyDirtySock.cpp
002f3850,92,CGtLobbyPS2DirtySock,BroadcastLaunch(),GtLobbyDirtySock.cpp
002f38b0,24,CGtLobbyPS2DirtySock,GetLastError(),GtLobbyDirtySock.cpp
002f38d0,316,CGtLobbyPS2DirtySock,"ForAllPlayers(char*,int,char*,int,bool (*)(char*, int, bool, int, int, int, char*, bool, void*),void*)",GtLobbyDirtySock.cpp
002f3a10,48,CGtLobbyPS2DirtySock,GetNumPlayersInLobby(),GtLobbyDirtySock.cpp
002f3a40,232,CGtLobbyPS2DirtySock,"ForAllPlayersInLobby(int,int,bool (*)(char*, int, bool, int, int, int, char*, bool, void*),void*)",GtLobbyDirtySock.cpp
002f3b30,164,CGtLobbyPS2DirtySock,"GetPlayerInLobby(int,bool (*)(char*, int, bool, int, int, int, char*, bool, void*),void*)",GtLobbyDirtySock.cpp
002f3be0,424,CGtLobbyPS2DirtySock,"ForAllGamesFound(bool (*)(char*, int, int, int, int, int, int, int, int, int, int, int, int, void*),void*",GtLobbyDirtySock.cpp
002f3d90,112,CGtLobbyPS2DirtySock,"SearchForGamesCallback(DirtySock::LobbyApiRefT*,DirtySock::LobbyApiMsgT*,void*)",GtLobbyDirtySock.cpp
002f3e00,288,CGtLobbyPS2DirtySock,"SearchForGames(int,int,bool (*)(int, void*),void*)",GtLobbyDirtySock.cpp
002f3f20,424,CGtLobbyPS2DirtySock,"ForAllGames(int,int,int,bool (*)(char*, int, int, int, int, int, int, int, int, int, int, int, int, void*",GtLobbyDirtySock.cpp
002f40d0,40,CGtLobbyPS2DirtySock,GetNumGamesInCurrentLobby(),GtLobbyDirtySock.cpp
002f4100,16,CGtLobbyPS2DirtySock,EndGame(),GtLobbyDirtySock.cpp
002f4110,356,CGtLobbyPS2DirtySock,LeaveGame(),GtLobbyDirtySock.cpp
002f4280,164,CGtLobbyPS2DirtySock,"MigrateHostCallback(DirtySock::LobbyApiRefT*,DirtySock::LobbyApiMsgT*,void*)",GtLobbyDirtySock.cpp
002f4330,108,CGtLobbyPS2DirtySock,"GameLeaveCallback(DirtySock::LobbyApiRefT*,DirtySock::LobbyApiMsgT*,void*)",GtLobbyDirtySock.cpp
002f43a0,524,CGtLobbyPS2DirtySock,JoinGame(CGtLobbyJoinGameParams*),GtLobbyDirtySock.cpp
002f45b0,172,CGtLobbyPS2DirtySock,"JoinGameCallback(DirtySock::LobbyApiRefT*,DirtySock::LobbyApiMsgT*,void*)",GtLobbyDirtySock.cpp
002f4660,80,CGtLobbyPS2DirtySock,"DefaultCallback(DirtySock::LobbyApiRefT*,DirtySock::LobbyApiMsgT*,void*)",GtLobbyDirtySock.cpp
002f46b0,512,CGtLobbyPS2DirtySock,CreateGame(CGtLobbyCreateGameParams*),GtLobbyDirtySock.cpp
002f48b0,204,CGtLobbyPS2DirtySock,"GameCreatedCallback(DirtySock::LobbyApiRefT*,DirtySock::LobbyApiMsgT*,void*)",GtLobbyDirtySock.cpp
002f4980,60,CGtLobbyPS2DirtySock,DisconnectFromServer(),GtLobbyDirtySock.cpp
002f49c0,96,CGtLobbyPS2DirtySock,"ConnectToServer(char*,int)",GtLobbyDirtySock.cpp
002f4a20,108,CGtLobbyPS2DirtySock,"ServerConnectCallback(DirtySock::LobbyApiRefT*,DirtySock::LobbyApiMsgT*,void*)",GtLobbyDirtySock.cpp
002f4a90,232,CGtLobbyPS2DirtySock,"LogInToServer(char*,char*,void*)",GtLobbyDirtySock.cpp
002f4b80,292,CGtLobbyPS2DirtySock,"ServerLoginCallback(DirtySock::LobbyApiRefT*,DirtySock::LobbyApiMsgT*,void*)",GtLobbyDirtySock.cpp
002f4cb0,132,CGtLobbyPS2DirtySock,DeletePersona(char*),GtLobbyDirtySock.cpp
002f4d40,156,CGtLobbyPS2DirtySock,CreatePersona(char*),GtLobbyDirtySock.cpp
002f4de0,168,CGtLobbyPS2DirtySock,SelectPersona(char*),GtLobbyDirtySock.cpp
002f4e90,304,CGtLobbyPS2DirtySock,"PersonaCreateCallback(DirtySock::LobbyApiRefT*,DirtySock::LobbyApiMsgT*,void*)",GtLobbyDirtySock.cpp
002f4fc0,452,CGtLobbyPS2DirtySock,"PersonaLoggedInCallback(DirtySock::LobbyApiRefT*,DirtySock::LobbyApiMsgT*,void*)",GtLobbyDirtySock.cpp
002f5190,348,CGtLobbyPS2DirtySock,"PersonalOnlineInfoCallback(DirtySock::LobbyApiRefT*,DirtySock::LobbyApiMsgT*,void*)",GtLobbyDirtySock.cpp
002f52f0,140,CGtLobbyPS2DirtySock,"SearchForPreviousGameCallback(DirtySock::LobbyApiRefT*,DirtySock::LobbyApiMsgT*,void*)",GtLobbyDirtySock.cpp
002f5380,396,CGtLobbyPS2DirtySock,RegisterAccount(CGtDirtySockAccountCreateParams*),GtLobbyDirtySock.cpp
002f5510,344,CGtLobbyPS2DirtySock,"AccountRegisterCallback(DirtySock::LobbyApiRefT*,DirtySock::LobbyApiMsgT*,void*)",GtLobbyDirtySock.cpp
002f5670,448,CGtLobbyPS2DirtySock,Update(),GtLobbyDirtySock.cpp
002f5830,164,CGtLobbyPS2DirtySock,CheckGameStillExists(),GtLobbyDirtySock.cpp
002f58e0,280,CGtLobbyPS2DirtySock,CheckGameAttribsHaveArrived(),GtLobbyDirtySock.cpp
002f5a00,876,CGtLobbyPS2DirtySock,UpdateRejoinGameFSM(),GtLobbyDirtySock.cpp
002f5d70,208,CGtLobbyPS2DirtySock,CheckForPlayerKicked(),GtLobbyDirtySock.cpp
002f5e40,84,CGtLobbyPS2DirtySock,GetLobbyStatus(),GtLobbyDirtySock.cpp
002f5ea0,240,CGtLobbyPS2DirtySock,CheckForPlayerListChange(),GtLobbyDirtySock.cpp
002f5f90,8,CGtLobbyPS2DirtySock,"SetMemoryBuffer(void*,int)",GtLobbyDirtySock.cpp
002f5fa0,8,CGtLobbyPS2DirtySock,GetMemoryRequirements(int),GtLobbyDirtySock.cpp
002f5fb0,344,CGtLobbyPS2DirtySock,Release(),GtLobbyDirtySock.cpp
002f6110,808,CGtLobbyPS2DirtySock,"Prepare(int,bool (*)(int, void*),void*,bool (*)(ELobbyKickReason, void*),void*)",GtLobbyDirtySock.cpp
002f6440,532,CGtLobbyPS2DirtySock,"ChatCallback(DirtySock::LobbyApiRefT*,DirtySock::LobbyApiMsgT*,void*)",GtLobbyDirtySock.cpp
002f6660,68,CGtLobbyPS2DirtySock,"EventStatusCallback(DirtySock::LobbyApiRefT*,DirtySock::LobbyApiMsgT*,void*)",GtLobbyDirtySock.cpp
002f66b0,84,CGtLobbyPS2DirtySock,"ConnStatusCallback(DirtySock::LobbyApiRefT*,DirtySock::LobbyApiMsgT*,void*)",GtLobbyDirtySock.cpp
002f6710,304,CGtLobbyPS2DirtySock,"RespCallback(DirtySock::LobbyApiRefT*,DirtySock::LobbyApiMsgT*,void*)",GtLobbyDirtySock.cpp
002f6840,8,CGtLobbyPS2DirtySock,Destruct(),GtLobbyDirtySock.cpp
002f6850,52,CGtLobbyPS2DirtySock,Construct(int),GtLobbyDirtySock.cpp
002f68d0,192,CGtLobbyDirtySockCachedPlayerParams,LoadFromString(char*),GtLobbyDirtySock.cpp
002f6990,832,CGt2dObjectItalicText,"_RenderOutlineDropShadow(const CGt2dObject::CGt2dObjectSpace&,const void*)",Gt2dObjectItalicText.cpp
002f6cd0,420,CGt2dObjectItalicText,"_RenderOutline(const CGt2dObject::CGt2dObjectSpace&,const void*)",Gt2dObjectItalicText.cpp
002f6e80,244,CGt2dObjectItalicText,"_RenderDropShadow(const CGt2dObject::CGt2dObjectSpace&,const void*)",Gt2dObjectItalicText.cpp
002f6f80,132,CGt2dObjectItalicText,"_RenderPlain(const CGt2dObject::CGt2dObjectSpace&,const void*)",Gt2dObjectItalicText.cpp
002f7010,840,CGt2dObjectItalicText,"_BuildBatchData(const CGt2dObject::CGt2dObjectSpace&,const void*)",Gt2dObjectItalicText.cpp
002f7360,352,CGt2dObjectItalicText,"Prepare(const GtMathPs2::CGtV2d&,const GtMathPs2::CGtV2d&,float,GtMathPs2::CGtV4d,const CGt2dFont*,const",Gt2dObjectItalicText.cpp
002f74c0,368,CGt2dObjectItalicText,"Prepare(const GtMathPs2::CGtV2d&,const GtMathPs2::CGtV2d&,float,GtMathPs2::CGtV4d,const CGt2dFont*,const",Gt2dObjectItalicText.cpp
002f7630,276,CGt2dObjectItalicText,"Prepare(const GtMathPs2::CGtV2d&,const GtMathPs2::CGtV2d&,float,GtMathPs2::CGtV4d,const CGt2dFont*,const",Gt2dObjectItalicText.cpp
002f7750,284,CGt2dObjectItalicText,"PrepareCommonData(const GtMathPs2::CGtV2d&,const GtMathPs2::CGtV2d&,float,GtMathPs2::CGtV4d,const CGt2dF",Gt2dObjectItalicText.cpp
002f7870,900,CGt2dObjectTable,RecalculateSize(),Gt2dObjectTable.cpp
002f7c00,92,CGt2dObjectTable,"GetImageSize(GtMathPs2::CGtV2d*,const CGt2dFrame&,const void*)",Gt2dObjectTable.cpp
002f7c60,268,CGt2dObjectTable,"GetItalicTextSize(GtMathPs2::CGtV2d*,const CGt2dFrame&,const void*)",Gt2dObjectTable.cpp
002f7d70,268,CGt2dObjectTable,"GetTextSize(GtMathPs2::CGtV2d*,const CGt2dFrame&,const void*)",Gt2dObjectTable.cpp
002f7e80,352,CGt2dObjectTable,"RenderBox(const GtMathPs2::CGtV2d&,const GtMathPs2::CGtV2d&,unsigned short*,const CGt2dFrame&,const void*)",Gt2dObjectTable.cpp
002f7fe0,364,CGt2dObjectTable,"RenderImage(const GtMathPs2::CGtV2d&,const GtMathPs2::CGtV2d&,unsigned short*,const CGt2dFrame&,const void*)",Gt2dObjectTable.cpp
002f8150,504,CGt2dObjectTable,"RenderItalicTextNoTruncation(const GtMathPs2::CGtV2d&,const GtMathPs2::CGtV2d&,unsigned short*,const CGt2dFra",Gt2dObjectTable.cpp
002f8350,796,CGt2dObjectTable,"RenderItalicText(const GtMathPs2::CGtV2d&,const GtMathPs2::CGtV2d&,unsigned short*,const CGt2dFrame&,const vo",Gt2dObjectTable.cpp
002f8670,800,CGt2dObjectTable,"RenderText(const GtMathPs2::CGtV2d&,const GtMathPs2::CGtV2d&,unsigned short*,const CGt2dFrame&,const void*)",Gt2dObjectTable.cpp
002f8990,484,CGt2dObjectTable,"_Render(const CGt2dObject::CGt2dObjectSpace&,const void*)",Gt2dObjectTable.cpp
002f8b80,196,CGt2dObjectTable,GetRowSize(int),Gt2dObjectTable.cpp
002f8c50,232,CGt2dObjectTable,GetRowPos(int),Gt2dObjectTable.cpp
002f8d40,208,CGt2dObjectTable,"Prepare(const CGt2dObjectTableData*,const GtMathPs2::CGtV2d&,const GtMathPs2::CGtV2d&,const GtMathPs2::CGtV2d",Gt2dObjectTable.cpp
002f8e10,364,CB3TableComponent,RecalculateSize(),B3TableComponent.cpp
002f8f80,20,CB3TableComponent,"GetCarIconSize(GtMathPs2::CGtV2d*,const CGt2dFrame&,const void*)",B3TableComponent.cpp
002f8fa0,20,CB3TableComponent,"GetConnectionSize(GtMathPs2::CGtV2d*,const CGt2dFrame&,const void*)",B3TableComponent.cpp
002f8fc0,128,CB3TableComponent,"GetImageAndTextSize(GtMathPs2::CGtV2d*,const CGt2dFrame&,const void*)",B3TableComponent.cpp
002f9040,372,CB3TableComponent,"RenderConnection(const GtMathPs2::CGtV2d&,const GtMathPs2::CGtV2d&,unsigned short*,const CGt2dFrame&,const v",B3TableComponent.cpp
002f91c0,360,CB3TableComponent,"RenderCarIcon(const GtMathPs2::CGtV2d&,const GtMathPs2::CGtV2d&,unsigned short*,const CGt2dFrame&,const void",B3TableComponent.cpp
002f9330,148,CB3TableComponent,"RenderImageAndText(const GtMathPs2::CGtV2d&,const GtMathPs2::CGtV2d&,unsigned short*,const CGt2dFrame&,const",B3TableComponent.cpp
002f93d0,276,CB3TableComponent,Release(),B3TableComponent.cpp
002f94f0,20,CB3TableComponent,Update(float),B3TableComponent.cpp
002f9510,380,CB3TableComponent,"Prepare(const GtMathPs2::CGtV2d&,const GtMathPs2::CGtV2d&,const GtMathPs2::CGtV2d&,const CGt2dObjectTableDat",B3TableComponent.cpp
002f9690,484,CB3TableComponent,"PrepareRowBackgrounds(const GtMathPs2::CGtV2d&,const GtMathPs2::CGtV2d&,const GtMathPs2::CGtV2d&,bool,const ",B3TableComponent.cpp
002f9880,444,CB3TableComponent,"PrepareSplitBackground(const GtMathPs2::CGtV2d&,const GtMathPs2::CGtV2d&,const GtMathPs2::CGtV2d&,const CGt2",B3TableComponent.cpp
002f9a40,44,CB3TableComponent,Construct(),B3TableComponent.cpp
002f9a70,8,CB3OnlineSelectPersonaPage,OnKeyboardShow(),B3OnlineSelectPersonaPage.cpp
002f9a80,72,CB3OnlineSelectPersonaPage,OnKeyboardCancel(),B3OnlineSelectPersonaPage.cpp
002f9ad0,348,CB3OnlineSelectPersonaPage,OnKeyboardDone(),B3OnlineSelectPersonaPage.cpp
002f9c30,12,CB3OnlineSelectPersonaPage,Release(),B3OnlineSelectPersonaPage.cpp
002f9c40,4012,CB3OnlineSelectPersonaPage,Update(),B3OnlineSelectPersonaPage.cpp
002fabf0,860,CB3OnlineSelectPersonaPage,Prepare(char*),B3OnlineSelectPersonaPage.cpp
002faf50,60,CB3NetworkHasHeadsetMessage,Retrieve(unsigned char*),B3NetworkHasHeadsetMessage.cpp
002faf90,56,CB3NetworkHasHeadsetMessage,Prepare(unsigned char),B3NetworkHasHeadsetMessage.cpp
002fafd0,8,CB3NetworkHasHeadsetMessage,Construct(),B3NetworkHasHeadsetMessage.cpp
002fafe0,8,CB3PausePage,Release(),B3PausePage.cpp
002faff0,544,CB3PausePage,Update(),B3PausePage.cpp
002fb210,500,CB3PausePage,UpdateSubStateMakeChoice(CB3ControllerMapping*),B3PausePage.cpp
002fb410,336,CB3PausePage,Prepare(bool),B3PausePage.cpp
002fb560,792,CB3PauseState,"Action(EGtStateAction,void*,void*,void*)",B3PauseState.cpp
002fb880,8,CB3TipComponent,Release(),B3TipComponent.cpp
002fb890,20,CB3TipComponent,Update(float),B3TipComponent.cpp
002fb8b0,32,CB3TipComponent,Prepare(),B3TipComponent.cpp
002fb8d0,8,CB3TipComponent,Construct(),B3TipComponent.cpp
002fb8e0,156,CB3TitleScreenComponent,Release(),B3TitleScreenComponent.cpp
002fb980,184,CB3TitleScreenComponent,Update(float),B3TitleScreenComponent.cpp
002fba40,1176,CB3TitleScreenComponent,Prepare(),B3TitleScreenComponent.cpp
002fbee0,60,CB3TitleScreenComponent,Construct(),B3TitleScreenComponent.cpp
002fbf20,8,CB3StageLogic,IsTurnBased(),B3EndOfRaceState.cpp
002fbf30,892,CB3EndOfRaceState,EnterFirstResultsPage(),B3EndOfRaceState.cpp
002fc2b0,736,CB3EndOfRaceState,"Action(EGtStateAction,void*,void*,void*)",B3EndOfRaceState.cpp
002fc590,1088,CB3EndOfRaceState,"AddRaceTimes(CB3ResultsPage*,bool)",B3EndOfRaceState.cpp
002fc9d0,1220,CB3RaceFinishedPage,PrepareTable(),B3RaceFinishedPage.cpp
002fcea0,444,CB3RaceFinishedPage,PrepareRoadRageStats(),B3RaceFinishedPage.cpp
002fd060,576,CB3RaceFinishedPage,PrepareBurningLapStats(),B3RaceFinishedPage.cpp
002fd2a0,764,CB3RaceFinishedPage,PrepareRaceStats(),B3RaceFinishedPage.cpp
002fd5a0,656,CB3RaceFinishedPage,PrepareCrashStats(),B3RaceFinishedPage.cpp
002fd830,8,CB3RaceFinishedPage,Release(),B3RaceFinishedPage.cpp
002fd840,152,CB3RaceFinishedPage,Update(),B3RaceFinishedPage.cpp
002fd8e0,364,CB3RaceFinishedPage,Prepare(bool),B3RaceFinishedPage.cpp
002fda50,8,CB3RumbleAttribs,UnregisterStaticVariables(),B3RumbleAttribs.cpp
002fda60,8,CB3RumbleAttribs,RegisterStaticVariables(),B3RumbleAttribs.cpp
002fec30,416,CB3OnlineOpenConnectionState,ShowError(),B3OnlineOpenConnectionState.cpp
002fedd0,420,CB3OnlineOpenConnectionState,"Action(EGtStateAction,void*,void*,void*)",B3OnlineOpenConnectionState.cpp
002fef80,936,CB3OnlineOpenConnectionState,HandleBasicErrorEvents(EB3MenuFlowFSMEvents),B3OnlineOpenConnectionState.cpp
002ff330,732,CB3OnlineOpenConnectionState,HandleSelectConfigEvents(EB3MenuFlowFSMEvents),B3OnlineOpenConnectionState.cpp
002ff610,716,CB3OnlineOpenConnectionState,HandleRetrieveConfigEvents(EB3MenuFlowFSMEvents),B3OnlineOpenConnectionState.cpp
002ff8e0,8,CB3OnlineSelNetConfigPage,Release(),B3OnlineSelNetConfigPage.cpp
002ff8f0,1008,CB3OnlineSelNetConfigPage,Update(),B3OnlineSelNetConfigPage.cpp
002ffce0,948,CB3OnlineSelNetConfigPage,Prepare(),B3OnlineSelNetConfigPage.cpp
003000a0,8,CB3OnlineConnectingPage,Release(),B3OnlineConnectingPage.cpp
003000b0,660,CB3OnlineConnectingPage,UpdateISP(),B3OnlineConnectingPage.cpp
00300350,168,CB3OnlineConnectingPage,Update(),B3OnlineConnectingPage.cpp
00300400,500,CB3OnlineConnectingPage,PrepareLobbyConnect(),B3OnlineConnectingPage.cpp
00300600,440,CB3OnlineConnectingPage,Prepare(int),B3OnlineConnectingPage.cpp
003007c0,480,CB3OnlineSelectLoginPage,UpdateRetrieveLogin(),B3OnlineSelectLoginPage.cpp
003009a0,8,CB3OnlineSelectLoginPage,OnKeyboardShow(),B3OnlineSelectLoginPage.cpp
003009b0,144,CB3OnlineSelectLoginPage,OnKeyboardCancel(),B3OnlineSelectLoginPage.cpp
00300a40,964,CB3OnlineSelectLoginPage,OnKeyboardDone(),B3OnlineSelectLoginPage.cpp
00300e10,252,CB3OnlineSelectLoginPage,UpdateRequestingAccountPassword(),B3OnlineSelectLoginPage.cpp
00300f10,1296,CB3OnlineSelectLoginPage,UpdateExistingAccount(),B3OnlineSelectLoginPage.cpp
00301420,520,CB3OnlineSelectLoginPage,PrepareExistingAccountControls(),B3OnlineSelectLoginPage.cpp
00301630,412,CB3OnlineSelectLoginPage,UpdateSelectLogin(),B3OnlineSelectLoginPage.cpp
003017d0,496,CB3OnlineSelectLoginPage,PrepareSelectLoginControls(),B3OnlineSelectLoginPage.cpp
003019c0,12,CB3OnlineSelectLoginPage,Release(),B3OnlineSelectLoginPage.cpp
003019d0,588,CB3OnlineSelectLoginPage,Update(),B3OnlineSelectLoginPage.cpp
00301c20,368,CB3OnlineSelectLoginPage,PrepareRetrieveLogin(),B3OnlineSelectLoginPage.cpp
00301d90,276,CB3OnlineSelectLoginPage,Prepare(),B3OnlineSelectLoginPage.cpp
00301eb0,1128,CGtFrustumBuilder,"ConstructPerspective(CGtFrustum*,const GtMathPs2::CGtMatrix3x4&,const GtMathPs2::CGtV2d&,const GtMathPs2::CG",GtFrustumBuilder.cpp
00302320,8,CB3OnlineRetrieveConfigsPage,Release(),B3OnlineRetrieveConfigsPage.cpp
00302330,1440,CB3OnlineRetrieveConfigsPage,Update(),B3OnlineRetrieveConfigsPage.cpp
003028d0,160,CB3OnlineRetrieveConfigsPage,Prepare(),B3OnlineRetrieveConfigsPage.cpp
00302970,416,CB3OnlineLoginToLobbyState,ShowNetworkError(),B3OnlineLoginToLobbyState.cpp
00302b10,2396,CB3OnlineLoginToLobbyState,"Action(EGtStateAction,void*,void*,void*)",B3OnlineLoginToLobbyState.cpp
00303470,912,CB3OnlineLoginToLobbyState,HandleNetworkErrorEvents(EB3MenuFlowFSMEvents),B3OnlineLoginToLobbyState.cpp
00303800,1480,CB3OnlineLoginToLobbyState,HandleSelectingPersonaEvents(EB3MenuFlowFSMEvents),B3OnlineLoginToLobbyState.cpp
00303dd0,524,CB3OnlineLoginToLobbyState,HandleRecoverAfterErrorEvents(EB3MenuFlowFSMEvents),B3OnlineLoginToLobbyState.cpp
00303fe0,460,CB3OnlineLoginToLobbyState,HandleLoggingIntoServerEvents(EB3MenuFlowFSMEvents),B3OnlineLoginToLobbyState.cpp
003041b0,844,CB3OnlineLoginToLobbyState,HandleSelectLoginEvents(EB3MenuFlowFSMEvents),B3OnlineLoginToLobbyState.cpp
00304500,696,CB3OnlineLoginToLobbyState,HandleConnectingEvents(EB3MenuFlowFSMEvents),B3OnlineLoginToLobbyState.cpp
003047c0,8,CB3OnlineLoginToLobbyPage,Release(),B3OnlineLoginToLobbyPage.cpp
003047d0,1796,CB3OnlineLoginToLobbyPage,Update(),B3OnlineLoginToLobbyPage.cpp
00304ee0,72,CB3OnlineLoginToLobbyPage,"ForAllPersonas(char*,void*)",B3OnlineLoginToLobbyPage.cpp
00304f30,372,CB3OnlineLoginToLobbyPage,"Prepare(char*,char*,bool)",B3OnlineLoginToLobbyPage.cpp
003050b0,32,CB3OnScreenKeyboardComponent,SetAllowableCharacters(EGlobalStrings),B3OnScreenKeyboardComponent.cpp
003050d0,128,CB3OnScreenKeyboardComponent,"SetDisplayText(unsigned short*,bool)",B3OnScreenKeyboardComponent.cpp
00305150,144,CB3OnScreenKeyboardComponent,"SetDisplayText(char*,bool)",B3OnScreenKeyboardComponent.cpp
003051e0,424,CB3OnScreenKeyboardComponent,MoveCursorRight(),B3OnScreenKeyboardComponent.cpp
00305390,360,CB3OnScreenKeyboardComponent,MoveCursorLeft(),B3OnScreenKeyboardComponent.cpp
00305500,64,CB3OnScreenKeyboardComponent,"GetTableCellSize(GtMathPs2::CGtV2d*,const CGt2dFrame&,const void*)",B3OnScreenKeyboardComponent.cpp
00305540,808,CB3OnScreenKeyboardComponent,UnHighlightKeys(),B3OnScreenKeyboardComponent.cpp
00305870,396,CB3OnScreenKeyboardComponent,"FindKey(unsigned short,CB3OnScreenKeyboardCell*)",B3OnScreenKeyboardComponent.cpp
00305a00,36,CB3OnScreenKeyboardComponent,UnRegisterKeyboardCallbacks(),B3OnScreenKeyboardComponent.cpp
00305a30,52,CB3OnScreenKeyboardComponent,RegisterKeyboardCallbacks(),B3OnScreenKeyboardComponent.cpp
00305a70,436,CB3OnScreenKeyboardComponent,AddCharToString(unsigned short),B3OnScreenKeyboardComponent.cpp
00305c30,1052,CB3OnScreenKeyboardComponent,"RenderCellWithTriangle(const GtMathPs2::CGtV2d&,const GtMathPs2::CGtV2d&,unsigned short*,const CG",B3OnScreenKeyboardComponent.cpp
00306050,940,CB3OnScreenKeyboardComponent,"RenderCell(const GtMathPs2::CGtV2d&,const GtMathPs2::CGtV2d&,unsigned short*,const CGt2dFrame&,co",B3OnScreenKeyboardComponent.cpp
00306400,280,CB3OnScreenKeyboardComponent,"KeyboardCharacterCallback(char,void*)",B3OnScreenKeyboardComponent.cpp
00306520,1412,CB3OnScreenKeyboardComponent,"KeyboardEventCallback(int,int,int,int,void*)",B3OnScreenKeyboardComponent.cpp
00306ab0,1352,CB3OnScreenKeyboardComponent,PressKey(CB3OnScreenKeyboardCell),B3OnScreenKeyboardComponent.cpp
00307000,1092,CB3OnScreenKeyboardComponent,"HighlightKey(CB3OnScreenKeyboardCell,bool)",B3OnScreenKeyboardComponent.cpp
00307450,1164,CB3OnScreenKeyboardComponent,"SetupKeys(bool,bool,bool)",B3OnScreenKeyboardComponent.cpp
003078e0,3636,CB3OnScreenKeyboardComponent,SetupTable(),B3OnScreenKeyboardComponent.cpp
00308720,200,CB3OnScreenKeyboardComponent,SelectNextDown(),B3OnScreenKeyboardComponent.cpp
003087f0,176,CB3OnScreenKeyboardComponent,SelectNextUp(),B3OnScreenKeyboardComponent.cpp
003088a0,392,CB3OnScreenKeyboardComponent,SelectNextRight(),B3OnScreenKeyboardComponent.cpp
00308a30,376,CB3OnScreenKeyboardComponent,SelectNextLeft(),B3OnScreenKeyboardComponent.cpp
00308bb0,148,CB3OnScreenKeyboardComponent,SelectSymbols(),B3OnScreenKeyboardComponent.cpp
00308c50,148,CB3OnScreenKeyboardComponent,SelectCapsLock(),B3OnScreenKeyboardComponent.cpp
00308cf0,148,CB3OnScreenKeyboardComponent,SelectShift(),B3OnScreenKeyboardComponent.cpp
00308d90,12,CB3OnScreenKeyboardComponent,Select(),B3OnScreenKeyboardComponent.cpp
00308da0,556,CB3OnScreenKeyboardComponent,"Show(bool,bool)",B3OnScreenKeyboardComponent.cpp
00308fd0,108,CB3OnScreenKeyboardComponent,Release(),B3OnScreenKeyboardComponent.cpp
00309040,444,CB3OnScreenKeyboardComponent,Update(float),B3OnScreenKeyboardComponent.cpp
00309200,528,CB3OnScreenKeyboardComponent,PrepareObjects(bool),B3OnScreenKeyboardComponent.cpp
00309410,184,CB3OnScreenKeyboardComponent,Prepare(),B3OnScreenKeyboardComponent.cpp
003094d0,360,CB3OnScreenKeyboardComponent,Construct(),B3OnScreenKeyboardComponent.cpp
00309640,8,CB3MenuImageUVs,CB3MenuImageUVs(),B3OnScreenKeyboardComponent.cpp
00309650,104,CB3TextComponent,Release(),B3TextComponent.cpp
003096c0,20,CB3TextComponent,Update(float),B3TextComponent.cpp
003096e0,452,CB3TextComponent,"Prepare(const GtMathPs2::CGtV2d&,const GtMathPs2::CGtV2d&,const unsigned short*,float,bool,float,unsigned int",B3TextComponent.cpp
003098b0,180,CB3TextComponent,"Prepare(const GtMathPs2::CGtV2d&,const GtMathPs2::CGtV2d&,const GtMathPs2::CGtV2d&,const GtMathPs2::CGtV2d&,c",B3TextComponent.cpp
00309970,248,CB3TextComponent,"Prepare(const GtMathPs2::CGtV2d&,const GtMathPs2::CGtV2d&,const GtMathPs2::CGtV2d&,const GtMathPs2::CGtV2d&,c",B3TextComponent.cpp
00309a70,8,CB3TextComponent,Construct(),B3TextComponent.cpp
00309a80,8,CB3ErrorPage,Release(),B3ErrorPage.cpp
00309a90,236,CB3ErrorPage,Update(),B3ErrorPage.cpp
00309b80,156,CB3ErrorPage,"Prepare(EGlobalStrings,EGlobalStrings,EB3MessageBoxType)",B3ErrorPage.cpp
00309c20,64,CB3TableSelectComponent,Release(),B3TableSelectComponent.cpp
00309c60,292,CB3TableSelectComponent,Update(float),B3TableSelectComponent.cpp
00309d90,96,CB3TableSelectComponent,"Prepare(int,CGt2dObjectTable*,const CB3MenuComponentSelectionData*)",B3TableSelectComponent.cpp
00309df0,44,CB3TableSelectComponent,Construct(),B3TableSelectComponent.cpp
00309e20,212,CB3ConnectionAnimationComponent,Release(),B3ConnectionAnimationComponent.cpp
00309f00,996,CB3ConnectionAnimationComponent,Update(float),B3ConnectionAnimationComponent.cpp
0030a2f0,288,CB3ConnectionAnimationComponent,Construct(),B3ConnectionAnimationComponent.cpp
0030a410,1176,CB32dObjectGradient,"_Render(const CGt2dObject::CGt2dObjectSpace&,const void*)",B32dObjectGradient.cpp
0030a8b0,400,CB32dObjectGradient,"Prepare(const GtMathPs2::CGtV2d&,const GtMathPs2::CGtV2d&,const GtMathPs2::CGtV2d&,GtMathPs2::CGtV4d,GtMat",B32dObjectGradient.cpp
0030aa40,8,CB3DNASPage,Release(),B3DNASPage.cpp
0030aa50,520,CB3DNASPage,Update(),B3DNASPage.cpp
0030ac60,244,CB3DNASPage,Prepare(),B3DNASPage.cpp
0030ad60,8,CB3CrashAnalyser,Destruct(),B3CrashAnalyser.cpp
0030ad70,108,CB3CrashAnalyser,Release(),B3CrashAnalyser.cpp
0030ade0,8,CB3CrashAnalyser,RenderDebug(),B3CrashAnalyser.cpp
0030adf0,1044,CB3CrashAnalyser,Update(float),B3CrashAnalyser.cpp
0030b210,8,CGtSphereTreeSphere,GetFromSiblingListLink(RwLLLink*),B3CrashAnalyser.cpp
0030b220,8,CGtSphereTreeSphere,GetChildList(),B3CrashAnalyser.cpp
0030b230,8,CGtSphereTreeSphere,GetNumChildren(),B3CrashAnalyser.cpp
0030b240,156,CB3CrashAnalyser,GetClosestCluster(GtMathPs2::CGtPlane),B3CrashAnalyser.cpp
0030b2e0,68,CB3CrashAnalyser,"GetFrustumInterest(const CGtFrustum&,GtMathPs2::CGtV3d,float)",B3CrashAnalyser.cpp
0030b330,288,CB3CrashAnalyser,"GetInterestCallback(const CGtSphereTreeSphere*,EGtIntersectionResult,const CGtIntersectionResult&,void*)",B3CrashAnalyser.cpp
0030b450,964,CB3CrashAnalyser,CalculateClusterInterest(CGtSphereTreeSphere*),B3CrashAnalyser.cpp
0030b820,76,CB3CrashAnalyser,GetNextCluster(),B3CrashAnalyser.cpp
0030b870,76,CB3CrashAnalyser,GetMostInterestingCluster(),B3CrashAnalyser.cpp
0030b8c0,152,CB3CrashAnalyser,GetMostInterestingChild(CGtSphereTreeSphere*),B3CrashAnalyser.cpp
0030b960,264,CB3CrashAnalyser,GetVehicleBeforeImpact(),B3CrashAnalyser.cpp
0030ba70,340,CB3CrashAnalyser,"GetClosestTime(float*,float*,CB3ChildBody*,CB3ChildBody*)",B3CrashAnalyser.cpp
0030bbd0,556,CB3CrashAnalyser,UpdateCollisionOdds(),B3CrashAnalyser.cpp
0030be00,340,CB3CrashAnalyser,UpdateCollidingPairs(),B3CrashAnalyser.cpp
0030bf60,352,CB3CrashAnalyser,CalculateCurrentInterest(CB3ChildBody*),B3CrashAnalyser.cpp
0030c0c0,364,CB3CrashAnalyser,AddCollidingBody(CB3CollidingBody*),B3CrashAnalyser.cpp
0030c230,228,CB3CrashAnalyser,JoinExistingCrash(),B3CrashAnalyser.cpp
0030c320,120,CB3CrashAnalyser,Prepare(CB3RaceCarPhysics*),B3CrashAnalyser.cpp
0030c3a0,132,CB3CrashAnalyser,Construct(),B3CrashAnalyser.cpp
0030c430,8,CB3CrashCameraDirector,Destruct(),B3CrashCameraDirector.cpp
0030c440,8,CB3CrashCameraDirector,Release(),B3CrashCameraDirector.cpp
0030c450,2140,CB3CrashCameraDirector,"GetMostInterestingRigRotate(CB3ClusterRig*,float*,CB3ChildBody*,float,float,float,bool)",B3CrashCameraDirector.cpp
0030ccb0,156,CB3CrashCameraDirector,"GetMostInterestingRigRotate(CB3ClusterRig*,float*,CB3ChildBody*,bool)",B3CrashCameraDirector.cpp
0030cd50,1068,CB3CrashCameraDirector,FindInterpRig(CB3BehaviourCluster*),B3CrashCameraDirector.cpp
0030d180,1184,CB3CrashCameraDirector,UpdateCrash(float),B3CrashCameraDirector.cpp
0030d620,1548,CB3CrashCameraDirector,UpdateCrashMode(float),B3CrashCameraDirector.cpp
0030dc30,364,CB3CrashCameraDirector,Update(float),B3CrashCameraDirector.cpp
0030dda0,432,CB3CrashCameraDirector,"GetRigImpact(CB3ClusterRig*,CB3ChildBody*)",B3CrashCameraDirector.cpp
0030df50,32,CB3CrashCameraDirector,Prepare(bool),B3CrashCameraDirector.cpp
0030df70,160,CB3CrashCameraDirector,Construct(CB3PlayerCameraManager*),B3CrashCameraDirector.cpp
0030e010,1136,CB3PlayerCameraStateCrashMode,"Action(EGtStateAction,void*,void*,void*)",B3PlayerCameraStateCrashMode.cpp
0030e480,8,CB3BehaviourCluster,Destruct(),B3BehaviourCluster.cpp
0030e490,8,CB3BehaviourCluster,Release(void*),B3BehaviourCluster.cpp
0030e4a0,1976,CB3BehaviourCluster,"Update(CGtCamera*,float)",B3BehaviourCluster.cpp
0030ec60,1008,CB3BehaviourCluster,Interpolate(float),B3BehaviourCluster.cpp
0030f050,1032,CB3BehaviourCluster,Prepare(void*),B3BehaviourCluster.cpp
0030f460,188,CB3BehaviourCluster,SetInterpRig(CB3ClusterRig*),B3BehaviourCluster.cpp
0030f520,180,CB3BehaviourCluster,SetRig(CB3ClusterRig*),B3BehaviourCluster.cpp
0030f5e0,8,CB3BehaviourCluster,Construct(),B3BehaviourCluster.cpp
0030f5f0,6696,CB3ClusterRig,UpdateFocus(float),B3BehaviourCluster.cpp
00311020,4832,CB3ClusterRig,PrepareFocus(float),B3BehaviourCluster.cpp
00312300,892,CB3ClusterRig,"PrepareRotate(EB3RigType,EB3FocusType,CB3ChildBody*,float,float,GtMathPs2::CGtV3d,float,float,float,const GtMath",B3BehaviourCluster.cpp
00312680,268,CB3ClusterRig,"PrepareOffset(EB3RigType,EB3FocusType,CB3ChildBody*,GtMathPs2::CGtV3d,float,float,int)",B3BehaviourCluster.cpp
00312790,124,CB3ClusterRig,"PrepareStatic(EB3RigType,EB3FocusType,CB3ChildBody*,GtMathPs2::CGtV3d,float,float,int)",B3BehaviourCluster.cpp
00312810,1608,CGtSphereTree,"RecursiveFrustumTestResult(const CGtSphereTreeSphere*,EGtIntersectionResult)",GtSphereTree.cpp
00312e60,8,CGtIntersectionResult,CGtIntersectionResult(),GtSphereTree.cpp
00312e70,1564,CGtSphereTree,"ForAllSpheresResult(const CGtFrustum&,bool (*)(const CGtSphereTreeSphere*, EGtIntersectionResult, const CGtInter",GtSphereTree.cpp
00313490,1984,CGtSphereTree,RemoveChild(CGtSphereTreeSphere*),GtSphereTree.cpp
00313c50,80,CGtSphereTree,FreeParentSphere(CGtSphereTreeSphere*),GtSphereTree.cpp
00313ca0,64,CGtSphereTree,AddToRecomputeList(CGtSphereTreeSphere*),GtSphereTree.cpp
00313ce0,1808,CGtSphereTree,AddToIntegrateList(CGtSphereTreeSphere*),GtSphereTree.cpp
003143f0,584,CGtSphereTree,Recompute(CGtSphereTreeSphere*),GtSphereTree.cpp
00314640,932,CGtSphereTree,"Integrate(CGtSphereTreeSphere*,RwLinkList*,CGtSphereTreeSphere*,int)",GtSphereTree.cpp
003149f0,192,CGtSphereTree,Update(),GtSphereTree.cpp
00314ab0,1792,CGtSphereTree,RemoveSphere(CGtSphereTreeSphere*),GtSphereTree.cpp
003151b0,1612,CGtSphereTree,"AddSphere(CGtSphereTreeSphere*,GtMathPs2::CGtV3d,float,void*)",GtSphereTree.cpp
00315800,16,CGtSphereTree,"SetMaxParentSize(int,float)",GtSphereTree.cpp
00315810,196,CGtSphereTree,"Init(int,int,CGtSphereTreeSphere*,float)",GtSphereTree.cpp
003158e0,16,CB3CrashTrafficSequenceStruct,Fixup(unsigned int),B3CrashTrafficGenerationStruct.cpp
003158f0,72,CB3DebugMipMaps,Update(),B3DebugMipMaps.cpp
00315940,8,CB3DebugMipMaps,Destruct(),B3DebugMipMaps.cpp
00315950,8,CB3DebugMipMaps,Construct(),B3DebugMipMaps.cpp
00315960,112,CGtUnicodeUtils,"Compare(unsigned short*,unsigned short*)",GtUnicodeUtils.cpp
003159d0,60,CGtUnicodeUtils,"FindUTFChar(unsigned short*,unsigned short)",GtUnicodeUtils.cpp
00315a10,52,CGtUnicodeUtils,"PrintUTFChar(unsigned short*,unsigned short)",GtUnicodeUtils.cpp
00315a50,96,CGtBuddies,"SetPresenceDetail(char*,char*,char*)",GtBuddies.cpp
00315ab0,128,CGtBuddies,Prepare(),GtBuddies.cpp
00315b30,64,CGtBuddiesPS2DirtySock,"_InviteBuddyCallback(DirtySock::HLBApiRefT*,int,int,void*)",GtBuddiesPS2DirtySock.cpp
00315b70,76,CGtBuddiesPS2DirtySock,"BuddyInviteBlock(char*,void (*)(bool, void*),void*)",GtBuddiesPS2DirtySock.cpp
00315bc0,76,CGtBuddiesPS2DirtySock,"BuddyInviteRevoke(char*,void (*)(bool, void*),void*)",GtBuddiesPS2DirtySock.cpp
00315c10,76,CGtBuddiesPS2DirtySock,"BuddyInviteReject(char*,void (*)(bool, void*),void*)",GtBuddiesPS2DirtySock.cpp
00315c60,76,CGtBuddiesPS2DirtySock,"BuddyInviteAccept(char*,void (*)(bool, void*),void*)",GtBuddiesPS2DirtySock.cpp
00315cb0,72,CGtBuddiesPS2DirtySock,"BuddyInvite(char*,void (*)(bool, void*),void*)",GtBuddiesPS2DirtySock.cpp
00315d00,132,CGtBuddiesPS2DirtySock,IsNewMailAvailable(),GtBuddiesPS2DirtySock.cpp
00315d90,348,CGtBuddiesPS2DirtySock,ConvertHLBError(int),GtBuddiesPS2DirtySock.cpp
00315ef0,84,CGtBuddiesPS2DirtySock,"IsWannaBeHisBuddy(char*,bool*)",GtBuddiesPS2DirtySock.cpp
00315f50,84,CGtBuddiesPS2DirtySock,"IsWannaBeMyBuddy(char*,bool*)",GtBuddiesPS2DirtySock.cpp
00315fb0,84,CGtBuddiesPS2DirtySock,"IsPermanentBuddy(char*,bool*)",GtBuddiesPS2DirtySock.cpp
00316010,84,CGtBuddiesPS2DirtySock,"IsTemporaryBuddy(char*,bool*)",GtBuddiesPS2DirtySock.cpp
00316070,288,CGtBuddiesPS2DirtySock,"GetAndRemoveMail(char*,int,char*,char*)",GtBuddiesPS2DirtySock.cpp
00316190,76,CGtBuddiesPS2DirtySock,"_RemoveBuddyCallback(DirtySock::HLBApiRefT*,int,int,void*)",GtBuddiesPS2DirtySock.cpp
003161e0,148,CGtBuddiesPS2DirtySock,"RemoveIgnoredBuddy(char*,void (*)(bool, void*),void*)",GtBuddiesPS2DirtySock.cpp
00316280,196,CGtBuddiesPS2DirtySock,"RemoveTempBuddy(char*,void (*)(bool, void*),void*)",GtBuddiesPS2DirtySock.cpp
00316350,212,CGtBuddiesPS2DirtySock,"RemoveBuddy(char*,void (*)(bool, void*),void*)",GtBuddiesPS2DirtySock.cpp
00316430,88,CGtBuddiesPS2DirtySock,"_BanBuddyCallback(DirtySock::HLBApiRefT*,int,int,void*)",GtBuddiesPS2DirtySock.cpp
00316490,72,CGtBuddiesPS2DirtySock,"BanBuddy(char*,void (*)(bool, void*),void*)",GtBuddiesPS2DirtySock.cpp
003164e0,76,CGtBuddiesPS2DirtySock,"_FindBuddyCallback(DirtySock::HLBApiRefT*,int,int,void*)",GtBuddiesPS2DirtySock.cpp
00316530,72,CGtBuddiesPS2DirtySock,"FindBuddy(char*,void (*)(bool, void*),void*)",GtBuddiesPS2DirtySock.cpp
00316580,60,CGtBuddiesPS2DirtySock,"SendMail(char*,char*,void (*)(bool, int, void*),void*)",GtBuddiesPS2DirtySock.cpp
003165c0,12,CGtBuddiesPS2DirtySock,"_RosterCallback(DirtySock::HLBApiRefT*,int,int,void*)",GtBuddiesPS2DirtySock.cpp
003165d0,180,CGtBuddiesPS2DirtySock,"_ConnectCallback(DirtySock::HLBApiRefT*,int,int,void*)",GtBuddiesPS2DirtySock.cpp
00316690,8,CGtBuddiesPS2DirtySock,"_BuddyApiDebugPrint(void*,const char*)",GtBuddiesPS2DirtySock.cpp
003166a0,236,CGtBuddiesPS2DirtySock,"_MessageCallback(DirtySock::HLBApiRefT*,DirtySock::BuddyApiMsgT*,void*)",GtBuddiesPS2DirtySock.cpp
00316790,84,CGtBuddiesPS2DirtySock,"IsBuddyIgnored(char*,bool*)",GtBuddiesPS2DirtySock.cpp
003167f0,252,CGtBuddiesPS2DirtySock,"GetPresenceText(char*,char*)",GtBuddiesPS2DirtySock.cpp
003168f0,176,CGtBuddiesPS2DirtySock,"GetPresence(char*,EGtBuddyPresence*)",GtBuddiesPS2DirtySock.cpp
003169a0,72,CGtBuddiesPS2DirtySock,"GetFoundBuddyName(int,char*)",GtBuddiesPS2DirtySock.cpp
003169f0,84,CGtBuddiesPS2DirtySock,"GetBuddyName(int,char*)",GtBuddiesPS2DirtySock.cpp
00316a50,8,CGtBuddiesPS2DirtySock,GetNumBuddies(),GtBuddiesPS2DirtySock.cpp
00316a60,220,CGtBuddiesPS2DirtySock,"SetPresence(EGtBuddyPresence,bool)",GtBuddiesPS2DirtySock.cpp
00316b40,184,CGtBuddiesPS2DirtySock,"Connect(char*,char*)",GtBuddiesPS2DirtySock.cpp
00316c00,52,CGtBuddiesPS2DirtySock,Release(),GtBuddiesPS2DirtySock.cpp
00316c40,40,CGtBuddiesPS2DirtySock,Update(),GtBuddiesPS2DirtySock.cpp
00316c70,236,CGtBuddiesPS2DirtySock,"Prepare(char*,char*,char*)",GtBuddiesPS2DirtySock.cpp
00316da0,12,CB3SFIOCallbacks,SFIOGetTerritoryCallback(),B3SFIOCallbacksPS2.cpp
00316db0,20,CB3SFIOCallbacks,SFIOGetFileCallback(char*),B3SFIOCallbacksPS2.cpp
00316dd0,832,CB3SFIOCallbacks,"SFIOProcessCallback(SFIOProcessE*,int*)",B3SFIOCallbacksPS2.cpp
00317110,20,CB3SFIOCallbacks,"SFIOSetAttrCallback(int,unsigned int)",B3SFIOCallbacksPS2.cpp
00317130,20,CB3SFIOCallbacks,SFIOFlushCallback(int),B3SFIOCallbacksPS2.cpp
00317150,28,CB3SFIOCallbacks,"SFIOSeekCallback(int,int,SFIOSeekE)",B3SFIOCallbacksPS2.cpp
00317170,252,CB3SFIOCallbacks,"SFIOWriteCallback(int,const void*,unsigned int)",B3SFIOCallbacksPS2.cpp
00317270,84,CB3SFIOCallbacks,"SFIOReadCallback(int,void*,unsigned int)",B3SFIOCallbacksPS2.cpp
003172d0,20,CB3SFIOCallbacks,"SFIODestroyCallback(const char*,SFIODeviceE)",B3SFIOCallbacksPS2.cpp
003172f0,20,CB3SFIOCallbacks,"SFIODeleteCallback(const char*,const char*,SFIODeviceE)",B3SFIOCallbacksPS2.cpp
00317310,84,CB3SFIOCallbacks,"SFIOCreateCallback(const char*,unsigned int,SFIODeviceE)",B3SFIOCallbacksPS2.cpp
00317370,108,CB3SFIOCallbacks,SFIOCloseCallback(int),B3SFIOCallbacksPS2.cpp
003173e0,200,CB3SFIOCallbacks,"SFIOOpenCallback(const char*,const char*,SFIODeviceE,unsigned int)",B3SFIOCallbacksPS2.cpp
003174b0,20,CB3SFIOCallbacks,SFIOUnMountCallback(SFIODeviceE),B3SFIOCallbacksPS2.cpp
003174d0,80,CB3SFIOCallbacks,SFIOMountCallback(SFIODeviceE),B3SFIOCallbacksPS2.cpp
00317520,80,CB3SFIOCallbacks,SFIOFreeEntryCallback(SFIODeviceE),B3SFIOCallbacksPS2.cpp
00317570,80,CB3SFIOCallbacks,SFIOFreeSpaceCallback(SFIODeviceE),B3SFIOCallbacksPS2.cpp
003175c0,144,CB3SFIOCallbacks,"SFIOFindCallback(const char*,SFIODeviceE)",B3SFIOCallbacksPS2.cpp
00317650,12,CB3SFIOCallbacks,GetSharedNetworkLoginPassword(),B3SFIOCallbacksPS2.cpp
00317660,12,CB3SFIOCallbacks,GetSharedNetworkLoginName(),B3SFIOCallbacksPS2.cpp
00317670,8,CB3SFIOCallbacks,SharedNetworkLoginRelease(),B3SFIOCallbacksPS2.cpp
00317680,8,CB3SFIOCallbacks,SharedNetworkLoginUpdate(SLoginProcessE*),B3SFIOCallbacksPS2.cpp
00317690,236,CB3SFIOCallbacks,"SharedNetworkLoginCreatePrepare(char*,char*,void*)",B3SFIOCallbacksPS2.cpp
00317780,200,CB3SFIOCallbacks,"SharedNetworkLoginSavePrepare(char*,char*)",B3SFIOCallbacksPS2.cpp
00317850,192,CB3SFIOCallbacks,SharedNetworkLoginLoadPrepare(),B3SFIOCallbacksPS2.cpp
00317910,1380,CB3CrashCombo,CalculateCrashDescription(),B3CrashCombo.cpp
00317e80,264,CB3CrashCombo,DetectSkid(),B3CrashCombo.cpp
00317f90,320,CB3CrashCombo,DetectAirAndGround(),B3CrashCombo.cpp
003180d0,652,CB3CrashCombo,UpdateSkids(),B3CrashCombo.cpp
00318360,3100,CB3CrashCombo,UpdateSpins(),B3CrashCombo.cpp
00318f80,1288,CB3CrashCombo,UpdateCurrentCombo(),B3CrashCombo.cpp
00319490,928,CB3CrashCombo,GetSideFacingUp(const GtMathPs2::CGtMatrix3x4&),B3CrashCombo.cpp
00319830,172,CB3CrashCombo,GetNextItem(),B3CrashCombo.cpp
003198e0,256,CB3CrashCombo,GetFirstItem(bool),B3CrashCombo.cpp
003199e0,188,CB3CrashCombo,AddPickupToCombo(),B3CrashCombo.cpp
00319aa0,520,CB3CrashCombo,CalcStylePercentage(),B3CrashCombo.cpp
00319cb0,12,CB3CrashCombo,OnCrashStop(),B3CrashCombo.cpp
00319cc0,372,CB3CrashCombo,OnCrashFinishing(),B3CrashCombo.cpp
00319e40,628,CB3CrashCombo,OnCrashStart(const CB3CrashStartInfo*),B3CrashCombo.cpp
0031a0c0,408,CB3CrashCombo,UpdateCollidingPairs(),B3CrashCombo.cpp
0031a260,420,CB3CrashCombo,ResetData(),B3CrashCombo.cpp
0031a410,112,CB3CrashCombo,Update(),B3CrashCombo.cpp
0031a480,8,CB3CrashCombo,Release(),B3CrashCombo.cpp
0031a490,52,CB3CrashCombo,Prepare(CB3RaceCar*),B3CrashCombo.cpp
0031a4d0,8,CB3CrashCombo,Construct(),B3CrashCombo.cpp
0031a760,576,B3Im3d,"RenderLinelist(const CB3Im3dVertex*,int)",B3Im3DPS2.cpp
0031a9a0,660,B3Im3d,"RenderTrilist(const CB3Im3dVertex*,int)",B3Im3DPS2.cpp
0031ac40,548,B3Im3d,"RenderTristrip(const GtMathPs2::CGtMatrix3x4&,const CB3Im3dVertex*,int)",B3Im3DPS2.cpp
0031ae70,484,B3Im3d,"RenderTristrip(const CB3Im3dVertex*,int)",B3Im3DPS2.cpp
0031b060,172,B3Im3d,SetAlphaTestThreshold(float),B3Im3DPS2.cpp
0031b110,136,B3Im3d,SetBlendMode(B3Im3d::EBlendMode),B3Im3DPS2.cpp
0031b1a0,216,B3Im3d,SetLineAntialiasing(bool),B3Im3DPS2.cpp
0031b280,8,B3Im3d,SetBackfaceCull(bool),B3Im3DPS2.cpp
0031b290,172,B3Im3d,SetZWrite(bool),B3Im3DPS2.cpp
0031b340,144,B3Im3d,SetTexture(CGtTexture*),B3Im3DPS2.cpp
0031b3d0,148,B3Im3d,EndRendering(),B3Im3DPS2.cpp
0031b470,564,B3Im3d,BeginRendering(),B3Im3DPS2.cpp
0031b6b0,12,B3Im3d,Construct(),B3Im3DPS2.cpp
0031b6c0,80,CB3PopcornRenderer,EndRender(),B3PopcornRendererPS2.cpp
0031b710,36,CB3PopcornRenderer,RenderPopcornArray(CB3PopcornArray*),B3PopcornRendererPS2.cpp
0031b740,8,CB3PopcornRenderer,BeginRender(),B3PopcornRendererPS2.cpp
0031b750,1368,CB3PopcornArray,Render(),B3PopcornRendererPS2.cpp
0031bcb0,444,CB3PopcornArray,"SpawnBouncyPopcorn(GtMathPs2::CGtV3d,GtMathPs2::CGtV3d,float,float)",B3PopcornRendererPS2.cpp
0031be70,8,CB3PopcornArray,Release(),B3PopcornRendererPS2.cpp
0031be80,256,CB3PopcornArray,Prepare(),B3PopcornRendererPS2.cpp
0031bf80,8,CB3PopcornArray,Destruct(),B3PopcornRendererPS2.cpp
0031bf90,640,CB3PopcornArray,Construct(EPopcornArrayID),B3PopcornRendererPS2.cpp
0031c210,48,CB3BuddyDisplayComponent,GetSelectedBuddyName(char*),B3BuddyDisplayComponent.cpp
0031c240,284,CB3BuddyDisplayComponent,SetFocus(bool),B3BuddyDisplayComponent.cpp
0031c360,140,CB3BuddyDisplayComponent,SendingMail(char*),B3BuddyDisplayComponent.cpp
0031c3f0,56,CB3BuddyDisplayComponent,MailSent(int),B3BuddyDisplayComponent.cpp
0031c430,876,CB3BuddyDisplayComponent,HandleInput(),B3BuddyDisplayComponent.cpp
0031c7a0,2152,CB3BuddyDisplayComponent,SetupBuddyData(),B3BuddyDisplayComponent.cpp
0031d010,156,CB3BuddyDisplayComponent,Release(),B3BuddyDisplayComponent.cpp
0031d0b0,368,CB3BuddyDisplayComponent,Update(float),B3BuddyDisplayComponent.cpp
0031d220,1772,CB3BuddyDisplayComponent,Prepare(),B3BuddyDisplayComponent.cpp
0031d910,48,CB3BuddyDisplayComponent,Construct(),B3BuddyDisplayComponent.cpp
0031d940,208,CB3ProgressionDataStruct,Fixup(unsigned int),B3ProgressionDataStruct.cpp
0031da10,8,CB3StageSelectPage,Release(),B3StageSelectPage.cpp
0031da20,840,CB3StageSelectPage,Update(),B3StageSelectPage.cpp
0031dd70,1172,CB3StageSelectPage,PrepareChampionshipSelection(int),B3StageSelectPage.cpp
0031e210,200,CB3StageSelectPage,Prepare(bool),B3StageSelectPage.cpp
0031e2e0,2228,CB3StageSelectState,"Action(EGtStateAction,void*,void*,void*)",B3StageSelectState.cpp
0031eba0,1008,CB3ScoreBonus,"OnAttack(EScoreBonusAttackType,CB3RaceCar*,int,EScoreBonusCategory)",B3ScoreBonus.cpp
0031ef90,8,CB3ScoreBonus,SetGamebreakerEvent(EScoreBonusEvent),B3ScoreBonus.cpp
0031efa0,24,CB3ScoreBonus,GetDuellingCar(),B3ScoreBonus.cpp
0031efc0,120,CB3ScoreBonus,"OnMedal(EB3ScoreMedalType,int)",B3ScoreBonus.cpp
0031f040,188,CB3ScoreBonus,OnCrashComboResult(ECrashComboEvaluation),B3ScoreBonus.cpp
0031f100,8,CB3ScoreBonus,OnCrashReset(),B3ScoreBonus.cpp
0031f110,24,CB3ScoreBonus,OnCrashStart(),B3ScoreBonus.cpp
0031f130,20,CB3ScoreBonus,OnBoostLocked(),B3ScoreBonus.cpp
0031f150,20,CB3ScoreBonus,OnYouWereLucky(CB3RaceCar*),B3ScoreBonus.cpp
0031f170,20,CB3ScoreBonus,OnDenied(CB3RaceCar*),B3ScoreBonus.cpp
0031f190,320,CB3ScoreBonus,OnCrashEscape(int),B3ScoreBonus.cpp
0031f2d0,1412,CB3ScoreBonus,"OnTakedown(CB3RaceCar*,const CB3CrashStartInfo*,bool,bool)",B3ScoreBonus.cpp
0031f860,104,CB3ScoreBonus,"OnSlam(CB3RaceCar*,EB3ScoreSlamType,bool)",B3ScoreBonus.cpp
0031f8d0,72,CB3ScoreBonus,"OnTradePaint(CB3RaceCar*,bool)",B3ScoreBonus.cpp
0031f920,136,CB3ScoreBonus,"OnTailgate(CB3RaceCar*,CB3ScoreCategory*)",B3ScoreBonus.cpp
0031f9b0,80,CB3ScoreBonus,"OnGrind(CB3RaceCar*,CB3ScoreCategory*)",B3ScoreBonus.cpp
0031fa00,80,CB3ScoreBonus,"OnRub(CB3RaceCar*,CB3ScoreCategory*)",B3ScoreBonus.cpp
0031fa50,84,CB3ScoreBonus,"OnAward(EScoreBonusEvent,int,const CB3ScoreCategory*)",B3ScoreBonus.cpp
0031fab0,292,CB3ScoreBonus,"OnEvent(EScoreBonusEvent,int,int,bool)",B3ScoreBonus.cpp
0031fbe0,44,CB3ScoreBonus,OnTrophy(ETrophyAction),B3ScoreBonus.cpp
0031fc10,224,CB3ScoreBonus,ClearAttackData(),B3ScoreBonus.cpp
0031fcf0,516,CB3ScoreBonus,Update(),B3ScoreBonus.cpp
0031ff00,8,CB3ScoreBonus,Release(),B3ScoreBonus.cpp
0031ff10,44,CB3ScoreBonus,Prepare(CB3RaceCar*),B3ScoreBonus.cpp
0031ff40,8,CB3ScoreBonus,Construct(),B3ScoreBonus.cpp
0031ff50,264,CB3OnlineNewsState,"Action(EGtStateAction,void*,void*,void*)",B3OnlineNewsState.cpp
00320060,1188,CB3OnlineRankingsState,"Action(EGtStateAction,void*,void*,void*)",B3OnlineRankingsState.cpp
00320510,232,CB3OnlineRankingsState,HandleTrackRecordEvents(EB3MenuFlowFSMEvents),B3OnlineRankingsState.cpp
00320600,588,CB3OnlineRankingsState,HandleRankingMenuEvents(EB3MenuFlowFSMEvents),B3OnlineRankingsState.cpp
00320850,2040,CB3OnlineBuddiesState,"Action(EGtStateAction,void*,void*,void*)",B3OnlineBuddiesState.cpp
00321050,804,CB3OnlineOptimatchState,"Action(EGtStateAction,void*,void*,void*)",B3OnlineOptimatchState.cpp
00321380,412,CB3OnlineBuddiesMenuPage,"_UsersRoomCallback(bool,char*,char*,int,bool,void*)",B3OnlineBuddiesMenuPage.cpp
00321520,120,CB3OnlineBuddiesMenuPage,"_BuddyBlockCallback(bool,void*)",B3OnlineBuddiesMenuPage.cpp
003215a0,120,CB3OnlineBuddiesMenuPage,"_BuddyRejectCallback(bool,void*)",B3OnlineBuddiesMenuPage.cpp
00321620,120,CB3OnlineBuddiesMenuPage,"_BuddyAcceptCallback(bool,void*)",B3OnlineBuddiesMenuPage.cpp
003216a0,120,CB3OnlineBuddiesMenuPage,"_BuddyRevokeCallback(bool,void*)",B3OnlineBuddiesMenuPage.cpp
00321720,120,CB3OnlineBuddiesMenuPage,"_BanBuddyCallback(bool,void*)",B3OnlineBuddiesMenuPage.cpp
003217a0,152,CB3OnlineBuddiesMenuPage,"_RemoveBuddyCallback(bool,void*)",B3OnlineBuddiesMenuPage.cpp
00321840,16,CB3OnlineBuddiesMenuPage,"_FindUserCallback(bool,void*)",B3OnlineBuddiesMenuPage.cpp
00321850,12,CB3OnlineBuddiesMenuPage,"_SentMailCallback(bool,int,void*)",B3OnlineBuddiesMenuPage.cpp
00321860,652,CB3OnlineBuddiesMenuPage,UpdateBlock(),B3OnlineBuddiesMenuPage.cpp
00321af0,652,CB3OnlineBuddiesMenuPage,UpdateReject(),B3OnlineBuddiesMenuPage.cpp
00321d80,652,CB3OnlineBuddiesMenuPage,UpdateAccept(),B3OnlineBuddiesMenuPage.cpp
00322010,652,CB3OnlineBuddiesMenuPage,UpdateRevoke(),B3OnlineBuddiesMenuPage.cpp
003222a0,652,CB3OnlineBuddiesMenuPage,UpdateBan(),B3OnlineBuddiesMenuPage.cpp
00322530,1644,CB3OnlineBuddiesMenuPage,UpdateRemove(),B3OnlineBuddiesMenuPage.cpp
00322ba0,1388,CB3OnlineBuddiesMenuPage,UpdateSearch(),B3OnlineBuddiesMenuPage.cpp
00323110,836,CB3OnlineBuddiesMenuPage,UpdateSendMail(),B3OnlineBuddiesMenuPage.cpp
00323460,344,CB3OnlineBuddiesMenuPage,HandleInviteeBuddySelection(),B3OnlineBuddiesMenuPage.cpp
003235c0,288,CB3OnlineBuddiesMenuPage,HandleInvitedBuddySelection(),B3OnlineBuddiesMenuPage.cpp
003236e0,296,CB3OnlineBuddiesMenuPage,HandleNormalBuddySelection(),B3OnlineBuddiesMenuPage.cpp
00323810,692,CB3OnlineBuddiesMenuPage,UpdateBuddyMenu(),B3OnlineBuddiesMenuPage.cpp
00323ad0,944,CB3OnlineBuddiesMenuPage,UpdateBuddyList(),B3OnlineBuddiesMenuPage.cpp
00323e80,716,CB3OnlineBuddiesMenuPage,UpdateMainMenu(),B3OnlineBuddiesMenuPage.cpp
00324150,8,CB3OnlineBuddiesMenuPage,OnKeyboardShow(),B3OnlineBuddiesMenuPage.cpp
00324160,332,CB3OnlineBuddiesMenuPage,OnKeyboardCancel(),B3OnlineBuddiesMenuPage.cpp
003242b0,1588,CB3OnlineBuddiesMenuPage,OnKeyboardDone(),B3OnlineBuddiesMenuPage.cpp
003248f0,12,CB3OnlineBuddiesMenuPage,Release(),B3OnlineBuddiesMenuPage.cpp
00324900,2256,CB3OnlineBuddiesMenuPage,Update(),B3OnlineBuddiesMenuPage.cpp
003251d0,468,CB3OnlineBuddiesMenuPage,Prepare(),B3OnlineBuddiesMenuPage.cpp
003253b0,8,CB3OnlineRankingsMenuPage,Release(),B3OnlineRankingsMenuPage.cpp
003253c0,256,CB3OnlineRankingsMenuPage,Update(),B3OnlineRankingsMenuPage.cpp
003254c0,356,CB3OnlineRankingsMenuPage,Prepare(),B3OnlineRankingsMenuPage.cpp
00325630,680,CB3BurningText2dObject,"_Render(const CGt2dObject::CGt2dObjectSpace&,const void*)",B3BurningText2dObject.cpp
003258e0,164,CB3BurningText2dObject,"Prepare(const GtMathPs2::CGtV2d&,const GtMathPs2::CGtV2d&,float,const CGt2dFont*,const unsigned short*,",B3BurningText2dObject.cpp
0032c750,120,CB3MenuImageUVs,"_CalculateUV(float,float,float,float,float,float,unsigned int)",B3MenuImages.cpp
0032c7d0,316,CB3MenuImages,CacheGlobalTextures(),B3MenuImages.cpp
0032c910,208,CB3MenuImages,CacheFrontendTextures(),B3MenuImages.cpp
0032c9e0,1068,CB3FlashText2dObject,"_Render(const CGt2dObject::CGt2dObjectSpace&,const void*)",B3FlashText2dObject.cpp
0032ce10,128,CB3FlashText2dObject,"Prepare(const GtMathPs2::CGtV2d&,const GtMathPs2::CGtV2d&,float,GtMathPs2::CGtV4d,const CGt2dFont*,const ",B3FlashText2dObject.cpp
0032ce90,68,CB3FlashText2dObject,SetVFlashTimeScale(float),B3FlashText2dObject.cpp
0032cee0,8,CB3FlashText2dObject,SetHFlashTimeScale(float),B3FlashText2dObject.cpp
0032cef0,784,CB3SelectionBar2dObject,"_Render(const CGt2dObject::CGt2dObjectSpace&,const void*)",B3SelectionBar2dObject.cpp
0032d200,208,CB3SelectionBar2dObject,"Prepare(const GtMathPs2::CGtV2d&,const GtMathPs2::CGtV2d&,float,float,float,GtMathPs2::CGtV4d)",B3SelectionBar2dObject.cpp
0032d2d0,252,CB3BuddyReadMailComponent,Release(),B3BuddyReadMailComponent.cpp
0032d3d0,20,CB3BuddyReadMailComponent,Update(float),B3BuddyReadMailComponent.cpp
0032d3f0,1228,CB3BuddyReadMailComponent,"Prepare(char*,char*,char*)",B3BuddyReadMailComponent.cpp
0032d8c0,44,CB3BuddyReadMailComponent,Construct(),B3BuddyReadMailComponent.cpp
0032d8f0,12,CB3OnlineReadMailMenuPage,"_SentMailCallback(bool,int,void*)",B3OnlineReadMailMenuPage.cpp
0032d900,8,CB3OnlineReadMailMenuPage,OnKeyboardShow(),B3OnlineReadMailMenuPage.cpp
0032d910,72,CB3OnlineReadMailMenuPage,OnKeyboardCancel(),B3OnlineReadMailMenuPage.cpp
0032d960,232,CB3OnlineReadMailMenuPage,OnKeyboardDone(),B3OnlineReadMailMenuPage.cpp
0032da50,12,CB3OnlineReadMailMenuPage,Release(),B3OnlineReadMailMenuPage.cpp
0032da60,992,CB3OnlineReadMailMenuPage,Update(),B3OnlineReadMailMenuPage.cpp
0032de40,288,CB3OnlineReadMailMenuPage,Prepare(),B3OnlineReadMailMenuPage.cpp
0032df60,120,CB3OnlineBuddiesSearchMenuPage,"_AddUserCallback(bool,void*)",B3OnlineBuddiesSearchMenuPage.cpp
0032dfe0,412,CB3OnlineBuddiesSearchMenuPage,"_UsersRoomCallback(bool,char*,char*,int,bool,void*)",B3OnlineBuddiesSearchMenuPage.cpp
0032e180,120,CB3OnlineBuddiesSearchMenuPage,"_BanBuddyCallback(bool,void*)",B3OnlineBuddiesSearchMenuPage.cpp
0032e200,8,CB3OnlineBuddiesSearchMenuPage,OnKeyboardShow(),B3OnlineBuddiesSearchMenuPage.cpp
0032e210,72,CB3OnlineBuddiesSearchMenuPage,OnKeyboardCancel(),B3OnlineBuddiesSearchMenuPage.cpp
0032e260,192,CB3OnlineBuddiesSearchMenuPage,OnKeyboardDone(),B3OnlineBuddiesSearchMenuPage.cpp
0032e320,12,CB3OnlineBuddiesSearchMenuPage,Release(),B3OnlineBuddiesSearchMenuPage.cpp
0032e330,1644,CB3OnlineBuddiesSearchMenuPage,Update(),B3OnlineBuddiesSearchMenuPage.cpp
0032e9a0,476,CB3OnlineBuddiesSearchMenuPage,Prepare(char*),B3OnlineBuddiesSearchMenuPage.cpp
0032eb80,8,CB3MyStatsPage,Release(),B3MyStatsPage.cpp
0032eb90,132,CB3MyStatsPage,Update(),B3MyStatsPage.cpp
0032ec20,1640,CB3MyStatsPage,Prepare(),B3MyStatsPage.cpp
0032f290,264,CB3MyStatsState,"Action(EGtStateAction,void*,void*,void*)",B3MyStatsState.cpp
0032f3a0,8,CB3BehaviourInterpolate,Construct(),B3BehaviourInterpolate.cpp
0032f3b0,508,CB3BehaviourInterpolate,"CatmullRom(GtMathPs2::CGtV3d*,float,float)",B3BehaviourInterpolate.cpp
0032f5b0,100,CB3BehaviourInterpolate,GetTimeScale(),B3BehaviourInterpolate.cpp
0032f620,80,CB3BehaviourInterpolate,GetTimeElapsed(),B3BehaviourInterpolate.cpp
0032f670,8,CB3BehaviourInterpolate,Destruct(),B3BehaviourInterpolate.cpp
0032f680,8,CB3BehaviourInterpolate,Release(void*),B3BehaviourInterpolate.cpp
0032f690,1372,CB3BehaviourInterpolate,"Update(CGtCamera*,float)",B3BehaviourInterpolate.cpp
0032fbf0,568,CB3BehaviourInterpolate,Prepare(void*),B3BehaviourInterpolate.cpp
0032fe30,144,CB3BehaviourInterpolate,"SetParameters(EB3PlayerCameraBehaviour,EB3PlayerCameraBehaviour,float,EB3InterpolationType,EB3Interpol",B3BehaviourInterpolate.cpp
0032fec0,60,CB3BehaviourInterpolate,"SetParameters(EB3PlayerCameraBehaviour,EB3PlayerCameraBehaviour,EB3PlayerCameraBehaviour,EB3PlayerCame",B3BehaviourInterpolate.cpp
0032ff00,80,CB3BehaviourInterpolate,Construct(CB3PlayerCameraManager*),B3BehaviourInterpolate.cpp
0032ff50,40,CB3CameraBehaviour,Construct(),B3CameraBehaviour.cpp
0032ff80,184,CGtByteStream,"ReadMemory(void*,int)",GtByteStream.cpp
00330040,180,CGtByteStream,"WriteMemory(const void*,int)",GtByteStream.cpp
00330100,16,CGtByteStream,GetUsage() const,GtByteStream.cpp
00330110,24,CGtByteStream,GetSpaceFree() const,GtByteStream.cpp
00330130,56,CGtByteStream,SetPosition(int),GtByteStream.cpp
00330170,16,CGtByteStream,GetPosition() const,GtByteStream.cpp
00330180,36,CGtByteStream,"Create(void*,int,int)",GtByteStream.cpp
003301b0,936,CB3DemoOnlineGameCreateState,"Action(EGtStateAction,void*,void*,void*)",B3DemoOnlineGameCreateState.cpp
00330560,992,CB3DemoOnlineJoinGameState,"Action(EGtStateAction,void*,void*,void*)",B3DemoOnlineJoinGameState.cpp
00330940,1580,CB3DemoRaceFinishedPage,PrepareTable(),B3DemoRaceFinishedPage.cpp
00330f70,8,CB3DemoRaceFinishedPage,Release(),B3DemoRaceFinishedPage.cpp
00330f80,152,CB3DemoRaceFinishedPage,Update(),B3DemoRaceFinishedPage.cpp
00331020,324,CB3DemoRaceFinishedPage,Prepare(bool),B3DemoRaceFinishedPage.cpp
00331170,912,CB3DemoRaceFinishedState,"Action(EGtStateAction,void*,void*,void*)",B3DemoRaceFinishedState.cpp
00331500,8,CB3DemoShowTipsPage,Release(),B3DemoShowTipsPage.cpp
00331510,160,CB3DemoShowTipsPage,Update(),B3DemoShowTipsPage.cpp
003315b0,112,CB3DemoShowTipsPage,Prepare(),B3DemoShowTipsPage.cpp
00331620,272,CB3DemoShowTipsState,"Action(EGtStateAction,void*,void*,void*)",B3DemoShowTipsState.cpp
00331730,312,CB3CrashResultsPage,PrepareTable(),B3CrashResultsPage.cpp
00331870,88,CB3CrashResultsPage,"_QSortCallback(const void*,const void*)",B3CrashResultsPage.cpp
003318d0,2620,CB3CrashResultsPage,AddRaceTime(const CB3ResultsData*),B3CrashResultsPage.cpp
00332310,8,CB3CrashResultsPage,Release(),B3CrashResultsPage.cpp
00332320,336,CB3CrashResultsPage,Update(),B3CrashResultsPage.cpp
00332470,468,CB3CrashResultsPage,"Prepare(bool,bool,unsigned int)",B3CrashResultsPage.cpp
00332650,8,CB3CameraEditor,Update(),B3CameraEditor.cpp
00332660,8,CB3CameraEditor,Release(),B3CameraEditor.cpp
00332670,8,CB3CameraEditor,Prepare(CB3EditorParams*),B3CameraEditor.cpp
00332680,8,CB3CameraEditor,Destruct(),B3CameraEditor.cpp
00332690,20,CB3CameraEditor,Construct(CB3PlayerCameraManager*),B3CameraEditor.cpp
003326b0,612,CB3CameraEditor,"LoadMungedKeyFrames(void*,EB3KeyFrameType)",B3CameraEditor.cpp
00332920,92,CB3CameraKeyFrame,GetFOV(),B3CameraEditor.cpp
00332980,1204,CB3CameraKeyFrame,GetMatrix(),B3CameraEditor.cpp
00332e40,16,CB3CameraKeyFrame,GetEventRecord(),B3CameraEditor.cpp
00332e50,16,CB3CameraKeyFrame,GetEventPause(),B3CameraEditor.cpp
00332e60,16,CB3CameraKeyFrame,GetTypeTransition(),B3CameraEditor.cpp
00332e70,12,CB3CameraKeyFrame,GetTypeBehaviour(),B3CameraEditor.cpp
00332e80,8,CB3CameraKeyFrame,GetRaceCarIndex(),B3CameraEditor.cpp
00332e90,28,CB3CameraKeyFrame,GetIsSetup(),B3CameraEditor.cpp
00332eb0,344,CB3PlayerCameraStateEditor,"Action(EGtStateAction,void*,void*,void*)",B3PlayerCameraStateEditor.cpp
00333010,956,CB3PlayerCameraStatePlayer,"Action(EGtStateAction,void*,void*,void*)",B3PlayerCameraStatePlayer.cpp
003333d0,256,CB3PlayerCameraStatePlayer,"SetupStartFrame(CB3CameraPlayerParams*,CB3PlayerCameraManager*)",B3PlayerCameraStatePlayer.cpp
003334d0,644,CB3PlayerCameraStatePlayer,SetupTransition(CB3PlayerCameraManager*),B3PlayerCameraStatePlayer.cpp
00333790,64,CB3PlayerCameraStatePlayer,Restart(CB3PlayerCameraManager*),B3PlayerCameraStatePlayer.cpp
003337d0,8,CB3BehaviourKeyFrame,Destruct(),B3BehaviourKeyFrame.cpp
003337e0,8,CB3BehaviourKeyFrame,Release(void*),B3BehaviourKeyFrame.cpp
003337f0,1212,CB3BehaviourKeyFrame,"Update(CGtCamera*,float)",B3BehaviourKeyFrame.cpp
00333cb0,1236,CB3BehaviourKeyFrame,Prepare(void*),B3BehaviourKeyFrame.cpp
00334190,8,CB3BehaviourKeyFrame,SetParameters(CB3CameraKeyFrame*),B3BehaviourKeyFrame.cpp
003341a0,8,CB3BehaviourKeyFrame,Construct(),B3BehaviourKeyFrame.cpp
003341b0,84,CGtHiResSystemTimer,GetTime(),GtHiResSystemTimerPS2.cpp
00334210,8,CGtHiResSystemTimer,Destruct(),GtHiResSystemTimerPS2.cpp
00334220,8,CGtHiResSystemTimer,Release(),GtHiResSystemTimerPS2.cpp
00334230,164,CGtHiResSystemTimer,Update(int),GtHiResSystemTimerPS2.cpp
003342e0,24,CGtHiResSystemTimer,"Prepare(bool,int)",GtHiResSystemTimerPS2.cpp
00334300,24,CGtHiResSystemTimer,Construct(),GtHiResSystemTimerPS2.cpp
00334320,92,CB3NetworkReplayBodyMessage,Retrieve(unsigned char*),B3NetworkReplayMessage.cpp
00334380,92,CB3NetworkReplayBodyMessage,"Prepare(const unsigned char*,int,int)",B3NetworkReplayMessage.cpp
003343e0,8,CB3NetworkReplayBodyMessage,Construct(),B3NetworkReplayMessage.cpp
003343f0,92,CB3NetworkReplayHeaderMessage,Retrieve(CB3ReplayFileHeader*),B3NetworkReplayMessage.cpp
00334450,164,CB3NetworkReplayHeaderMessage,Prepare(const CB3ReplayFileHeader*),B3NetworkReplayMessage.cpp
00334500,8,CB3NetworkReplayHeaderMessage,Construct(),B3NetworkReplayMessage.cpp
00334510,592,CB3ScrapeEmitter,"AddScrapeSegment(GtMathPs2::CGtV3d,GtMathPs2::CGtV3d,const GtMathPs2::CGtMatrix3x4*)",B3ScrapeSystem.cpp
00334760,592,CB3ScrapeSystem,"AddScrapeSegment(CB3ScrapeEmitterData*,GtMathPs2::CGtV3d,GtMathPs2::CGtV3d,EB3ScrapeType,const GtMathPs2::CGtM",B3ScrapeSystem.cpp
003349b0,328,CB3ScrapeSystem,Render(),B3ScrapeSystem.cpp
00334b00,388,CB3ScrapeSystem,Update(),B3ScrapeSystem.cpp
00334c90,8,CB3ScrapeSystem,Release(),B3ScrapeSystem.cpp
00334ca0,236,CB3ScrapeSystem,Prepare(),B3ScrapeSystem.cpp
00334d90,8,CB3ScrapeSystem,Destruct(),B3ScrapeSystem.cpp
00334da0,256,CB3ScrapeSystem,Construct(),B3ScrapeSystem.cpp
00334ea0,640,CB3ScrapeRenderer,"Render(CB3ScrapeEmitter**,int,CB3ScrapeParams*,EB3ScrapeType)",B3ScrapeRenderPS2.cpp
00335120,8,CGtTimer,GetFrameCount(),B3ScrapeRenderPS2.cpp
00335130,36,CB3ScrapeRenderer,EndRender(),B3ScrapeRenderPS2.cpp
00335160,36,CB3ScrapeRenderer,BeginRender(),B3ScrapeRenderPS2.cpp
00335190,148,CB3ScrapeRenderer,Construct(),B3ScrapeRenderPS2.cpp
00335230,8,CB3OnlineTrackRecordsMenuPage,Release(),B3OnlineTrackRecordsMenuPage.cpp
00335240,256,CB3OnlineTrackRecordsMenuPage,Update(),B3OnlineTrackRecordsMenuPage.cpp
00335340,256,CB3OnlineTrackRecordsMenuPage,Prepare(int),B3OnlineTrackRecordsMenuPage.cpp
00335440,576,CGtFramerateManager,"UpdatePostRenderWait(int,int)",GtFramerateManager.cpp
00335680,12,CGtFramerateManager,"StartUpdateFrame(EGtFramerateType,bool)",GtFramerateManager.cpp
00335690,28,CGtFramerateManager,Prepare(),GtFramerateManager.cpp
003356b0,160,CGtFramerateManager,"Construct(float,float)",GtFramerateManager.cpp
00335750,356,CB3OnlineRecordsDisplayMenuPage,ScrollUsersCountryAndCarBuffer(int),B3OnlineRecordsDisplayMenuPage.cpp
003358c0,200,CB3OnlineRecordsDisplayMenuPage,"CurrentUsersCountryCallback(bool,char*,void*)",B3OnlineRecordsDisplayMenuPage.cpp
00335990,108,CB3OnlineRecordsDisplayMenuPage,"UsersStatsCallback(bool,char*,void*)",B3OnlineRecordsDisplayMenuPage.cpp
00335a00,204,CB3OnlineRecordsDisplayMenuPage,"UsersCountryCallback(bool,char*,void*)",B3OnlineRecordsDisplayMenuPage.cpp
00335ad0,1120,CB3OnlineRecordsDisplayMenuPage,SetupRankingData(int),B3OnlineRecordsDisplayMenuPage.cpp
00335f30,1020,CB3OnlineRecordsDisplayMenuPage,SetupUserRankingData(),B3OnlineRecordsDisplayMenuPage.cpp
00336330,952,CB3OnlineRecordsDisplayMenuPage,SetupTableData(),B3OnlineRecordsDisplayMenuPage.cpp
003366f0,8,CB3OnlineRecordsDisplayMenuPage,Release(),B3OnlineRecordsDisplayMenuPage.cpp
00336700,1444,CB3OnlineRecordsDisplayMenuPage,UpdateNormal(),B3OnlineRecordsDisplayMenuPage.cpp
00336cb0,492,CB3OnlineRecordsDisplayMenuPage,UpdateWaitToRetrieveList(),B3OnlineRecordsDisplayMenuPage.cpp
00336ea0,416,CB3OnlineRecordsDisplayMenuPage,UpdateWaitForUserCountry(),B3OnlineRecordsDisplayMenuPage.cpp
00337040,476,CB3OnlineRecordsDisplayMenuPage,UpdateWaitForList(),B3OnlineRecordsDisplayMenuPage.cpp
00337220,392,CB3OnlineRecordsDisplayMenuPage,UpdateWaitForCurrentUserCountry(),B3OnlineRecordsDisplayMenuPage.cpp
003373b0,372,CB3OnlineRecordsDisplayMenuPage,UpdateWaitForUserList(),B3OnlineRecordsDisplayMenuPage.cpp
00337530,484,CB3OnlineRecordsDisplayMenuPage,UpdateWaitForRankings(),B3OnlineRecordsDisplayMenuPage.cpp
00337720,560,CB3OnlineRecordsDisplayMenuPage,Update(),B3OnlineRecordsDisplayMenuPage.cpp
00337950,976,CB3OnlineRecordsDisplayMenuPage,Prepare(EB3SelectedRecord),B3OnlineRecordsDisplayMenuPage.cpp
00337d20,228,CB3TextureCollectionPS2,Upload(),B3TextureCollectionPS2.cpp
00337e10,92,CB3TextureCollectionPS2,AddTexture(CGtTexture*),B3TextureCollectionPS2.cpp
00337e70,12,CB3TextureCollectionPS2,Initialise(),B3TextureCollectionPS2.cpp
00337e80,8,CB3OnlineCrashRecordsMenuPage,Release(),B3OnlineCrashRecordsMenuPage.cpp
00337e90,256,CB3OnlineCrashRecordsMenuPage,Update(),B3OnlineCrashRecordsMenuPage.cpp
00337f90,232,CB3OnlineCrashRecordsMenuPage,Prepare(int),B3OnlineCrashRecordsMenuPage.cpp
00338080,72,CB3PageTextComponent,GetNumLines(),B3PageTextComponent.cpp
003380d0,64,CB3PageTextComponent,HideSelectionBar(),B3PageTextComponent.cpp
00338110,184,CB3PageTextComponent,ShowSelectionBar(),B3PageTextComponent.cpp
003381d0,152,CB3PageTextComponent,ScrollUp(),B3PageTextComponent.cpp
00338270,304,CB3PageTextComponent,ScrollDown(),B3PageTextComponent.cpp
003383a0,164,CB3PageTextComponent,Release(),B3PageTextComponent.cpp
00338450,20,CB3PageTextComponent,Update(float),B3PageTextComponent.cpp
00338470,568,CB3PageTextComponent,"Prepare(const GtMathPs2::CGtV2d&,const GtMathPs2::CGtV2d&,const unsigned short*,unsigned int)",B3PageTextComponent.cpp
003386b0,108,CB3PageTextComponent,"Prepare(const GtMathPs2::CGtV2d&,const GtMathPs2::CGtV2d&,EGlobalStrings,unsigned int)",B3PageTextComponent.cpp
00338720,16,CB3PageTextComponent,Construct(),B3PageTextComponent.cpp
00338730,220,CB3OnlineNewsMenuPage,"GetGameNewsCallback(bool,const char*,void*)",B3OnlineNewsMenuPage.cpp
00338810,8,CB3OnlineNewsMenuPage,Release(),B3OnlineNewsMenuPage.cpp
00338820,880,CB3OnlineNewsMenuPage,Update(),B3OnlineNewsMenuPage.cpp
00338b90,340,CB3OnlineNewsMenuPage,Prepare(),B3OnlineNewsMenuPage.cpp
00338cf0,8,CB3OnlineOptimatchMenuPage,OnKeyboardShow(),B3OnlineOptimatchMenuPage.cpp
00338d00,72,CB3OnlineOptimatchMenuPage,OnKeyboardCancel(),B3OnlineOptimatchMenuPage.cpp
00338d50,496,CB3OnlineOptimatchMenuPage,OnKeyboardDone(),B3OnlineOptimatchMenuPage.cpp
00338f40,368,CB3OnlineOptimatchMenuPage,"SetMode(int,EB3MenuChoicesOnline)",B3OnlineOptimatchMenuPage.cpp
003390b0,1028,CB3OnlineOptimatchMenuPage,SetupTable(),B3OnlineOptimatchMenuPage.cpp
003394c0,12,CB3OnlineOptimatchMenuPage,Release(),B3OnlineOptimatchMenuPage.cpp
003394d0,3032,CB3OnlineOptimatchMenuPage,Update(),B3OnlineOptimatchMenuPage.cpp
0033a0b0,276,CB3OnlineOptimatchMenuPage,CacheGameParams(int),B3OnlineOptimatchMenuPage.cpp
0033a1d0,168,CB3OnlineOptimatchMenuPage,"_GamesListQSortCallback(const void*,const void*)",B3OnlineOptimatchMenuPage.cpp
0033a280,1708,CB3OnlineOptimatchMenuPage,BuildListOfGames(),B3OnlineOptimatchMenuPage.cpp
0033a930,368,CB3OnlineOptimatchMenuPage,LookForGames(),B3OnlineOptimatchMenuPage.cpp
0033aaa0,796,CB3OnlineOptimatchMenuPage,"ForEachNetworkGame(char*,int,int,int,int,int,int,int,int,int,int,int,int,void*)",B3OnlineOptimatchMenuPage.cpp
0033adc0,160,CB3OnlineOptimatchMenuPage,"ForEachLobby(int,char*,int,int,bool,void*)",B3OnlineOptimatchMenuPage.cpp
0033ae60,156,CB3OnlineOptimatchMenuPage,"SearchForGamesCallback(int,void*)",B3OnlineOptimatchMenuPage.cpp
0033af00,724,CB3OnlineOptimatchMenuPage,Prepare(bool),B3OnlineOptimatchMenuPage.cpp
0033b1e0,8,CB3CreateAccount2MenuPage,Release(),B3CreateAccount2MenuPage.cpp
0033b1f0,4056,CB3CreateAccount2MenuPage,Update(),B3CreateAccount2MenuPage.cpp
0033c1d0,996,CB3CreateAccount2MenuPage,Prepare(),B3CreateAccount2MenuPage.cpp
0033c5c0,8,CB3OnlineDupNameMenuPage,Release(),B3CreateAccountDupNameMenuPage.cpp
0033c5d0,972,CB3OnlineDupNameMenuPage,Update(),B3CreateAccountDupNameMenuPage.cpp
0033c9a0,476,CB3OnlineDupNameMenuPage,Prepare(bool),B3CreateAccountDupNameMenuPage.cpp
0033cb80,8,CB3CreateAccountSaveMenuPage,Release(),B3CreateAccountSaveMenuPage.cpp
0033cb90,1664,CB3CreateAccountSaveMenuPage,Update(),B3CreateAccountSaveMenuPage.cpp
0033d210,284,CB3CreateAccountSaveMenuPage,Prepare(),B3CreateAccountSaveMenuPage.cpp
0033d330,8,CB3CreateAccount1MenuPage,OnKeyboardShow(),B3CreateAccount1MenuPage.cpp
0033d340,248,CB3CreateAccount1MenuPage,OnKeyboardCancel(),B3CreateAccount1MenuPage.cpp
0033d440,2836,CB3CreateAccount1MenuPage,OnKeyboardDone(),B3CreateAccount1MenuPage.cpp
0033df60,12,CB3CreateAccount1MenuPage,Release(),B3CreateAccount1MenuPage.cpp
0033df70,1732,CB3CreateAccount1MenuPage,Update(),B3CreateAccount1MenuPage.cpp
0033e640,952,CB3CreateAccount1MenuPage,Prepare(),B3CreateAccount1MenuPage.cpp
0033ea00,916,CB3OnlineCreateAccountState,"Action(EGtStateAction,void*,void*,void*)",B3OnlineCreateAccountState.cpp
0033eda0,1616,CB3Panel2dObject,"_Render(const CGt2dObject::CGt2dObjectSpace&,const void*)",B3Panel2dObject.cpp
0033f3f0,196,CB3Panel2dObject,"Prepare(const GtMathPs2::CGtV2d&,const GtMathPs2::CGtV2d&,const GtMathPs2::CGtV2d&,unsigned int,float)",B3Panel2dObject.cpp
0033f4c0,216,CB3Panel2dObject,"Prepare(const GtMathPs2::CGtV2d&,const GtMathPs2::CGtV2d&,const GtMathPs2::CGtV2d&,bool,bool)",B3Panel2dObject.cpp
0033f5a0,1168,CB3DPad2dObject,"_Render(const CGt2dObject::CGt2dObjectSpace&,const void*)",B3DPad2dObject.cpp
0033fa30,252,CB3DPad2dObject,"Prepare(const GtMathPs2::CGtV2d&,const GtMathPs2::CGtV2d&,unsigned int)",B3DPad2dObject.cpp
0033fb30,764,CB3GradientText2dObject,"_Render(const CGt2dObject::CGt2dObjectSpace&,const void*)",B3GradientText2dObject.cpp
0033fe30,172,CB3GradientText2dObject,"Prepare(const GtMathPs2::CGtV2d&,const GtMathPs2::CGtV2d&,float,GtMathPs2::CGtV4d,const CGt2dFont*,con",B3GradientText2dObject.cpp
0033fee0,608,CB3Button2dObject,"_Render(const CGt2dObject::CGt2dObjectSpace&,const void*)",B3Button2dObject.cpp
00340140,272,CB3Button2dObject,"Prepare(const GtMathPs2::CGtV2d&,const GtMathPs2::CGtV2d&,CB3Button2dObject::EButton)",B3Button2dObject.cpp
00340250,484,CB3Button2dObject,Construct(),B3Button2dObject.cpp
00340440,8,CB3OnlineLobbySelectPage,Release(),B3OnlineLobbySelectPage.cpp
00340450,1412,CB3OnlineLobbySelectPage,Update(),B3OnlineLobbySelectPage.cpp
003409e0,596,CB3OnlineLobbySelectPage,"ForEachLobby(int,char*,int,int,bool,void*)",B3OnlineLobbySelectPage.cpp
00340c40,484,CB3OnlineLobbySelectPage,Prepare(char*),B3OnlineLobbySelectPage.cpp
00340e30,376,CGtSoundBank,"FindWave(const unsigned long&,bool) const",GtSoundBank.cpp
00340fb0,8,CGtSoundBank,GetPath() const,GtSoundBank.cpp
00340fc0,108,CGtSoundBank,Unload(),GtSoundBank.cpp
00341030,532,CGtSoundBank,"LoadAsync(const char*,RwaSPU2Output*,RwaWaveDictLoader*,void*,int)",GtSoundBank.cpp
00341250,8,CGtSoundBank,IsGlobal(),GtSoundBank.cpp
00341260,8,CGtSoundBank,SetIsGlobal(bool),GtSoundBank.cpp
00341270,8,CGtSoundBank,GetReferenceCount(),GtSoundBank.cpp
00341280,8,CGtSoundBank,SetReferenceCount(int),GtSoundBank.cpp
00341290,8,CGtSoundBank,Destruct(),GtSoundBank.cpp
003412a0,8,CGtSoundBank,Prepare(),GtSoundBank.cpp
003412b0,28,CGtSoundBank,Construct(),GtSoundBank.cpp
003412d0,124,CGtSoundBankManager,"FindWave(const unsigned long&,bool) const",GtSoundBankManager.cpp
00341350,196,CGtSoundBankManager,UnloadBank(CGtSoundBank*),GtSoundBankManager.cpp
00341420,536,CGtSoundBankManager,"LoadBank(const char*,bool,bool,int)",GtSoundBankManager.cpp
00341640,8,CGtSoundBankManager,Update(),GtSoundBankManager.cpp
00341650,120,CGtSoundBankManager,Prepare(void*),GtSoundBankManager.cpp
003416d0,84,CGtSoundBankManager,Destruct(),GtSoundBankManager.cpp
00341730,248,CGtSoundBankManager,"Construct(RwaSPU2Output*,int,CGtSoundWaveObjectBuffer*)",GtSoundBankManager.cpp
00341830,60,CGtSoundListener,GetVelocity(GtMathPs2::CGtV3d*) const,GtSoundListener.cpp
00341870,60,CGtSoundListener,GetRight(GtMathPs2::CGtV3d*) const,GtSoundListener.cpp
003418b0,60,CGtSoundListener,GetAt(GtMathPs2::CGtV3d*) const,GtSoundListener.cpp
003418f0,60,CGtSoundListener,GetPos(GtMathPs2::CGtV3d*) const,GtSoundListener.cpp
00341930,172,CGtSoundListener,SetUp(GtMathPs2::CGtV3d),GtSoundListener.cpp
003419e0,172,CGtSoundListener,SetAt(GtMathPs2::CGtV3d),GtSoundListener.cpp
00341a90,368,CGtSoundListener,"SetPos(GtMathPs2::CGtV3d,float)",GtSoundListener.cpp
00341c00,8,CGtSoundListener,GetRWAListener(),GtSoundListener.cpp
00341c10,56,CGtSoundListener,Destruct(),GtSoundListener.cpp
00341c50,8,CGtSoundListener,Release(),GtSoundListener.cpp
00341c60,104,CGtSoundListener,Prepare(unsigned int),GtSoundListener.cpp
00341cd0,60,CGtSoundListener,Construct(),GtSoundListener.cpp
00341d10,8,CGtSoundListenerManager,GetFixedListener() const,GtSoundListenerManager.cpp
00341d20,288,CGtSoundListenerManager,GetNearestListener(GtMathPs2::CGtV3d) const,GtSoundListenerManager.cpp
00341e40,108,CGtSoundListenerManager,"SetListener(int,CGtSoundListener*)",GtSoundListenerManager.cpp
00341eb0,120,CGtSoundListenerManager,Destruct(),GtSoundListenerManager.cpp
00341f30,96,CGtSoundListenerManager,Release(),GtSoundListenerManager.cpp
00341f90,96,CGtSoundListenerManager,Update(),GtSoundListenerManager.cpp
00341ff0,148,CGtSoundListenerManager,Prepare(unsigned int),GtSoundListenerManager.cpp
00342090,144,CGtSoundListenerManager,Construct(RwaSPU2Output*),GtSoundListenerManager.cpp
00342120,60,CGtSoundManager,StopAll(),GtSoundManager.cpp
00342160,8,CGtSoundManager,IsPaused(),GtSoundManager.cpp
00342170,56,CGtSoundManager,Unpause(),GtSoundManager.cpp
003421b0,60,CGtSoundManager,Pause(),GtSoundManager.cpp
003421f0,64,CGtSoundManager,Destruct(),GtSoundManager.cpp
00342230,8,CGtSoundManager,UpdateFinish(),GtSoundManager.cpp
00342240,8,CGtSoundManager,UpdateStart(),GtSoundManager.cpp
00342250,128,CGtSoundManager,"Update(float,float,float,float)",GtSoundManager.cpp
003422d0,200,CGtSoundManager,"Prepare(void*,void*,int,int)",GtSoundManager.cpp
003423a0,136,CGtSoundManager,Construct(CGtSoundManagerConstructParams*),GtSoundManager.cpp
00342430,16,CGtSoundRealVoice,IgnoreGlobalPitch(),GtSoundRealVoice.cpp
00342440,8,CGtSoundRealVoice,"MuteDryVoice(int,bool)",GtSoundRealVoice.cpp
00342450,720,CGtSoundRealVoice,UpdatePause(),GtSoundRealVoice.cpp
00342720,124,CGtSoundRealVoice,Pause(),GtSoundRealVoice.cpp
003427a0,132,CGtSoundRealVoice,IsPlaying() const,GtSoundRealVoice.cpp
00342830,76,CGtSoundRealVoice,Stop(),GtSoundRealVoice.cpp
00342880,708,CGtSoundRealVoice,Start(const CGtSoundVoiceParams*),GtSoundRealVoice.cpp
00342b50,240,CGtSoundRealVoice,"Update(float,float,float,float)",GtSoundRealVoice.cpp
00342c40,724,CGtSoundRealVoice,Update(const CGtSoundVoiceParams*),GtSoundRealVoice.cpp
00342f20,120,CGtSoundRealVoice,"Construct(RwaSPU2Output*,CGtSoundRealVoiceDSPSend*,int)",GtSoundRealVoice.cpp
00342fa0,176,CGtSoundStream,Pause(bool),GtSoundStream.cpp
00343050,16,CGtSoundStream,IsPreparing(),GtSoundStream.cpp
00343060,36,CGtSoundStream,IsStopped(),GtSoundStream.cpp
00343090,16,CGtSoundStream,IsPlaying(),GtSoundStream.cpp
003430a0,284,CGtSoundStream,ApplyVolumesAndPitch(),GtSoundStream.cpp
003431c0,76,CGtSoundStream,Stop(),GtSoundStream.cpp
00343210,96,CGtSoundStream,Play(bool),GtSoundStream.cpp
00343270,76,CGtSoundStream,"SetVolume(float,int)",GtSoundStream.cpp
003432c0,12,CGtSoundStream,"SetMediaBuffer(void*,int)",GtSoundStream.cpp
003432d0,88,CGtSoundStream,Destruct(),GtSoundStream.cpp
00343330,76,CGtSoundStream,Release(),GtSoundStream.cpp
00343380,396,CGtSoundStream,Update(),GtSoundStream.cpp
00343510,312,CGtSoundStream,"Prepare(const char*,CGtVideoDecoder*,float,int)",GtSoundStream.cpp
00343650,284,CGtSoundStream,AttachMedia(const char*),GtSoundStream.cpp
00343770,168,CGtSoundStream,"Construct(RwaSPU2Output*,int)",GtSoundStream.cpp
00343820,80,CGtSoundStreamManager,GetStreamsPreparing(),GtSoundStreamManager.cpp
00343870,64,CGtSoundStreamManager,StopAll(),GtSoundStreamManager.cpp
003438b0,76,CGtSoundStreamManager,PauseAll(bool),GtSoundStreamManager.cpp
00343900,200,CGtSoundStreamManager,FreeStream(CGtSoundStream*),GtSoundStreamManager.cpp
003439d0,280,CGtSoundStreamManager,AllocStream(bool),GtSoundStreamManager.cpp
00343af0,64,CGtSoundStreamManager,Destruct(),GtSoundStreamManager.cpp
00343b30,64,CGtSoundStreamManager,Update(),GtSoundStreamManager.cpp
00343b70,84,CGtSoundStreamManager,"Prepare(void*,int,int)",GtSoundStreamManager.cpp
00343bd0,280,CGtSoundStreamManager,"Construct(RwaSPU2Output*,int,int)",GtSoundStreamManager.cpp
00343cf0,108,CGtSoundUtils,"GenerateVariantPath(const char*,const char*,const char*,char*,CGtSoundUtils::ESoundVariantMode)",GtSoundUtils.cpp
00343d60,84,CGtSoundUtils,"IntToAsciiVariant(unsigned char,char&)",GtSoundUtils.cpp
00343dc0,124,CGtSoundUtils,"AsciiVariantToInt(char,unsigned char&)",GtSoundUtils.cpp
00343e40,580,CGtSoundUtils,"GenerateVariantFromVariant(const char*,char*,CGtSoundUtils::ESoundVariantMode,unsigned char,unsigned char)",GtSoundUtils.cpp
00344090,28,CGtSoundUtils,Construct(),GtSoundUtils.cpp
003440b0,16,CGtSoundVirtualVoice,IgnoreGlobalPitch(),GtSoundVirtualVoice.cpp
003440c0,24,CGtSoundVirtualVoice,ForgetMe(float),GtSoundVirtualVoice.cpp
003440e0,92,CGtSoundVirtualVoice,SetBias(float),GtSoundVirtualVoice.cpp
00344140,92,CGtSoundVirtualVoice,SetPriority(float),GtSoundVirtualVoice.cpp
003441a0,1248,CGtSoundVirtualVoice,UpdatePause(),GtSoundVirtualVoice.cpp
00344680,124,CGtSoundVirtualVoice,Pause(),GtSoundVirtualVoice.cpp
00344700,180,CGtSoundVirtualVoice,IsPlaying(),GtSoundVirtualVoice.cpp
003447c0,76,CGtSoundVirtualVoice,Stop(),GtSoundVirtualVoice.cpp
00344810,1324,CGtSoundVirtualVoice,Start(const CGtSoundVoiceParams*),GtSoundVirtualVoice.cpp
00344d40,1028,CGtSoundVirtualVoice,"Update(float,float,float,float)",GtSoundVirtualVoice.cpp
00345150,1212,CGtSoundVirtualVoice,Update(const CGtSoundVoiceParams*),GtSoundVirtualVoice.cpp
00345610,128,CGtSoundVirtualVoice,Construct(RwaSPU2Output*),GtSoundVirtualVoice.cpp
00345690,92,CGtSoundVoiceParams,Construct(),GtSoundVoice.cpp
003456f0,64,CGtSoundVoiceManager,"SetGroupTransition(unsigned int,const CGtSoundVoiceGroup*,float)",GtSoundVoiceManager.cpp
00345730,128,CGtSoundVoiceManager,PauseAll(),GtSoundVoiceManager.cpp
003457b0,360,CGtSoundVoiceManager,TriggerRealVoice(const CGtSoundVoiceParams*),GtSoundVoiceManager.cpp
00345920,340,CGtSoundVoiceManager,TriggerVoice(const CGtSoundVoiceParams*),GtSoundVoiceManager.cpp
00345a80,52,CGtSoundVoiceManager,FreeVirtualVoice(CGtSoundVirtualVoice*),GtSoundVoiceManager.cpp
00345ac0,52,CGtSoundVoiceManager,FreeRealVoice(CGtSoundRealVoice*),GtSoundVoiceManager.cpp
00345b00,124,CGtSoundVoiceManager,AllocVirtualVoice(),GtSoundVoiceManager.cpp
00345b80,192,CGtSoundVoiceManager,AllocRealVoice(),GtSoundVoiceManager.cpp
00345c40,8,CGtSoundVoiceManager,Destruct(),GtSoundVoiceManager.cpp
00345c50,128,CGtSoundVoiceManager,Release(),GtSoundVoiceManager.cpp
00345cd0,632,CGtSoundVoiceManager,"Update(float,float,float,float)",GtSoundVoiceManager.cpp
00345f50,336,CGtSoundVoiceManager,"Construct(RwaSPU2Output*,CGtSoundRealVoiceDSPSend*,int,CGtSoundListenerManager*)",GtSoundVoiceManager.cpp
003460a0,164,CGtSoundWave,GetLength() const,GtSoundWave.cpp
00346150,60,CGtSoundWave,CalcFrequency() const,GtSoundWave.cpp
00346190,12,CGtSoundWave,Destruct(),GtSoundWave.cpp
003461a0,48,CGtSoundWave,Construct(RwaSPU2Wave*),GtSoundWave.cpp
003463b0,8,CB3OfflineSingleRaceLogic,GetScoreModeFlags(),B3OfflineSingleRaceLogic.cpp
003463c0,8,CB3OfflineSingleRaceLogic,GetOfflineGameModeType(),B3OfflineSingleRaceLogic.cpp
003463d0,8,CB3OfflineSingleRaceLogic,GetOnlineGameModeType(),B3OfflineSingleRaceLogic.cpp
003463e0,16,CB3OfflineSingleRaceLogic,CanAdjustCameras(),B3OfflineSingleRaceLogic.cpp
003463f0,8,CB3OfflineSingleRaceLogic,ClearUpCrash(int),B3OfflineSingleRaceLogic.cpp
00346400,240,CB3OfflineSingleRaceLogic,"OnRaceCarCollision(ERaceCarCollisionType,CB3RaceCarPhysics*,CB3RaceCarPhysics*,float)",B3OfflineSingleRaceLogic.cpp
003464f0,8,CB3OfflineSingleRaceLogic,OnBoostStart(CB3RaceCarPhysics*),B3OfflineSingleRaceLogic.cpp
00346500,72,CB3OfflineSingleRaceLogic,"OnTakedown(CB3RaceCar*,CB3RaceCar*)",B3OfflineSingleRaceLogic.cpp
00346550,8,CB3OfflineSingleRaceLogic,OnPropHit(CB3RaceCarPhysics*),B3OfflineSingleRaceLogic.cpp
00346560,16,CB3OfflineSingleRaceLogic,"OnNonFatalCollision(CB3RaceCarPhysics*,CB3TrafficVehicle*)",B3OfflineSingleRaceLogic.cpp
00346570,48,CB3OfflineSingleRaceLogic,OnPostCrashReset(CB3RaceCarPhysics*),B3OfflineSingleRaceLogic.cpp
003465a0,12,CB3OfflineSingleRaceLogic,OnPreCrashReset(CB3RaceCarPhysics*),B3OfflineSingleRaceLogic.cpp
003465b0,152,CB3OfflineSingleRaceLogic,"OnCrashStart(CB3RaceCarPhysics*,CB3CrashStartInfo*)",B3OfflineSingleRaceLogic.cpp
00346650,116,CB3OfflineSingleRaceLogic,StartReplay(),B3OfflineSingleRaceLogic.cpp
003466d0,8,CB3OfflineSingleRaceLogic,GetRacePositionType(),B3OfflineSingleRaceLogic.cpp
003466e0,8,CB3OfflineSingleRaceLogic,GetHUDType(),B3OfflineSingleRaceLogic.cpp
003466f0,8,CB3OfflineSingleRaceLogic,HasStageFinished(),B3OfflineSingleRaceLogic.cpp
00346700,12,CB3OfflineSingleRaceLogic,Destruct(),B3OfflineSingleRaceLogic.cpp
00346710,12,CB3OfflineSingleRaceLogic,Release(),B3OfflineSingleRaceLogic.cpp
00346720,740,CB3OfflineSingleRaceLogic,Update(),B3OfflineSingleRaceLogic.cpp
00346a10,128,CB3OfflineSingleRaceLogic,Prepare(),B3OfflineSingleRaceLogic.cpp
00346a90,12,CB3OfflineSingleRaceLogic,Construct(),B3OfflineSingleRaceLogic.cpp
00346aa0,8,CB3OnlineSingleRaceLogic,GetOfflineGameModeType(),B3OnlineSingleRaceLogic.cpp
00346ab0,8,CB3OnlineSingleRaceLogic,GetOnlineGameModeType(),B3OnlineSingleRaceLogic.cpp
00346ac0,12,CB3OnlineStageLogic,SetFirstResultsPageContinuePressed(),B3OnlineSingleRaceLogic.cpp
00346ad0,12,CB3OnlineStageLogic,SetSecondResultsPageContinuePressed(),B3OnlineSingleRaceLogic.cpp
00346ae0,8,CB3StageLogic,IsUsingTakedownCamera(int),B3OnlineSingleRaceLogic.cpp
00346af0,8,CB3OnlineSingleRaceLogic,IsGameOver(),B3OnlineSingleRaceLogic.cpp
00346b00,88,CB3OnlineSingleRaceLogic,BroadcastGameCountDownStopped(),B3OnlineSingleRaceLogic.cpp
00346b60,88,CB3OnlineSingleRaceLogic,BroadcastGameIsOver(),B3OnlineSingleRaceLogic.cpp
00346bc0,88,CB3OnlineSingleRaceLogic,BroadcastGameCountingdown(),B3OnlineSingleRaceLogic.cpp
00346c20,84,CB3OnlineSingleRaceLogic,SetGameModeStatusMessageArrived(signed char),B3OnlineSingleRaceLogic.cpp
00346c80,8,CB3OnlineSingleRaceLogic,StartReplay(),B3OnlineSingleRaceLogic.cpp
00346c90,8,CB3OnlineSingleRaceLogic,GetRacePositionType(),B3OnlineSingleRaceLogic.cpp
00346ca0,8,CB3OnlineSingleRaceLogic,GetHUDType(),B3OnlineSingleRaceLogic.cpp
00346cb0,8,CB3OnlineSingleRaceLogic,HasStageFinished(),B3OnlineSingleRaceLogic.cpp
00346cc0,8,CB3OnlineSingleRaceLogic,Destruct(),B3OnlineSingleRaceLogic.cpp
00346cd0,20,CB3OnlineSingleRaceLogic,Release(),B3OnlineSingleRaceLogic.cpp
00346cf0,224,CB3OnlineSingleRaceLogic,UpdateCameras(),B3OnlineSingleRaceLogic.cpp
00346dd0,580,CB3OnlineSingleRaceLogic,Update(),B3OnlineSingleRaceLogic.cpp
00347020,96,CB3OnlineSingleRaceLogic,Prepare(),B3OnlineSingleRaceLogic.cpp
00347080,8,CB3OnlineSingleRaceLogic,Construct(),B3OnlineSingleRaceLogic.cpp
00347090,116,CB3PromptBarComponent,Release(),B3PromptBarComponent.cpp
00347110,348,CB3PromptBarComponent,Update(float),B3PromptBarComponent.cpp
00347270,308,CB3PromptBarComponent,Prepare(),B3PromptBarComponent.cpp
003473b0,8,CB3PromptBarComponent,Construct(),B3PromptBarComponent.cpp
003473c0,8,CB3OfflineBurningLapLogic,GetHUDType(),B3OfflineBurningLapLogic.cpp
003473d0,8,CB3OfflineBurningLapLogic,GetRacePositionType(),B3OfflineBurningLapLogic.cpp
003473e0,8,CB3OfflineBurningLapLogic,GetResultsPageType(),B3OfflineBurningLapLogic.cpp
003473f0,8,CB3OfflineBurningLapLogic,GetCheckpointMarkerFlags(),B3OfflineBurningLapLogic.cpp
00347400,8,CB3OfflineBurningLapLogic,GetOfflineGameModeType(),B3OfflineBurningLapLogic.cpp
00347410,8,CB3OfflineBurningLapLogic,GetOnlineGameModeType(),B3OfflineBurningLapLogic.cpp
00347420,16,CB3OfflineBurningLapLogic,CanAdjustCameras(),B3OfflineBurningLapLogic.cpp
00347430,172,CB3OfflineBurningLapLogic,OnWorldPrepared(),B3OfflineBurningLapLogic.cpp
003474e0,8,CB3OfflineBurningLapLogic,OnRaceCarStartNewLap(CB3RaceCar*),B3OfflineBurningLapLogic.cpp
003474f0,8,CB3OfflineBurningLapLogic,ClearUpCrash(int),B3OfflineBurningLapLogic.cpp
00347500,8,CB3OfflineBurningLapLogic,"OnRaceCarCollision(ERaceCarCollisionType,CB3RaceCarPhysics*,CB3RaceCarPhysics*,float)",B3OfflineBurningLapLogic.cpp
00347510,8,CB3OfflineBurningLapLogic,OnBoostStart(CB3RaceCarPhysics*),B3OfflineBurningLapLogic.cpp
00347520,8,CB3OfflineBurningLapLogic,"OnTakedown(CB3RaceCar*,CB3RaceCar*)",B3OfflineBurningLapLogic.cpp
00347530,8,CB3OfflineBurningLapLogic,OnPropHit(CB3RaceCarPhysics*),B3OfflineBurningLapLogic.cpp
00347540,16,CB3OfflineBurningLapLogic,"OnNonFatalCollision(CB3RaceCarPhysics*,CB3TrafficVehicle*)",B3OfflineBurningLapLogic.cpp
00347550,48,CB3OfflineBurningLapLogic,OnPostCrashReset(CB3RaceCarPhysics*),B3OfflineBurningLapLogic.cpp
00347580,12,CB3OfflineBurningLapLogic,OnPreCrashReset(CB3RaceCarPhysics*),B3OfflineBurningLapLogic.cpp
00347590,16,CB3OfflineBurningLapLogic,"OnCrashStart(CB3RaceCarPhysics*,CB3CrashStartInfo*)",B3OfflineBurningLapLogic.cpp
003475a0,116,CB3OfflineBurningLapLogic,StartReplay(),B3OfflineBurningLapLogic.cpp
00347620,8,CB3OfflineBurningLapLogic,HasStageFinished(),B3OfflineBurningLapLogic.cpp
00347630,12,CB3OfflineBurningLapLogic,Destruct(),B3OfflineBurningLapLogic.cpp
00347640,12,CB3OfflineBurningLapLogic,Release(),B3OfflineBurningLapLogic.cpp
00347650,740,CB3OfflineBurningLapLogic,Update(),B3OfflineBurningLapLogic.cpp
00347940,128,CB3OfflineBurningLapLogic,Prepare(),B3OfflineBurningLapLogic.cpp
003479c0,44,CB3OfflineBurningLapLogic,Construct(),B3OfflineBurningLapLogic.cpp
003479f0,8,CB3OfflineLapEliminatorLogic,GetResultsPageType(),B3OfflineLapEliminatorLogic.cpp
00347a00,8,CB3OfflineLapEliminatorLogic,GetCheckpointMarkerFlags(),B3OfflineLapEliminatorLogic.cpp
00347a10,8,CB3OfflineLapEliminatorLogic,GetHUDType(),B3OfflineLapEliminatorLogic.cpp
00347a20,8,CB3OfflineLapEliminatorLogic,GetOfflineGameModeType(),B3OfflineLapEliminatorLogic.cpp
00347a30,8,CB3OfflineLapEliminatorLogic,GetOnlineGameModeType(),B3OfflineLapEliminatorLogic.cpp
00347a40,68,CB3OfflineLapEliminatorLogic,ClearUpCrash(int),B3OfflineLapEliminatorLogic.cpp
00347a90,372,CB3OfflineLapEliminatorLogic,OnRaceCarStartNewLap(CB3RaceCar*),B3OfflineLapEliminatorLogic.cpp
00347c10,92,CB3OfflineLapEliminatorLogic,OnWorldPrepared(),B3OfflineLapEliminatorLogic.cpp
00347c70,144,CB3OfflineLapEliminatorLogic,Update(),B3OfflineLapEliminatorLogic.cpp
00347d00,8,CB3OfflineRoadRageLogic,GetHUDType(),B3OfflineRoadRageLogic.cpp
00347d10,8,CB3OfflineRoadRageLogic,GetRacePositionType(),B3OfflineRoadRageLogic.cpp
00347d20,8,CB3OfflineRoadRageLogic,GetResultsPageType(),B3OfflineRoadRageLogic.cpp
00347d30,8,CB3OfflineRoadRageLogic,GetAIMode(),B3OfflineRoadRageLogic.cpp
00347d40,8,CB3OfflineRoadRageLogic,GetCheckpointMarkerFlags(),B3OfflineRoadRageLogic.cpp
00347d50,8,CB3OfflineRoadRageLogic,GetScoreModeFlags(),B3OfflineRoadRageLogic.cpp
00347d60,8,CB3OfflineRoadRageLogic,GetOfflineGameModeType(),B3OfflineRoadRageLogic.cpp
00347d70,8,CB3OfflineRoadRageLogic,GetOnlineGameModeType(),B3OfflineRoadRageLogic.cpp
00347d80,8,CB3OfflineRoadRageLogic,IsRoadRage(),B3OfflineRoadRageLogic.cpp
00347d90,16,CB3OfflineRoadRageLogic,"GetGameModeScore(int,const CB3FinishedScore*,int*,int*)",B3OfflineRoadRageLogic.cpp
00347da0,156,CB3OfflineRoadRageLogic,ClearUpCrash(int),B3OfflineRoadRageLogic.cpp
00347e40,520,CB3OfflineRoadRageLogic,"RaceCarKilled(CB3RaceCar*,CB3RaceCar*)",B3OfflineRoadRageLogic.cpp
00348050,132,CB3OfflineRoadRageLogic,OnPlayerCarDeath(CB3PlayerCar*),B3OfflineRoadRageLogic.cpp
003480e0,448,CB3OfflineRoadRageLogic,OnWorldPrepared(),B3OfflineRoadRageLogic.cpp
003482a0,212,CB3OfflineRoadRageLogic,"OnTakedown(CB3RaceCar*,CB3RaceCar*)",B3OfflineRoadRageLogic.cpp
00348380,364,CB3OfflineRoadRageLogic,"OnRaceCarCollision(ERaceCarCollisionType,CB3RaceCarPhysics*,CB3RaceCarPhysics*,float)",B3OfflineRoadRageLogic.cpp
003484f0,8,CB3OfflineRoadRageLogic,OnPostCrashReset(CB3RaceCarPhysics*),B3OfflineRoadRageLogic.cpp
00348500,324,CB3OfflineRoadRageLogic,OnPreCrashReset(CB3RaceCarPhysics*),B3OfflineRoadRageLogic.cpp
00348650,880,CB3OfflineRoadRageLogic,UpdatePlayingState(),B3OfflineRoadRageLogic.cpp
003489c0,772,CB3OfflineRoadRageLogic,Update(),B3OfflineRoadRageLogic.cpp
00348cd0,8,CB3OnlineCompCrashLogic,GetOfflineGameModeType(),B3OnlineCompCrashLogic.cpp
00348ce0,8,CB3OnlineCompCrashLogic,GetOnlineGameModeType(),B3OnlineCompCrashLogic.cpp
00348cf0,8,CB3OnlineCompCrashLogic,DoAfterTouchNotSlowMo(),B3OnlineCompCrashLogic.cpp
00348d00,8,CB3OnlineCompCrashLogic,GetNumRoundsPlayed(),B3OnlineCompCrashLogic.cpp
00348d10,8,CB3OnlineCompCrashLogic,GetTotalScore(),B3OnlineCompCrashLogic.cpp
00348d20,16,CB3OnlineCompCrashLogic,IncrementTotalScore(float),B3OnlineCompCrashLogic.cpp
00348d30,8,CB3OnlineCompCrashLogic,IsCrashBattle(),B3OnlineCompCrashLogic.cpp
00348d40,8,CB3OnlineCompCrashLogic,UseCrashBattleScoring(),B3OnlineCompCrashLogic.cpp
00348d50,8,CB3OnlineCompCrashLogic,IsCrashType(),B3OnlineCompCrashLogic.cpp
00348d60,72,CB3OnlineCompCrashLogic,OnWorldPrepared(),B3OnlineCompCrashLogic.cpp
00348db0,76,CB3OnlineCompCrashLogic,"GetGameModeScore(int,const CB3FinishedScore*,int*,int*)",B3OnlineCompCrashLogic.cpp
00348e00,192,CB3OnlineCompCrashLogic,AllowRestartButton(),B3OnlineCompCrashLogic.cpp
00348ec0,52,CB3OnlineCompCrashLogic,LeaveLobby(),B3OnlineCompCrashLogic.cpp
00348f00,12,CB3OnlineCompCrashLogic,SetGameModeStatusMessageDelivered(),B3OnlineCompCrashLogic.cpp
00348f10,56,CB3OnlineCompCrashLogic,SetGameModeStatusMessageArrived(signed char),B3OnlineCompCrashLogic.cpp
00348f50,8,CB3OnlineCompCrashLogic,DisplayDollarValuesAboveTraffic(),B3OnlineCompCrashLogic.cpp
00348f60,112,CB3OnlineCompCrashLogic,ClearUpCrash(int),B3OnlineCompCrashLogic.cpp
00348fd0,8,CB3OnlineCompCrashLogic,StartReplay(),B3OnlineCompCrashLogic.cpp
00348fe0,8,CB3OnlineCompCrashLogic,GetResultsPageType(),B3OnlineCompCrashLogic.cpp
00348ff0,8,CB3OnlineCompCrashLogic,GetRacePositionType(),B3OnlineCompCrashLogic.cpp
00349000,8,CB3OnlineCompCrashLogic,GetHUDType(),B3OnlineCompCrashLogic.cpp
00349010,8,CB3OnlineCompCrashLogic,HasStageFinished(),B3OnlineCompCrashLogic.cpp
00349020,8,CB3OnlineCompCrashLogic,Destruct(),B3OnlineCompCrashLogic.cpp
00349030,20,CB3OnlineCompCrashLogic,Release(),B3OnlineCompCrashLogic.cpp
00349050,224,CB3OnlineCompCrashLogic,UpdateCameras(),B3OnlineCompCrashLogic.cpp
00349130,1592,CB3OnlineCompCrashLogic,Update(),B3OnlineCompCrashLogic.cpp
00349770,48,CB3OnlineCompCrashLogic,Prepare(),B3OnlineCompCrashLogic.cpp
003497a0,32,CB3OnlineCompCrashLogic,Construct(),B3OnlineCompCrashLogic.cpp
003497c0,8,CB3OnlineCoOpCrashLogic,GetOfflineGameModeType(),B3OnlineCoOpCrashLogic.cpp
003497d0,8,CB3OnlineCoOpCrashLogic,GetOnlineGameModeType(),B3OnlineCoOpCrashLogic.cpp
003497e0,8,CB3OnlineCoOpCrashLogic,DoAfterTouchNotSlowMo(),B3OnlineCoOpCrashLogic.cpp
003497f0,8,CB3OnlineCoOpCrashLogic,UseCrashBattleScoring(),B3OnlineCoOpCrashLogic.cpp
00349800,8,CB3OnlineCoOpCrashLogic,IsCrashType(),B3OnlineCoOpCrashLogic.cpp
00349810,8,CB3OnlineCoOpCrashLogic,IsCooperative(),B3OnlineCoOpCrashLogic.cpp
00349820,72,CB3OnlineCoOpCrashLogic,OnWorldPrepared(),B3OnlineCoOpCrashLogic.cpp
00349870,16,CB3OnlineCoOpCrashLogic,"GetGameModeScore(int,const CB3FinishedScore*,int*,int*)",B3OnlineCoOpCrashLogic.cpp
00349880,120,CB3OnlineCoOpCrashLogic,AllowRestartButton(),B3OnlineCoOpCrashLogic.cpp
00349900,8,CB3OnlineCoOpCrashLogic,LeaveLobby(),B3OnlineCoOpCrashLogic.cpp
00349910,12,CB3OnlineCoOpCrashLogic,SetGameModeStatusMessageArrived(signed char),B3OnlineCoOpCrashLogic.cpp
00349920,12,CB3OnlineCoOpCrashLogic,SetGameModeStatusMessageDelivered(),B3OnlineCoOpCrashLogic.cpp
00349930,8,CB3OnlineCoOpCrashLogic,DisplayDollarValuesAboveTraffic(),B3OnlineCoOpCrashLogic.cpp
00349940,112,CB3OnlineCoOpCrashLogic,ClearUpCrash(int),B3OnlineCoOpCrashLogic.cpp
003499b0,8,CB3OnlineCoOpCrashLogic,StartReplay(),B3OnlineCoOpCrashLogic.cpp
003499c0,8,CB3OnlineCoOpCrashLogic,GetResultsPageType(),B3OnlineCoOpCrashLogic.cpp
003499d0,8,CB3OnlineCoOpCrashLogic,GetRacePositionType(),B3OnlineCoOpCrashLogic.cpp
003499e0,8,CB3OnlineCoOpCrashLogic,GetHUDType(),B3OnlineCoOpCrashLogic.cpp
003499f0,8,CB3OnlineCoOpCrashLogic,HasStageFinished(),B3OnlineCoOpCrashLogic.cpp
00349a00,8,CB3OnlineCoOpCrashLogic,Destruct(),B3OnlineCoOpCrashLogic.cpp
00349a10,20,CB3OnlineCoOpCrashLogic,Release(),B3OnlineCoOpCrashLogic.cpp
00349a30,224,CB3OnlineCoOpCrashLogic,UpdateCameras(),B3OnlineCoOpCrashLogic.cpp
00349b10,780,CB3OnlineCoOpCrashLogic,Update(),B3OnlineCoOpCrashLogic.cpp
00349e20,44,CB3OnlineCoOpCrashLogic,Prepare(),B3OnlineCoOpCrashLogic.cpp
00349e50,28,CB3OnlineCoOpCrashLogic,Construct(),B3OnlineCoOpCrashLogic.cpp
00349e70,8,CB3OnlineRoadRageRaceLogic,GetResultsPageType(),B3OnlineRoadRageRaceLogic.cpp
00349e80,8,CB3OnlineRoadRageRaceLogic,GetOfflineGameModeType(),B3OnlineRoadRageRaceLogic.cpp
00349e90,8,CB3OnlineRoadRageRaceLogic,GetOnlineGameModeType(),B3OnlineRoadRageRaceLogic.cpp
00349ea0,8,CB3OnlineRoadRageRaceLogic,IsRoadRage(),B3OnlineRoadRageRaceLogic.cpp
00349eb0,184,CB3OnlineRoadRageRaceLogic,AssignStartPositionIndex(int),B3OnlineRoadRageRaceLogic.cpp
00349f70,52,CB3OnlineRoadRageRaceLogic,"DamageRaceCar(CB3RaceCar*,CB3RaceCar*,EB3DamageType)",B3OnlineRoadRageRaceLogic.cpp
00349fb0,16,CB3OnlineRoadRageRaceLogic,"GetGameModeScore(int,const CB3FinishedScore*,int*,int*)",B3OnlineRoadRageRaceLogic.cpp
00349fc0,8,CB3OnlineRoadRageRaceLogic,CarsBecomeFragileAfterBeingSlammed(),B3OnlineRoadRageRaceLogic.cpp
00349fd0,8,CB3OnlineRoadRageRaceLogic,PlayerCarShouldResetAtFrontOfPack(),B3OnlineRoadRageRaceLogic.cpp
00349fe0,8,CB3OnlineRoadRageRaceLogic,StartReplay(),B3OnlineRoadRageRaceLogic.cpp
00349ff0,8,CB3OnlineRoadRageRaceLogic,GetRacePositionType(),B3OnlineRoadRageRaceLogic.cpp
0034a000,8,CB3OnlineRoadRageRaceLogic,GetHUDType(),B3OnlineRoadRageRaceLogic.cpp
0034a010,8,CB3OnlineRoadRageRaceLogic,HasStageFinished(),B3OnlineRoadRageRaceLogic.cpp
0034a020,76,CB3OnlineRoadRageRaceLogic,"OnRaceCarFinished(CB3RaceCar*,EB3ScoreFinishState)",B3OnlineRoadRageRaceLogic.cpp
0034a070,224,CB3OnlineRoadRageRaceLogic,"OnTakedown(CB3RaceCar*,CB3RaceCar*)",B3OnlineRoadRageRaceLogic.cpp
0034a150,188,CB3OnlineRoadRageRaceLogic,OnWorldPrepared(),B3OnlineRoadRageRaceLogic.cpp
0034a210,84,CB3OnlineRoadRageRaceLogic,OnPostCrashReset(CB3RaceCarPhysics*),B3OnlineRoadRageRaceLogic.cpp
0034a270,200,CB3OnlineRoadRageRaceLogic,OnPreCrashReset(CB3RaceCarPhysics*),B3OnlineRoadRageRaceLogic.cpp
0034a340,24,CB3OnlineRoadRageRaceLogic,OnNetworkCarDeath(CB3NetworkCar*),B3OnlineRoadRageRaceLogic.cpp
0034a360,56,CB3OnlineRoadRageRaceLogic,OnPlayerCarDeath(CB3PlayerCar*),B3OnlineRoadRageRaceLogic.cpp
0034a3a0,364,CB3OnlineRoadRageRaceLogic,"OnRaceCarCollision(ERaceCarCollisionType,CB3RaceCarPhysics*,CB3RaceCarPhysics*,float)",B3OnlineRoadRageRaceLogic.cpp
0034a510,8,CB3OnlineRoadRageRaceLogic,Destruct(),B3OnlineRoadRageRaceLogic.cpp
0034a520,20,CB3OnlineRoadRageRaceLogic,Release(),B3OnlineRoadRageRaceLogic.cpp
0034a540,224,CB3OnlineRoadRageRaceLogic,UpdateCameras(),B3OnlineRoadRageRaceLogic.cpp
0034a620,900,CB3OnlineRoadRageRaceLogic,Update(),B3OnlineRoadRageRaceLogic.cpp
0034a9b0,132,CB3OnlineRoadRageRaceLogic,Prepare(),B3OnlineRoadRageRaceLogic.cpp
0034aa40,8,CB3OnlineRoadRageRaceLogic,Construct(),B3OnlineRoadRageRaceLogic.cpp
0034aa50,8,CB3OnlineStageLogic,PlayerCarShouldResetAtFrontOfPack(),B3OnlineStageLogic.cpp
0034aa60,8,CB3OnlineStageLogic,ClearUpCrash(int),B3OnlineStageLogic.cpp
0034aa70,68,CB3OnlineStageLogic,StartReplay(),B3OnlineStageLogic.cpp
0034aac0,372,CB3OnlineStageLogic,FinishSyncReplay(),B3OnlineStageLogic.cpp
0034ac40,540,CB3OnlineStageLogic,UpdateSyncReplay(),B3OnlineStageLogic.cpp
0034ae60,380,CB3OnlineStageLogic,PrepareToSyncReplay(),B3OnlineStageLogic.cpp
0034afe0,72,CB3OnlineStageLogic,UpdateAftermath(),B3OnlineStageLogic.cpp
0034b030,16,CB3OnlineStageLogic,PrepareAftermath(),B3OnlineStageLogic.cpp
0034b040,196,CB3OnlineStageLogic,UpdateSyncResults(),B3OnlineStageLogic.cpp
0034b110,324,CB3OnlineStageLogic,UpdateSendResults(),B3OnlineStageLogic.cpp
0034b260,8,CB3OnlineStageLogic,UpdateCrashing(),B3OnlineStageLogic.cpp
0034b270,620,CB3OnlineStageLogic,UpdateRacing(),B3OnlineStageLogic.cpp
0034b4e0,368,CB3OnlineStageLogic,UpdateWaitCountdown(),B3OnlineStageLogic.cpp
0034b650,240,CB3OnlineStageLogic,UpdateWaitInitCountdownClient(),B3OnlineStageLogic.cpp
0034b740,660,CB3OnlineStageLogic,UpdateWaitInitCountdownHost(),B3OnlineStageLogic.cpp
0034b9e0,64,CB3OnlineStageLogic,PrepareWaitInitCountdown(),B3OnlineStageLogic.cpp
0034ba20,48,CB3OnlineStageLogic,UpdateLaunch(),B3OnlineStageLogic.cpp
0034ba50,284,CB3OnlineStageLogic,UpdateWelcomePan(bool),B3OnlineStageLogic.cpp
0034bb70,8,CB3OnlineStageLogic,LeaveLobby(),B3OnlineStageLogic.cpp
0034bb80,252,CB3OnlineStageLogic,"OnRaceCarCollision(ERaceCarCollisionType,CB3RaceCarPhysics*,CB3RaceCarPhysics*,float)",B3OnlineStageLogic.cpp
0034bc80,8,CB3OnlineStageLogic,OnBoostStart(CB3RaceCarPhysics*),B3OnlineStageLogic.cpp
0034bc90,116,CB3OnlineStageLogic,"OnTakedown(CB3RaceCar*,CB3RaceCar*)",B3OnlineStageLogic.cpp
0034bd10,8,CB3OnlineStageLogic,OnPropHit(CB3RaceCarPhysics*),B3OnlineStageLogic.cpp
0034bd20,16,CB3OnlineStageLogic,"OnNonFatalCollision(CB3RaceCarPhysics*,CB3TrafficVehicle*)",B3OnlineStageLogic.cpp
0034bd30,76,CB3OnlineStageLogic,OnPostCrashReset(CB3RaceCarPhysics*),B3OnlineStageLogic.cpp
0034bd80,12,CB3OnlineStageLogic,OnPreCrashReset(CB3RaceCarPhysics*),B3OnlineStageLogic.cpp
0034bd90,16,CB3OnlineStageLogic,"OnCrashStart(CB3RaceCarPhysics*,CB3CrashStartInfo*)",B3OnlineStageLogic.cpp
0034bda0,16,CB3OnlineStageLogic,Destruct(),B3OnlineStageLogic.cpp
0034bdb0,16,CB3OnlineStageLogic,Release(),B3OnlineStageLogic.cpp
0034bdc0,52,CB3OnlineStageLogic,Prepare(),B3OnlineStageLogic.cpp
0034be00,84,CB3OnlineStageLogic,Construct(),B3OnlineStageLogic.cpp
0034be60,8,CB3OnlineTurnBasedCrashLogic,GetOfflineGameModeType(),B3OnlineTurnBasedCrashLogic.cpp
0034be70,8,CB3OnlineTurnBasedCrashLogic,GetOnlineGameModeType(),B3OnlineTurnBasedCrashLogic.cpp
0034be80,8,CB3OnlineTurnBasedCrashLogic,IsTurnBased(),B3OnlineTurnBasedCrashLogic.cpp
0034be90,8,CB3OnlineTurnBasedCrashLogic,GetNumRoundsPlayed(),B3OnlineTurnBasedCrashLogic.cpp
0034bea0,8,CB3OnlineTurnBasedCrashLogic,GetTotalScore(),B3OnlineTurnBasedCrashLogic.cpp
0034beb0,16,CB3OnlineTurnBasedCrashLogic,IncrementTotalScore(float),B3OnlineTurnBasedCrashLogic.cpp
0034bec0,8,CB3OnlineTurnBasedCrashLogic,AllResultsAreIn(),B3OnlineTurnBasedCrashLogic.cpp
0034bed0,8,CB3OnlineTurnBasedCrashLogic,IsCrashType(),B3OnlineTurnBasedCrashLogic.cpp
0034bee0,72,CB3OnlineTurnBasedCrashLogic,OnWorldPrepared(),B3OnlineTurnBasedCrashLogic.cpp
0034bf30,16,CB3OnlineTurnBasedCrashLogic,"GetGameModeScore(int,const CB3FinishedScore*,int*,int*)",B3OnlineTurnBasedCrashLogic.cpp
0034bf40,192,CB3OnlineTurnBasedCrashLogic,AllowRestartButton(),B3OnlineTurnBasedCrashLogic.cpp
0034c000,40,CB3OnlineTurnBasedCrashLogic,LeaveLobby(),B3OnlineTurnBasedCrashLogic.cpp
0034c030,12,CB3OnlineTurnBasedCrashLogic,SetGameModeStatusMessageDelivered(),B3OnlineTurnBasedCrashLogic.cpp
0034c040,12,CB3OnlineTurnBasedCrashLogic,SetGameModeStatusMessageArrived(signed char),B3OnlineTurnBasedCrashLogic.cpp
0034c050,8,CB3OnlineTurnBasedCrashLogic,DisplayDollarValuesAboveTraffic(),B3OnlineTurnBasedCrashLogic.cpp
0034c060,16,CB3OnlineTurnBasedCrashLogic,ClearUpCrash(int),B3OnlineTurnBasedCrashLogic.cpp
0034c070,12,CB3OnlineTurnBasedCrashLogic,StartReplay(),B3OnlineTurnBasedCrashLogic.cpp
0034c080,520,CB3OnlineTurnBasedCrashLogic,GetResultsPageString(),B3OnlineTurnBasedCrashLogic.cpp
0034c290,8,CB3OnlineTurnBasedCrashLogic,GetResultsPageType(),B3OnlineTurnBasedCrashLogic.cpp
0034c2a0,8,CB3OnlineTurnBasedCrashLogic,GetRacePositionType(),B3OnlineTurnBasedCrashLogic.cpp
0034c2b0,8,CB3OnlineTurnBasedCrashLogic,GetHUDType(),B3OnlineTurnBasedCrashLogic.cpp
0034c2c0,8,CB3OnlineTurnBasedCrashLogic,HasStageFinished(),B3OnlineTurnBasedCrashLogic.cpp
0034c2d0,8,CB3OnlineTurnBasedCrashLogic,Destruct(),B3OnlineTurnBasedCrashLogic.cpp
0034c2e0,92,CB3OnlineTurnBasedCrashLogic,Release(),B3OnlineTurnBasedCrashLogic.cpp
0034c340,220,CB3OnlineTurnBasedCrashLogic,UpdateCameras(),B3OnlineTurnBasedCrashLogic.cpp
0034c420,1572,CB3OnlineTurnBasedCrashLogic,Update(),B3OnlineTurnBasedCrashLogic.cpp
0034ca50,120,CB3OnlineTurnBasedCrashLogic,Prepare(),B3OnlineTurnBasedCrashLogic.cpp
0034cad0,48,CB3OnlineTurnBasedCrashLogic,Construct(),B3OnlineTurnBasedCrashLogic.cpp
0034cb00,8,CB3OfflineSingleCrashLogic,IsCrashType(),B3OfflineSingleCrashLogic.cpp
0034cb10,92,CB3OfflineSingleCrashLogic,OnWorldPrepared(),B3OfflineSingleCrashLogic.cpp
0034cb70,16,CB3OfflineSingleCrashLogic,"GetGameModeScore(int,const CB3FinishedScore*,int*,int*)",B3OfflineSingleCrashLogic.cpp
0034cb80,8,CB3OfflineSingleCrashLogic,"OnRaceCarCollision(ERaceCarCollisionType,CB3RaceCarPhysics*,CB3RaceCarPhysics*,float)",B3OfflineSingleCrashLogic.cpp
0034cb90,8,CB3OfflineSingleCrashLogic,OnBoostStart(CB3RaceCarPhysics*),B3OfflineSingleCrashLogic.cpp
0034cba0,8,CB3OfflineSingleCrashLogic,"OnTakedown(CB3RaceCar*,CB3RaceCar*)",B3OfflineSingleCrashLogic.cpp
0034cbb0,8,CB3OfflineSingleCrashLogic,OnPropHit(CB3RaceCarPhysics*),B3OfflineSingleCrashLogic.cpp
0034cbc0,8,CB3OfflineSingleCrashLogic,OnPostCrashReset(CB3RaceCarPhysics*),B3OfflineSingleCrashLogic.cpp
0034cbd0,8,CB3OfflineSingleCrashLogic,OnPreCrashReset(CB3RaceCarPhysics*),B3OfflineSingleCrashLogic.cpp
0034cbe0,8,CB3OfflineSingleCrashLogic,GetRacePositionType(),B3OfflineSingleCrashLogic.cpp
0034cbf0,8,CB3OfflineSingleCrashLogic,HasStageFinished(),B3OfflineSingleCrashLogic.cpp
0034cc00,204,CB3OfflineSingleCrashLogic,"OnNonFatalCollision(CB3RaceCarPhysics*,CB3TrafficVehicle*)",B3OfflineSingleCrashLogic.cpp
0034ccd0,148,CB3OfflineSingleCrashLogic,StartReplay(),B3OfflineSingleCrashLogic.cpp
0034cd70,172,CB3OfflineSingleCrashLogic,ClearUpCrash(int),B3OfflineSingleCrashLogic.cpp
0034ce20,84,CB3OfflineSingleCrashLogic,"OnCrashStart(CB3RaceCarPhysics*,CB3CrashStartInfo*)",B3OfflineSingleCrashLogic.cpp
0034ce80,8,CB3OfflineSingleCrashLogic,GetResultsPageType(),B3OfflineSingleCrashLogic.cpp
0034ce90,8,CB3OfflineSingleCrashLogic,GetHUDType(),B3OfflineSingleCrashLogic.cpp
0034cea0,8,CB3OfflineSingleCrashLogic,Destruct(),B3OfflineSingleCrashLogic.cpp
0034ceb0,12,CB3OfflineSingleCrashLogic,Release(),B3OfflineSingleCrashLogic.cpp
0034cec0,1280,CB3OfflineSingleCrashLogic,Update(),B3OfflineSingleCrashLogic.cpp
0034d3c0,156,CB3OfflineSingleCrashLogic,Prepare(),B3OfflineSingleCrashLogic.cpp
0034d460,12,CB3OfflineSingleCrashLogic,Construct(),B3OfflineSingleCrashLogic.cpp
0034d470,820,CB3HUDLapTimer,PrepareMedalObjects(),B3HUDLapTimer.cpp
0034d7b0,448,CB3HUDLapTimer,Update(float),B3HUDLapTimer.cpp
0034d970,896,CB3HUDLapTimer,"Prepare(int,EHUDAlign,int,bool,bool)",B3HUDLapTimer.cpp
0034dcf0,1008,CB3TakedownCameraManager,Update(),B3OfflineStageLogic.cpp
0034e0e0,32,CB3TakedownCameraManager,UseCameras(),B3OfflineStageLogic.cpp
0034e100,496,CB3OfflineStageLogic,"OnTakedown(CB3RaceCar*,CB3RaceCar*)",B3OfflineStageLogic.cpp
0034e2f0,16,CB3OfflineStageLogic,IsUsingTakedownCamera(int),B3OfflineStageLogic.cpp
0034e300,8,CB3OfflineStageLogic,PlayerCarShouldResetAtFrontOfPack(),B3OfflineStageLogic.cpp
0034e310,368,CB3OfflineStageLogic,UpdateCameras(),B3OfflineStageLogic.cpp
0034e480,176,CB3OfflineStageLogic,Update(),B3OfflineStageLogic.cpp
0034e530,8,CB3OfflineStageLogic,Destruct(),B3OfflineStageLogic.cpp
0034e540,8,CB3OfflineStageLogic,Release(),B3OfflineStageLogic.cpp
0034e550,288,CB3OfflineStageLogic,StartReplay(),B3OfflineStageLogic.cpp
0034e670,288,CB3OfflineStageLogic,Prepare(),B3OfflineStageLogic.cpp
0034e790,40,CB3OfflineStageLogic,Construct(),B3OfflineStageLogic.cpp
0034e7c0,268,CB3StageLogic,"OnCategoryFinish(CB3ScoreCategory*,EScoreCategoryType)",B3StageLogic.cpp
0034e8d0,248,CB3StageLogic,"OnTakedown(CB3RaceCar*,CB3RaceCar*)",B3StageLogic.cpp
0034e9d0,8,CB3StageLogic,AssignStartPositionIndex(int),B3StageLogic.cpp
0034e9e0,60,CB3StageLogic,OnPostCrashReset(CB3RaceCarPhysics*),B3StageLogic.cpp
0034ea20,100,CB3StageLogic,OnWorldPrepared(),B3StageLogic.cpp
0034ea90,612,CB3StageLogic,DoRoadRageTooSlowDetection(),B3StageLogic.cpp
0034ed00,16,CB3StageLogic,"GetGameModeScore(int,const CB3FinishedScore*,int*,int*)",B3StageLogic.cpp
0034ed10,56,CB3StageLogic,ResetCarDamage(CB3RaceCar*),B3StageLogic.cpp
0034ed50,760,CB3StageLogic,UpdateCarDamage(),B3StageLogic.cpp
0034f050,260,CB3StageLogic,FlapNewBodyPart(CB3RaceCar*),B3StageLogic.cpp
0034f160,248,CB3StageLogic,"DamageRaceCar(CB3RaceCar*,CB3RaceCar*,EB3DamageType)",B3StageLogic.cpp
0034f260,8,CB3StageLogic,CarsBecomeFragileAfterBeingSlammed(),B3StageLogic.cpp
0034f270,496,CB3StageLogic,RequestGameEndMenu(),B3StageLogic.cpp
0034f460,140,CB3OnlineOpenLobbyPage,"_BanBuddyCallback(bool,void*)",B3OnlineOpenLobbyPage.cpp
0034f4f0,140,CB3OnlineOpenLobbyPage,"_AddUserCallback(bool,void*)",B3OnlineOpenLobbyPage.cpp
0034f580,524,CB3OnlineOpenLobbyPage,UpdateSendingMail(),B3OnlineOpenLobbyPage.cpp
0034f790,424,CB3OnlineOpenLobbyPage,UpdateBuddyBanningMode(),B3OnlineOpenLobbyPage.cpp
0034f940,44,CB3OnlineOpenLobbyPage,"GetSelectedLobbyPlayerCallback(char*,int,bool,int,int,int,char*,bool,void*)",B3OnlineOpenLobbyPage.cpp
0034f970,176,CB3OnlineOpenLobbyPage,"ForEachLobbyPlayer(char*,int,bool,int,int,int,char*,bool,void*)",B3OnlineOpenLobbyPage.cpp
0034fa20,316,CB3OnlineOpenLobbyPage,SetupTable(),B3OnlineOpenLobbyPage.cpp
0034fb60,72,CB3OnlineOpenLobbyPage,"ChatMessageCallback(char*,char*,void*)",B3OnlineOpenLobbyPage.cpp
0034fbb0,396,CB3OnlineOpenLobbyPage,PreparePlayerSelectedSubstate(),B3OnlineOpenLobbyPage.cpp
0034fd40,328,CB3OnlineOpenLobbyPage,PrepareViewPlayersSubstate(),B3OnlineOpenLobbyPage.cpp
0034fe90,372,CB3OnlineOpenLobbyPage,PrepareMainMenuSubstate(),B3OnlineOpenLobbyPage.cpp
00350010,524,CB3OnlineOpenLobbyPage,OnKeyboardShow(),B3OnlineOpenLobbyPage.cpp
00350220,188,CB3OnlineOpenLobbyPage,OnKeyboardCancel(),B3OnlineOpenLobbyPage.cpp
003502e0,412,CB3OnlineOpenLobbyPage,OnKeyboardDone(),B3OnlineOpenLobbyPage.cpp
00350480,60,CB3OnlineOpenLobbyPage,Release(),B3OnlineOpenLobbyPage.cpp
003504c0,784,CB3OnlineOpenLobbyPage,UpdatePlayerSelected(),B3OnlineOpenLobbyPage.cpp
003507d0,1040,CB3OnlineOpenLobbyPage,UpdateViewPlayers(),B3OnlineOpenLobbyPage.cpp
00350be0,680,CB3OnlineOpenLobbyPage,UpdateChat(),B3OnlineOpenLobbyPage.cpp
00350e90,704,CB3OnlineOpenLobbyPage,UpdateMainMenu(),B3OnlineOpenLobbyPage.cpp
00351150,296,CB3OnlineOpenLobbyPage,Update(),B3OnlineOpenLobbyPage.cpp
00351280,532,CB3OnlineOpenLobbyPage,Prepare(),B3OnlineOpenLobbyPage.cpp
003514a0,8,CB3OnlineGameCreateOptionsPage,OnKeyboardShow(),B3OnlineGameCreateOptionsPage.cpp
003514b0,56,CB3OnlineGameCreateOptionsPage,OnKeyboardCancel(),B3OnlineGameCreateOptionsPage.cpp
003514f0,372,CB3OnlineGameCreateOptionsPage,OnKeyboardDone(),B3OnlineGameCreateOptionsPage.cpp
00351670,8,CB3OnlineGameCreateOptionsPage,Release(),B3OnlineGameCreateOptionsPage.cpp
00351680,1000,CB3OnlineGameCreateOptionsPage,UpdateScroll(),B3OnlineGameCreateOptionsPage.cpp
00351a70,548,CB3OnlineGameCreateOptionsPage,UpdateKeyboard(),B3OnlineGameCreateOptionsPage.cpp
00351ca0,1116,CB3OnlineGameCreateOptionsPage,UpdateMenu(),B3OnlineGameCreateOptionsPage.cpp
00352100,228,CB3OnlineGameCreateOptionsPage,Update(),B3OnlineGameCreateOptionsPage.cpp
003521f0,744,CB3OnlineGameCreateOptionsPage,Prepare(),B3OnlineGameCreateOptionsPage.cpp
003524e0,1228,CB3OnlineOpenLobbyState,HandleOpenLobbyEvents(EB3MenuFlowFSMEvents),B3OnlineOpenLobbyState.cpp
003529b0,328,CB3OnlineOpenLobbyState,"Action(EGtStateAction,void*,void*,void*)",B3OnlineOpenLobbyState.cpp
00352b00,124,CB3ExplosionManager,RenderFullScreenFlash(float),B3ExplosionManager.cpp
00352b80,500,CB3ExplosionManager,UpdateExplosionTrails(float),B3ExplosionManager.cpp
00352d80,152,CB3ExplosionManager,"AddExplosionTrail(GtMathPs2::CGtV3d,GtMathPs2::CGtV3d)",B3ExplosionManager.cpp
00352e20,2104,CB3ExplosionManager,"DoAirRamExplosion(GtMathPs2::CGtV3d,GtMathPs2::CGtV3d,GtMathPs2::CGtV3d)",B3ExplosionManager.cpp
00353660,3080,CB3ExplosionManager,"DoExplosion(const GtMathPs2::CGtMatrix3x4&,const CGtAxisAlignedBox&,GtMathPs2::CGtV3d,float)",B3ExplosionManager.cpp
00354270,296,CB3ExplosionManager,Update(float),B3ExplosionManager.cpp
003543a0,8,CB3ExplosionManager,Release(),B3ExplosionManager.cpp
003543b0,132,CB3ExplosionManager,Prepare(),B3ExplosionManager.cpp
00354440,8,CB3ExplosionManager,Destruct(),B3ExplosionManager.cpp
00354450,8,CB3ExplosionManager,Construct(),B3ExplosionManager.cpp
00354460,2120,CB3ExplosionManager,"UpdateFire(GtMathPs2::CGtV3d,float,float,float)",B3ExplosionManager.cpp
00354cb0,216,CB3ScrollVSelectComponent,Release(),B3ScrollVSelectComponent.cpp
00354d90,1912,CB3ScrollVSelectComponent,Update(float),B3ScrollVSelectComponent.cpp
00355510,344,CB3ScrollVSelectComponent,PrepareItem(int),B3ScrollVSelectComponent.cpp
00355670,1084,CB3ScrollVSelectComponent,"Prepare(const CB3MenuComponentSelectionData*,const CB3ScrollVSelectComponentEntryData*,CB3ScrollVSel",B3ScrollVSelectComponent.cpp
00355ab0,8,CB3ScrollVSelectComponent,"Prepare(const CB3MenuComponentSelectionData*,const CB3ScrollVSelectComponentEntryData*)",B3ScrollVSelectComponent.cpp
00355ac0,76,CB3ScrollVSelectComponent,Construct(),B3ScrollVSelectComponent.cpp
00355b10,492,CB3EventSummaryComponent,Release(),B3EventSummaryComponent.cpp
00355d00,92,CB3EventSummaryComponent,Update(float),B3EventSummaryComponent.cpp
00355d60,952,CB3EventSummaryComponent,"PrepareOnlineWaitForPlayers(bool,bool)",B3EventSummaryComponent.cpp
00356120,908,CB3EventSummaryComponent,Prepare(EResultsPageType),B3EventSummaryComponent.cpp
003564b0,796,CB3EventSummaryComponent,"PrepareEventEntry(int,const unsigned short*,const unsigned short*)",B3EventSummaryComponent.cpp
003567d0,144,CB3EventSummaryComponent,Construct(),B3EventSummaryComponent.cpp
00356860,8,CB3DemoGameModePage,Release(),B3DemoGameModePage.cpp
00356870,496,CB3DemoGameModePage,Update(),B3DemoGameModePage.cpp
00356a60,308,CB3DemoGameModePage,Prepare(bool),B3DemoGameModePage.cpp
00356ba0,896,CB3DemoGameModeState,"Action(EGtStateAction,void*,void*,void*)",B3DemoGameModeState.cpp
00356f20,684,CB3OnlineGameOptionsPage,SetupTrackOptions(unsigned long),B3OnlineGameOptionsPage.cpp
003571d0,616,CB3OnlineGameOptionsPage,SetupCrashModeOptions(),B3OnlineGameOptionsPage.cpp
00357440,1032,CB3OnlineGameOptionsPage,SetupRoadRageOptions(),B3OnlineGameOptionsPage.cpp
00357850,856,CB3OnlineGameOptionsPage,SetupRaceModeOptions(),B3OnlineGameOptionsPage.cpp
00357bb0,300,CB3OnlineGameOptionsPage,GenerateRandomJunction(),B3OnlineGameOptionsPage.cpp
00357ce0,364,CB3OnlineGameOptionsPage,GenerateRandomTrackInRegion(EB3TrackRegion),B3OnlineGameOptionsPage.cpp
00357e50,300,CB3OnlineGameOptionsPage,GenerateRandomTrack(),B3OnlineGameOptionsPage.cpp
00357f80,8,CB3OnlineGameOptionsPage,Release(),B3OnlineGameOptionsPage.cpp
00357f90,1184,CB3OnlineGameOptionsPage,UpdateCrashScroll(),B3OnlineGameOptionsPage.cpp
00358430,1684,CB3OnlineGameOptionsPage,UpdateScroll(),B3OnlineGameOptionsPage.cpp
00358ad0,1072,CB3OnlineGameOptionsPage,UpdateRoadRageMenu(),B3OnlineGameOptionsPage.cpp
00358f00,788,CB3OnlineGameOptionsPage,UpdateCrashMenu(),B3OnlineGameOptionsPage.cpp
00359220,840,CB3OnlineGameOptionsPage,UpdateRaceMenu(),B3OnlineGameOptionsPage.cpp
00359570,188,CB3OnlineGameOptionsPage,Update(),B3OnlineGameOptionsPage.cpp
00359630,852,CB3OnlineGameOptionsPage,"Prepare(bool,CB3LobbyCreateGameParams*)",B3OnlineGameOptionsPage.cpp
00359990,8,CB3DemoRaceIntroPage,Release(),B3DemoRaceIntroPage.cpp
003599a0,160,CB3DemoRaceIntroPage,Update(),B3DemoRaceIntroPage.cpp
00359a40,184,CB3DemoRaceIntroPage,Prepare(),B3DemoRaceIntroPage.cpp
00359b00,1008,CB3DemoRaceIntroState,"Action(EGtStateAction,void*,void*,void*)",B3DemoRaceIntroState.cpp
00359ef0,1148,CB3CrashPickup,Draw(),B3CrashPickup.cpp
0035a370,8,CB3CrashPickup,Destruct(),B3CrashPickup.cpp
0035a380,24,CB3CrashPickup,Release(),B3CrashPickup.cpp
0035a3a0,1612,CB3CrashPickup,Update(float),B3CrashPickup.cpp
0035a9f0,52,CB3CrashPickup,"Prepare(CB3CrashModePickupStruct*,CGtTexture**)",B3CrashPickup.cpp
0035aa30,24,CB3CrashPickup,Construct(),B3CrashPickup.cpp
0035aa50,1248,CB3CrashRamp,Draw(CGtTexture*),B3CrashRamp.cpp
0035af30,8,CB3CrashRamp,Destruct(),B3CrashRamp.cpp
0035af40,8,CB3CrashRamp,Release(),B3CrashRamp.cpp
0035af50,404,CB3CrashRamp,"Update(float*,float*,int)",B3CrashRamp.cpp
0035b0f0,524,CB3CrashRamp,Prepare(CB3CrashModeRampStruct*),B3CrashRamp.cpp
0035b300,8,CB3CrashRamp,Construct(),B3CrashRamp.cpp
0035b310,28,CB3TrackDataStruct,Fixup(unsigned int),B3TrackDataStruct.cpp
0035b330,136,CB3LoadingState,"Action(EGtStateAction,void*,void*,void*)",B3LoadingState.cpp
0035b3c0,308,CB3DemoStageSelectState,"Action(EGtStateAction,void*,void*,void*)",B3DemoStageSelectState.cpp
0035b500,8,CB3DemoStageSelectPage,Release(),B3DemoStageSelectPage.cpp
0035b510,268,CB3DemoStageSelectPage,Update(),B3DemoStageSelectPage.cpp
0035b620,304,CB3DemoStageSelectPage,Prepare(),B3DemoStageSelectPage.cpp
0035b750,800,CB3HUDTakedowns,PrepareTakedownsObjects(),B3HUDTakedowns.cpp
0035ba70,216,CB3HUDTakedowns,Update(float),B3HUDTakedowns.cpp
0035bb50,504,CB3HUDTakedowns,"Prepare(int,EHUDAlign,int,bool,bool)",B3HUDTakedowns.cpp
0035bd50,460,CB3DemoRestartState,"Action(EGtStateAction,void*,void*,void*)",B3DemoRestartState.cpp
0035bf20,8,CB3DemoRestartPage,Release(),B3DemoRestartPage.cpp
0035bf30,264,CB3DemoRestartPage,Update(),B3DemoRestartPage.cpp
0035c040,192,CB3DemoRestartPage,Prepare(),B3DemoRestartPage.cpp
0035c100,8,CB3OnlineVehicleSelectPage,Release(),B3OnlineVehicleSelectPage.cpp
0035c110,272,CB3OnlineVehicleSelectPage,Update(),B3OnlineVehicleSelectPage.cpp
0035c220,8,CB3OnlineWaitPage,Release(),B3OnlineWaitPage.cpp
0035c230,20,CB3OnlineWaitPage,Update(),B3OnlineWaitPage.cpp
0035c250,2220,CB3RoundedPanel2dObject,"_Render(const CGt2dObject::CGt2dObjectSpace&,const void*)",B3RoundedPanel2dObject.cpp
0035cb00,188,CB3RoundedPanel2dObject,"Prepare(const GtMathPs2::CGtV2d&,const GtMathPs2::CGtV2d&,const GtMathPs2::CGtV2d&,unsigned int)",B3RoundedPanel2dObject.cpp
0035cbc0,856,CB3HUDCrashStyle,Update(float),B3HUDCrashStyle.cpp
0035cf20,988,CB3HUDCrashStyle,"Prepare(int,EHUDAlign,int)",B3HUDCrashStyle.cpp
0035d300,700,CB3TabbedDisplayComponent,"SetRewardsContentPanelContents(unsigned int,int,unsigned short**)",B3TabbedDisplayComponent.cpp
0035d5c0,920,CB3TabbedDisplayComponent,"SetRecordsContentPanelContents(int,int,unsigned short**,unsigned short**,unsigned short**)",B3TabbedDisplayComponent.cpp
0035d960,1104,CB3TabbedDisplayComponent,SetContentPanel(unsigned int),B3TabbedDisplayComponent.cpp
0035ddb0,16,CB3TabbedDisplayComponent,GetFormattedTrophyString(int),B3TabbedDisplayComponent.cpp
0035ddc0,424,CB3TabbedDisplayComponent,SelectMenuItem(int),B3TabbedDisplayComponent.cpp
0035df70,64,CB3TabbedDisplayComponent,OnMenuDown(),B3TabbedDisplayComponent.cpp
0035dfb0,52,CB3TabbedDisplayComponent,OnMenuUp(),B3TabbedDisplayComponent.cpp
0035dff0,316,CB3TabbedDisplayComponent,Release(),B3TabbedDisplayComponent.cpp
0035e130,8,CB3TabbedDisplayComponent,Update(float),B3TabbedDisplayComponent.cpp
0035e140,1048,CB3TabbedDisplayComponent,"Prepare(ETabbedDisplayPrepareType,unsigned long,int)",B3TabbedDisplayComponent.cpp
0035e560,48,CB3TabbedDisplayComponent,Construct(),B3TabbedDisplayComponent.cpp
0035e590,188,CGtUnicode,"PrintString<PUs,i>(unsigned short*,const unsigned short*,unsigned short*const&,const int&)",B3TabbedDisplayComponent.cpp
0035e650,184,CB3ReplaySymbolComponent,Release(),B3ReplaySymbolComponent.cpp
0035e710,324,CB3ReplaySymbolComponent,Update(float),B3ReplaySymbolComponent.cpp
0035e860,548,CB3ReplaySymbolComponent,Prepare(),B3ReplaySymbolComponent.cpp
0035ea90,56,CB3ReplaySymbolComponent,Construct(),B3ReplaySymbolComponent.cpp
0035ead0,296,CB3ImageVignette2dObject,"_Render(const CGt2dObject::CGt2dObjectSpace&,const void*)",B3ImageVignette2dObject.cpp
0035ec00,176,CB3ImageVignette2dObject,"Prepare(const GtMathPs2::CGtV2d&,const GtMathPs2::CGtV2d&,const GtMathPs2::CGtV2d&,float,float,const ",B3ImageVignette2dObject.cpp
0035ecb0,8,CB3SatNavComponent,IsCrashJunction(),B3SatNavComponent.cpp
0035ecc0,80,CB3SatNavComponent,GetCurrentTrackID(),B3SatNavComponent.cpp
0035ed10,32,CB3SatNavComponent,GetCurrentPanelStageIndex(),B3SatNavComponent.cpp
0035ed30,400,CB3SatNavComponent,MoveSelectorRight(),B3SatNavComponent.cpp
0035eec0,376,CB3SatNavComponent,MoveSelectorLeft(),B3SatNavComponent.cpp
0035f040,2772,CB3SatNavComponent,MenuPhaseUpdate(float),B3SatNavComponent.cpp
0035fb20,460,CB3SatNavComponent,UpdateTrackOutline(float),B3SatNavComponent.cpp
0035fcf0,1548,CB3SatNavComponent,"UpdateMap(float,bool)",B3SatNavComponent.cpp
00360300,60,CB3SatNavComponent,PanelSelectNext(),B3SatNavComponent.cpp
00360340,60,CB3SatNavComponent,PanelSelectPrev(),B3SatNavComponent.cpp
00360380,20,CB3SatNavComponent,Panel2Out(),B3SatNavComponent.cpp
003603a0,52,CB3SatNavComponent,Panel2In(),B3SatNavComponent.cpp
003603e0,188,CB3SatNavComponent,ZoomOut(),B3SatNavComponent.cpp
003604a0,216,CB3SatNavComponent,ZoomIn(),B3SatNavComponent.cpp
00360580,196,CB3SatNavComponent,ReleasePopups(),B3SatNavComponent.cpp
00360650,460,CB3SatNavComponent,PrepareZoomedOutPopup(),B3SatNavComponent.cpp
00360820,392,CB3SatNavComponent,ReleaseExtraLeadIn(),B3SatNavComponent.cpp
003609b0,4716,CB3SatNavComponent,UpdateCustomLeadIn(float),B3SatNavComponent.cpp
00361c20,596,CB3SatNavComponent,PrepareCustomLeadIn(),B3SatNavComponent.cpp
00361e80,328,CB3SatNavComponent,ReleasePanel(),B3SatNavComponent.cpp
00361fd0,552,CB3SatNavComponent,UpdatePanel(float),B3SatNavComponent.cpp
00362200,628,CB3SatNavComponent,UpdatePanelEntriesAnim(float),B3SatNavComponent.cpp
00362480,460,CB3SatNavComponent,RepreparePanel(),B3SatNavComponent.cpp
00362650,1272,CB3SatNavComponent,PreparePanel(),B3SatNavComponent.cpp
00362b50,364,CB3SatNavComponent,UpdateTrackIcons(),B3SatNavComponent.cpp
00362cc0,664,CB3SatNavComponent,UpdateTrackIconsAnim(float),B3SatNavComponent.cpp
00362f60,1724,CB3SatNavComponent,PrepareTrackIcons(),B3SatNavComponent.cpp
00363620,600,CB3SatNavComponent,Release(),B3SatNavComponent.cpp
00363880,392,CB3SatNavComponent,Update(float),B3SatNavComponent.cpp
00363a10,2388,CB3SatNavComponent,"Prepare(ESatMapLevel,EB3TrackRegion,ESatMapEnterDirection)",B3SatNavComponent.cpp
00364370,360,CB3SatNavComponent,"CalculateNumUnlockedEvents(EB3TrackRegion,int)",B3SatNavComponent.cpp
003644e0,332,CB3SatNavComponent,Construct(),B3SatNavComponent.cpp
00364630,1592,CB3Icon2dObject,"_Render(const CGt2dObject::CGt2dObjectSpace&,const void*)",B3SatNavComponent.cpp
00364c70,2428,CB3SatNavComponent,"CPanelEntry::Prepare(float,bool)",B3SatNavComponent.cpp
003655f0,792,CB3SatNavComponent,"CPopupBox::Update(float,const GtMathPs2::CGtV2d&)",B3SatNavComponent.cpp
00365910,4188,CB3Globe2dObject,"DrawGlobeHalo(GtMathPs2::CGtV3d,RwRGBA,float)",B3Globe2dObject.cpp
00366970,1700,CB3Globe2dObject,DrawInvisiblePolys(GtMathPs2::CGtV3d),B3Globe2dObject.cpp
00367020,8952,CB3Globe2dObject,"_Render(const CGt2dObject::CGt2dObjectSpace&,const void*)",B3Globe2dObject.cpp
00369320,52,CB3Globe2dObject,Release(),B3Globe2dObject.cpp
00369360,52,CB3Globe2dObject,"SetShape(float,float)",B3Globe2dObject.cpp
003693a0,36,CB3Globe2dObject,"SetHighlight(signed char,float)",B3Globe2dObject.cpp
003693d0,32,CB3Globe2dObject,SetGlobeReveal(float),B3Globe2dObject.cpp
003693f0,32,CB3Globe2dObject,SetGlobeAlpha(float),B3Globe2dObject.cpp
00369410,76,CB3Globe2dObject,"SetGlobeLocation(float,float)",B3Globe2dObject.cpp
00369460,52,CB3Globe2dObject,SetPos(GtMathPs2::CGtV3d),B3Globe2dObject.cpp
003694a0,3180,CB3Globe2dObject,Prepare(),B3Globe2dObject.cpp
0036a110,8,CB3Globe2dObject,Construct(),B3Globe2dObject.cpp
0036a120,16,CB3GlobeComponent,SelectCurrentRegion(),B3GlobeComponent.cpp
0036a130,68,CB3GlobeComponent,PrevRegion(),B3GlobeComponent.cpp
0036a180,68,CB3GlobeComponent,NextRegion(),B3GlobeComponent.cpp
0036a1d0,68,CB3GlobeComponent,Release(),B3GlobeComponent.cpp
0036a220,3084,CB3GlobeComponent,Update(float),B3GlobeComponent.cpp
0036ae30,156,CB3GlobeComponent,PrepareSpinning(),B3GlobeComponent.cpp
0036aed0,156,CB3GlobeComponent,Prepare(EB3TrackRegion),B3GlobeComponent.cpp
0036af70,44,CB3GlobeComponent,Construct(),B3GlobeComponent.cpp
0036afa0,588,CB3HUDCrashTimer,PrepareCrashTimerObject(),B3HUDCrashTimer.cpp
0036b1f0,8,CB3HUDCrashTimer,Update(float),B3HUDCrashTimer.cpp
0036b200,180,CB3HUDCrashTimer,"Prepare(int,EHUDAlign,int,bool)",B3HUDCrashTimer.cpp
0036b2c0,256,CB3MenuStringBuffer,GetMinutesAndSecondsString(float),B3MenuStringBuffer.cpp
0036b3c0,20,CB3MenuStringBuffer,AllocUTF16String(int),B3MenuStringBuffer.cpp
0036b3e0,40,CB3MenuStringBuffer,Prepare(),B3MenuStringBuffer.cpp
0036b410,308,CB3PostEventComponent,Release(),B3PostEventComponent.cpp
0036b550,92,CB3PostEventComponent,Update(float),B3PostEventComponent.cpp
0036b5b0,496,CB3PostEventComponent,"SetHeading(EGlobalStrings,CB3StylisedText2dObject::EStylisedTextStyle,EB3GlobalImage)",B3PostEventComponent.cpp
0036b7a0,1276,CB3PostEventComponent,Prepare(),B3PostEventComponent.cpp
0036bca0,620,CB3PostEventComponent,PrepareStandings(),B3PostEventComponent.cpp
0036bf10,752,CB3PostEventComponent,"PrepareStandingsEntry(int,EGlobalStrings,int,const unsigned short*,bool)",B3PostEventComponent.cpp
0036c200,532,CB3PostEventComponent,"PrepareStatEntry(int,EGlobalStrings,const unsigned short*)",B3PostEventComponent.cpp
0036c420,132,CB3PostEventComponent,Construct(),B3PostEventComponent.cpp
0036c4b0,124,CB3EventFinishedComponent,Release(),B3EventFinishedComponent.cpp
0036c530,332,CB3EventFinishedComponent,UpdateAnimation(float),B3EventFinishedComponent.cpp
0036c680,132,CB3EventFinishedComponent,Update(float),B3EventFinishedComponent.cpp
0036c710,504,CB3EventFinishedComponent,Prepare(),B3EventFinishedComponent.cpp
0036c910,52,CB3EventFinishedComponent,Construct(),B3EventFinishedComponent.cpp
0036c950,536,CB3RoadRageResultsPage,"RenderMultipleImages(const GtMathPs2::CGtV2d&,const GtMathPs2::CGtV2d&,unsigned short*,const CGt2dFrame",B3RoadRageResultsPage.cpp
0036cb70,1840,CB3RoadRageResultsPage,FillTableWithResults(),B3RoadRageResultsPage.cpp
0036d2a0,1480,CB3RoadRageResultsPage,PrepareTable(),B3RoadRageResultsPage.cpp
0036d870,456,CB3RoadRageResultsPage,"_QSortCallback(const void*,const void*)",B3RoadRageResultsPage.cpp
0036da40,124,CB3RoadRageResultsPage,AddRaceTime(const CB3ResultsData*),B3RoadRageResultsPage.cpp
0036dac0,8,CB3RoadRageResultsPage,Release(),B3RoadRageResultsPage.cpp
0036dad0,252,CB3RoadRageResultsPage,Update(),B3RoadRageResultsPage.cpp
0036dbd0,168,CB3RoadRageResultsPage,Prepare(),B3RoadRageResultsPage.cpp
0036dc80,8,CB32dObjectMultipleImageRenderData,CB32dObjectMultipleImageRenderData(),B3RoadRageResultsPage.cpp
0036dc90,8,CB3StylisedText2dRenderData,CB3StylisedText2dRenderData(),B3RoadRageResultsPage.cpp
0036dca0,8,CB3Challenge,OnChallengeFinishDriving(),B3Challenge.cpp
0036dcb0,208,CB3Challenge,OnChallengeRestart(),B3Challenge.cpp
0036dd80,208,CB3Challenge,OnEndOfChallenge(),B3Challenge.cpp
0036de50,8,CB3Challenge,Update(),B3Challenge.cpp
0036de60,8,CB3Challenge,Destruct(),B3Challenge.cpp
0036de70,8,CB3Challenge,Release(),B3Challenge.cpp
0036de80,8,CB3Challenge,Prepare(),B3Challenge.cpp
0036de90,8,CB3Challenge,Construct(),B3Challenge.cpp
0036dea0,252,CB3ChampionshipChallenge,UpdatePoints(),B3ChampionshipChallenge.cpp
0036dfa0,164,CB3ChampionshipChallenge,OnChallengeFinishDriving(),B3ChampionshipChallenge.cpp
0036e050,340,CB3ChampionshipChallenge,OnChallengeRestart(),B3ChampionshipChallenge.cpp
0036e1b0,360,CB3ChampionshipChallenge,OnEndOfChallenge(),B3ChampionshipChallenge.cpp
0036e320,8,CB3ChampionshipChallenge,Update(),B3ChampionshipChallenge.cpp
0036e330,8,CB3ChampionshipChallenge,Destruct(),B3ChampionshipChallenge.cpp
0036e340,56,CB3ChampionshipChallenge,Release(),B3ChampionshipChallenge.cpp
0036e380,196,CB3ChampionshipChallenge,Prepare(),B3ChampionshipChallenge.cpp
0036e450,64,CB3ChampionshipChallenge,Construct(),B3ChampionshipChallenge.cpp
0036e490,8,CB3SingleChallenge,OnChallengeRestart(),B3SingleChallenge.cpp
0036e4a0,8,CB3SingleChallenge,OnEndOfChallenge(),B3SingleChallenge.cpp
0036e4b0,8,CB3SingleChallenge,Destruct(),B3SingleChallenge.cpp
0036e4c0,8,CB3SingleChallenge,Release(),B3SingleChallenge.cpp
0036e4d0,8,CB3SingleChallenge,Prepare(),B3SingleChallenge.cpp
0036e4e0,40,CB3SingleChallenge,Construct(),B3SingleChallenge.cpp
0036e510,56,CGtMalloc,Free(void*),GtMalloc.cpp
0036e550,88,CGtMalloc,Malloc(unsigned int),GtMalloc.cpp
0036e5b0,80,CGtMalloc,"Create(void*,unsigned int)",GtMalloc.cpp
0036f620,376,CB3VOptionsSelectComponent,CloseList(),B3VOptionsSelectComponent.cpp
0036f7a0,536,CB3VOptionsSelectComponent,"OpenList(int,unsigned int)",B3VOptionsSelectComponent.cpp
0036f9c0,128,CB3VOptionsSelectComponent,"SelectListItem(int,unsigned int)",B3VOptionsSelectComponent.cpp
0036fa40,228,CB3VOptionsSelectComponent,"SetEnabledState(int,bool)",B3VOptionsSelectComponent.cpp
0036fb30,88,CB3VOptionsSelectComponent,"SetYesNoOption(int,bool)",B3VOptionsSelectComponent.cpp
0036fb90,76,CB3VOptionsSelectComponent,"SetOptionText(int,unsigned int)",B3VOptionsSelectComponent.cpp
0036fbe0,432,CB3VOptionsSelectComponent,Release(),B3VOptionsSelectComponent.cpp
0036fd90,2564,CB3VOptionsSelectComponent,Update(float),B3VOptionsSelectComponent.cpp
003707a0,836,CB3VOptionsSelectComponent,"PrepareList(int,unsigned int)",B3VOptionsSelectComponent.cpp
00370af0,1012,CB3VOptionsSelectComponent,"PreparePanel(int,unsigned int,float)",B3VOptionsSelectComponent.cpp
00370ef0,528,CB3VOptionsSelectComponent,"PrepareItem(int,float,bool)",B3VOptionsSelectComponent.cpp
00371100,832,CB3VOptionsSelectComponent,"Prepare(const CB3MenuComponentSelectionData*,CB3VOptionsSelectComponentEntryData*)",B3VOptionsSelectComponent.cpp
00371440,136,CB3VOptionsSelectComponent,Construct(),B3VOptionsSelectComponent.cpp
003714d0,8,CB3Offline2PRaceLogic,GetHUDType(),B3Offline2PRaceLogic.cpp
003714e0,40,CB3Offline2PRaceLogic,"UseTakedownCamera(CB3RaceCar*,CB3RaceCar*)",B3Offline2PRaceLogic.cpp
00371510,8,CB3Offline2PRoadRageLogic,GetHUDType(),B3Offline2PRoadRageLogic.cpp
00371520,8,CB3Offline2PRoadRageLogic,CarsBecomeFragileAfterBeingSlammed(),B3Offline2PRoadRageLogic.cpp
00371530,368,CB3Offline2PRoadRageLogic,UpdatePlayingState(),B3Offline2PRoadRageLogic.cpp
003716a0,40,CB3Offline2PRoadRageLogic,"UseTakedownCamera(CB3RaceCar*,CB3RaceCar*)",B3Offline2PRoadRageLogic.cpp
003716d0,208,CB3Offline2PRoadRageLogic,ClearUpCrash(int),B3Offline2PRoadRageLogic.cpp
003717a0,444,CGtCollisionKDTree,SphereBBoxTest(GtMathPs2::CGtSphere) const,GtCollisionKDTree.cpp
00371960,224,CGtCollisionKDTree,FixUp(),GtCollisionKDTree.cpp
00371a40,1356,CGtCollisionKDTree,"IntersectSphere(GtMathPs2::CGtSphere,bool (*)(const CGtPolygonIntersectionResult&, void*),void*) const",GtCollisionKDTree.cpp
00371f90,1948,CGtCollisionKDTree,"IntersectLine(const CGtLine&,bool (*)(const CGtPolygonIntersectionResult&, void*),void*) const",GtCollisionKDTree.cpp
00372730,1944,CGtCollisionKDTree,"IntersectLineNearest(const CGtLine&,CGtPolygonIntersectionResult*) const",GtCollisionKDTree.cpp
00372ed0,320,CB3OptionArrow2dObject,"_Render(const CGt2dObject::CGt2dObjectSpace&,const void*)",B3OptionArrow2dObject.cpp
00373010,152,CB3OptionArrow2dObject,"Prepare(const GtMathPs2::CGtV2d&,const GtMathPs2::CGtV2d&)",B3OptionArrow2dObject.cpp
003730b0,456,CB3CrashStandingsPage,PrepareTable(),B3CrashStandingsPage.cpp
00373280,152,CB3CrashStandingsPage,"_QSortCallback(const void*,const void*)",B3CrashStandingsPage.cpp
00373320,1404,CB3CrashStandingsPage,AddRaceTime(const CB3ResultsData*),B3CrashStandingsPage.cpp
003738a0,8,CB3CrashStandingsPage,Release(),B3CrashStandingsPage.cpp
003738b0,344,CB3CrashStandingsPage,Update(),B3CrashStandingsPage.cpp
00373a10,156,CB3CrashStandingsPage,SetPrompts(unsigned int),B3CrashStandingsPage.cpp
00373ab0,636,CB3CrashStandingsPage,"Prepare(unsigned int,bool)",B3CrashStandingsPage.cpp
00373d30,144,CB3ResultsPage,"GetStylisedTextSize(GtMathPs2::CGtV2d*,const CGt2dFrame&,const void*)",B3ResultsPage.cpp
00373dc0,668,CB3ResultsPage,"RenderStylisedText(const GtMathPs2::CGtV2d&,const GtMathPs2::CGtV2d&,unsigned short*,const CGt2dFrame&,const vo",B3ResultsPage.cpp
00374060,444,CB3ResultsPage,AddRaceTime(const CB3ResultsData*),B3ResultsPage.cpp
00374220,664,CB3ResultsPage,PrepareTable(),B3ResultsPage.cpp
003744c0,8,CB3ResultsPage,Prepare(),B3ResultsPage.cpp
003744d0,8,CGt2dObjectTextRenderData,CGt2dObjectTextRenderData(),B3ResultsPage.cpp
003744e0,516,CB3HUDTimer,PrepareTimerObject(),B3HUDTimer.cpp
003746f0,164,CB3HUDTimer,Update(float),B3HUDTimer.cpp
003747a0,444,CB3HUDTimer,"Prepare(int,EHUDAlign,int)",B3HUDTimer.cpp
00374960,8,CB3TurnBasedCrashChallenge,OnChallengeRestart(),B3TurnBasedCrashChallenge.cpp
00374970,748,CB3TurnBasedCrashChallenge,OnEndOfChallenge(),B3TurnBasedCrashChallenge.cpp
00374c60,240,CB3TurnBasedCrashChallenge,OnChallengeFinishDriving(),B3TurnBasedCrashChallenge.cpp
00374d50,8,CB3TurnBasedCrashChallenge,Update(),B3TurnBasedCrashChallenge.cpp
00374d60,8,CB3TurnBasedCrashChallenge,Destruct(),B3TurnBasedCrashChallenge.cpp
00374d70,144,CB3TurnBasedCrashChallenge,Release(),B3TurnBasedCrashChallenge.cpp
00374e00,132,CB3TurnBasedCrashChallenge,Prepare(),B3TurnBasedCrashChallenge.cpp
00374e90,144,CB3TurnBasedCrashChallenge,Construct(),B3TurnBasedCrashChallenge.cpp
00374f20,8,CB3OfflineTeamCrashLogic,IsCooperative(),B3OfflineTeamCrashLogic.cpp
00374f30,8,CB3OfflineTeamCrashLogic,UseCrashBattleScoring(),B3OfflineTeamCrashLogic.cpp
00374f40,8,CB3OfflineTeamCrashLogic,IsCrashType(),B3OfflineTeamCrashLogic.cpp
00374f50,108,CB3OfflineTeamCrashLogic,"OnCrashStart(CB3RaceCarPhysics*,CB3CrashStartInfo*)",B3OfflineTeamCrashLogic.cpp
00374fc0,8,CB3OfflineTeamCrashLogic,GetResultsPageType(),B3OfflineTeamCrashLogic.cpp
00374fd0,8,CB3OfflineTeamCrashLogic,GetHUDType(),B3OfflineTeamCrashLogic.cpp
00374fe0,76,CB3StreamManager,ReleaseLODUnit(CB3StreamedTrackLODAndCollisionData*),B3StreamManager.cpp
00375030,76,CB3StreamManager,AcquireLODUnit(),B3StreamManager.cpp
00375080,76,CB3StreamManager,ReleaseHighDetailUnit(CB3StreamedTrackHighData*),B3StreamManager.cpp
003750d0,76,CB3StreamManager,AcquireHighDetailUnit(),B3StreamManager.cpp
00375120,236,CB3StreamManager,Release(),B3StreamManager.cpp
00375210,588,CB3StreamManager,Prepare(unsigned long),B3StreamManager.cpp
00375460,12,CB3StreamManager,Destruct(),B3StreamManager.cpp
00375470,116,CB3StreamManager,Construct(),B3StreamManager.cpp
003754f0,20,CB3CrashNavPage,Release(),B3CrashNavPage.cpp
00375510,2404,CB3CrashNavPage,Update(),B3CrashNavPage.cpp
00375e80,580,CB3CrashNavPage,"Prepare(EB3TrackRegion,EB3CrashNavPageState,ESatMapEnterDirection)",B3CrashNavPage.cpp
003760d0,524,CB3CrashNavPage,"UpdateHeadingAndHelpBar(bool,bool)",B3CrashNavPage.cpp
003762e0,8,CB3EventFinishedPage,Release(),B3EventFinishedPage.cpp
003762f0,84,CB3EventFinishedPage,Update(),B3EventFinishedPage.cpp
00376350,280,CB3EventFinishedPage,Prepare(),B3EventFinishedPage.cpp
00376470,8,CB3PostEventPage,Release(),B3PostEventPage.cpp
00376480,492,CB3PostEventPage,Update(),B3PostEventPage.cpp
00376670,212,CB3PostEventPage,Prepare(bool),B3PostEventPage.cpp
00376750,196,CB3PostEventPage,PrepareTurnBasedCrashStandings(),B3PostEventPage.cpp
00376820,180,CB3PostEventPage,PrepareGPStandings(),B3PostEventPage.cpp
003768e0,524,CB3PostEventPage,PrepareVSelectComponent(unsigned int),B3PostEventPage.cpp
00376af0,8,CB3PostEventRecordsPage,Release(),B3PostEventRecordsPage.cpp
00376b00,164,CB3PostEventRecordsPage,Update(),B3PostEventRecordsPage.cpp
00376bb0,192,CB3PostEventRecordsPage,Prepare(ETabbedDisplayPrepareType),B3PostEventRecordsPage.cpp
00376c70,8,CB3PostEventRewardsPage,Release(),B3PostEventRewardsPage.cpp
00376c80,216,CB3PostEventRewardsPage,Update(),B3PostEventRewardsPage.cpp
00376d60,120,CB3PostEventRewardsPage,Prepare(),B3PostEventRewardsPage.cpp
00376de0,8,CB3ReplayPage,Release(),B3ReplayPage.cpp
00376df0,208,CB3ReplayPage,Update(),B3ReplayPage.cpp
00376ec0,136,CB3ReplayPage,Prepare(bool),B3ReplayPage.cpp
00376f50,8,CB3AwardPresentationPage,Release(),B3AwardPresentationPage.cpp
00376f60,76,CB3AwardPresentationPage,Update(),B3AwardPresentationPage.cpp
00376fb0,816,CB3AwardPresentationPage,"Prepare(EB3MenuAwardTypes,int)",B3AwardPresentationPage.cpp
003772e0,1032,CB3AwardPresentationPage,PrepareTrackRecords(int),B3AwardPresentationPage.cpp
003776f0,320,CB3AwardPresentationPage,"FormatCell(unsigned short*,int,int)",B3AwardPresentationPage.cpp
00377830,496,CB3ReplayState,"Action(EGtStateAction,void*,void*,void*)",B3ReplayState.cpp
00377a20,2564,CB3CrashNavState,"Action(EGtStateAction,void*,void*,void*)",B3CrashNavState.cpp
00378430,696,CB3EventFinishedState,"Action(EGtStateAction,void*,void*,void*)",B3EventFinishedState.cpp
003786f0,240,CB3EventState,"Action(EGtStateAction,void*,void*,void*)",B3EventState.cpp
003787e0,308,CB3PostEventRecordsState,"Action(EGtStateAction,void*,void*,void*)",B3PostEventRecordsState.cpp
00378920,76,CB3PostEventRewardsState,"Action(EGtStateAction,void*,void*,void*)",B3PostEventRewardsState.cpp
00378970,392,CB3PostEventState,PrepareMultiplayerCrashResults(CB3StageLogic*),B3PostEventState.cpp
00378b00,1732,CB3PostEventState,"Action(EGtStateAction,void*,void*,void*)",B3PostEventState.cpp
003791d0,684,CB3AwardPresentationState,EvaluteNewAwards(),B3AwardPresentationState.cpp
00379480,108,CB3AwardPresentationState,"Action(EGtStateAction,void*,void*,void*)",B3AwardPresentationState.cpp
003794f0,240,CB3OnePlayerModeSelectState,SetupGameModeSelect(),B3OnePlayerModeSelectState.cpp
003795e0,1056,CB3OnePlayerModeSelectState,"Action(EGtStateAction,void*,void*,void*)",B3OnePlayerModeSelectState.cpp
00379a00,8,CB3GenericVSelectPage,Release(),B3GenericVSelectPage.cpp
00379a10,300,CB3GenericVSelectPage,Update(),B3GenericVSelectPage.cpp
00379b40,232,CB3GenericVSelectPage,Prepare(),B3GenericVSelectPage.cpp
00379c30,64,CB3GenericVSelectPage,Construct(),B3GenericVSelectPage.cpp
00379c70,240,CB3TwoPlayerModeSelectState,SetupGameModeSelect(),B3TwoPlayerModeSelectState.cpp
00379d60,880,CB3TwoPlayerModeSelectState,"Action(EGtStateAction,void*,void*,void*)",B3TwoPlayerModeSelectState.cpp
0037a0d0,500,CB3ControllerRemovedComponent,"CreateText(unsigned char,signed char)",B3ControllerRemovedComponent.cpp
0037a2d0,176,CB3ControllerRemovedComponent,ReleaseComponents(),B3ControllerRemovedComponent.cpp
0037a380,8,CB3ControllerRemovedComponent,Release(),B3ControllerRemovedComponent.cpp
0037a390,524,CB3ControllerRemovedComponent,Update(float),B3ControllerRemovedComponent.cpp
0037a5a0,32,CB3ControllerRemovedComponent,Prepare(),B3ControllerRemovedComponent.cpp
0037a5c0,104,CB3ControllerRemovedComponent,Construct(),B3ControllerRemovedComponent.cpp
0037a630,956,CB3HUDScoreList,PrepareScoreListObject(),B3HUDScoreList.cpp
0037a9f0,8,CB3HUDScoreList,Update(float),B3HUDScoreList.cpp
0037aa00,908,CB3HUDScoreList,ActualPrepare(),B3HUDScoreList.cpp
0037ad90,20,CB3HUDScoreList,"Prepare(EHUDAlign,int)",B3HUDScoreList.cpp
0037adb0,8,CB3DemoOnlineGameModeSelectPage,Release(),B3DemoOnlineModeSelectPage.cpp
0037adc0,288,CB3DemoOnlineGameModeSelectPage,Update(),B3DemoOnlineModeSelectPage.cpp
0037aee0,268,CB3DemoOnlineGameModeSelectPage,Prepare(EB3MenuChoicesOnline),B3DemoOnlineModeSelectPage.cpp
0037aff0,8,CB3DemoOnlineTrackSelectPage,Release(),B3DemoOnlineTrackSelectPage.cpp
0037b000,380,CB3DemoOnlineTrackSelectPage,Update(),B3DemoOnlineTrackSelectPage.cpp
0037b180,392,CB3DemoOnlineTrackSelectPage,Prepare(unsigned long),B3DemoOnlineTrackSelectPage.cpp
0037b310,8,CB3PartyCrashSetupPage,Release(),B3PartyCrashSetupPage.cpp
0037b320,1344,CB3PartyCrashSetupPage,Update(),B3PartyCrashSetupPage.cpp
0037b860,968,CB3PartyCrashSetupPage,Prepare(),B3PartyCrashSetupPage.cpp
0037bc30,40,CB3PartyCrashSetupPage,Construct(),B3PartyCrashSetupPage.cpp
0037bc60,612,CB3PartyCrashSetupState,"SetupRandomCrashJunctions(ECrashSetupHSelectRegions,int)",B3PartyCrashSetupState.cpp
0037bed0,760,CB3PartyCrashSetupState,"Action(EGtStateAction,void*,void*,void*)",B3PartyCrashSetupState.cpp
0037c1d0,8,CB3MSDemoGameModePage,Release(),B3MSDemoGameModePage.cpp
0037c1e0,200,CB3MSDemoGameModePage,Update(),B3MSDemoGameModePage.cpp
0037c2b0,228,CB3MSDemoGameModePage,Prepare(),B3MSDemoGameModePage.cpp
0037c3a0,372,CB3DemoNFSU2VidState,"Action(EGtStateAction,void*,void*,void*)",B3DemoNFSU2VidState.cpp
0037c520,88,CB3DemoMarketingVidState,"Action(EGtStateAction,void*,void*,void*)",B3DemoMarketingVidState.cpp
0037c580,104,CB3OPMDemoTitleScreenState,"Action(EGtStateAction,void*,void*,void*)",B3OPMDemoTitleScreenState.cpp
0037c5f0,8,CB3BehaviourAftermath,Construct(),B3BehaviourAftermath.cpp
0037c600,8,CB3BehaviourAftermath,Destruct(),B3BehaviourAftermath.cpp
0037c610,8,CB3BehaviourAftermath,Release(void*),B3BehaviourAftermath.cpp
0037c620,264,CB3BehaviourAftermath,"IncrementSegment(CB3AILane**,unsigned short*,EAISegmentLinkType,bool)",B3BehaviourAftermath.cpp
0037c730,344,CB3BehaviourAftermath,"StepForward(float*,CB3AILane**,unsigned short*,EAISegmentLinkType,float)",B3BehaviourAftermath.cpp
0037c890,60,CB3BehaviourAftermath,IsFinished(),B3BehaviourAftermath.cpp
0037c8d0,1824,CB3BehaviourAftermath,"SetRigPosition(CGtCamera*,GtMathPs2::CGtV3d,float,bool)",B3BehaviourAftermath.cpp
0037cff0,796,CB3BehaviourAftermath,"Update(CGtCamera*,float)",B3BehaviourAftermath.cpp
0037d310,804,CB3BehaviourAftermath,Prepare(void*),B3BehaviourAftermath.cpp
0037d640,136,CB3BehaviourAftermath,Construct(int),B3BehaviourAftermath.cpp
0037d6d0,60,CB3NetworkGameModeStatusMessage,Retrieve(signed char*),B3NetworkGameModeStatusMessage.cpp
0037d710,52,CB3NetworkGameModeStatusMessage,Prepare(signed char),B3NetworkGameModeStatusMessage.cpp
0037d750,8,CB3NetworkGameModeStatusMessage,Construct(),B3NetworkGameModeStatusMessage.cpp
0037d760,1176,CB3CrashScore,BuildAftermathDrawList(),B3CrashScore.cpp
0037dc00,252,CB3CrashScore,Draw(),B3CrashScore.cpp
0037dd00,324,CB3CrashScore,AddVehicleScoreToDrawList(CB3VehiclePhysics*),B3CrashScore.cpp
0037de50,220,CB3CrashScore,CrashBreakerVehiclesRemaining(int),B3CrashScore.cpp
0037df30,140,CB3CrashScore,GetScoreForCar(CB3VehiclePhysics*),B3CrashScore.cpp
0037dfc0,120,CB3CrashScore,GetNumCrashedCars(int),B3CrashScore.cpp
0037e040,120,CB3CrashScore,HandleCrashbreaker(int),B3CrashScore.cpp
0037e0c0,220,CB3CrashScore,"HandleCrashBattleDelta(float,float,CB3VehiclePhysics*,CB3VehiclePhysics*)",B3CrashScore.cpp
0037e1a0,32,CB3CrashScore,"AddCrashMultiplier(ECrashModePickupType,int)",B3CrashScore.cpp
0037e1c0,68,CB3CrashScore,"AddCrashScore(ECrashModePickupType,int)",B3CrashScore.cpp
0037e210,440,CB3CrashScore,GetFinalPlayerScore(int),B3CrashScore.cpp
0037e3d0,196,CB3CrashScore,CalcPlayerMultiplier(int),B3CrashScore.cpp
0037e4a0,176,CB3CrashScore,GetTotalPickupScore(int),B3CrashScore.cpp
0037e550,272,CB3CrashScore,CalcCrashCarsScore(int),B3CrashScore.cpp
0037e660,160,CB3CrashScore,HandleVehicleImpact(CB3VehiclePhysics*),B3CrashScore.cpp
0037e700,252,CB3CrashScore,"HandleCrashTrafficCar(CB3TrafficPhysics*,CB3TrafficVehicle*,bool,int)",B3CrashScore.cpp
0037e800,264,CB3CrashScore,"HandleCrashRaceCar(CB3RaceCarPhysics*,int)",B3CrashScore.cpp
0037e910,8,CB3CrashScore,Destruct(),B3CrashScore.cpp
0037e920,8,CB3CrashScore,Release(),B3CrashScore.cpp
0037e930,8,CB3CrashScore,Update(),B3CrashScore.cpp
0037e940,472,CB3CrashScore,Prepare(),B3CrashScore.cpp
0037eb20,8,CB3CrashScore,Construct(),B3CrashScore.cpp
0037eb30,360,CB3HUDBackground2dObject,"Prepare(const GtMathPs2::CGtV2d&,const GtMathPs2::CGtV2d&,const GtMathPs2::CGtV2d&,GtMathPs2::CGtV4d,",B3HUDBackground2dObject.cpp
0037eca0,948,CB3HUDBackground2dObject,"_Render(const CGt2dObject::CGt2dObjectSpace&,const void*)",B3HUDBackground2dObject.cpp
0037f060,8,CB3OfflineCrashBattleLogic,IsCooperative(),B3OfflineCrashBattleLogic.cpp
0037f070,8,CB3OfflineCrashBattleLogic,IsCrashBattle(),B3OfflineCrashBattleLogic.cpp
0037f080,8,CB3OfflineCrashBattleLogic,UseCrashBattleScoring(),B3OfflineCrashBattleLogic.cpp
0037f090,8,CB3OfflineCrashBattleLogic,"OnCrashStart(CB3RaceCarPhysics*,CB3CrashStartInfo*)",B3OfflineCrashBattleLogic.cpp
0037f0a0,8,CB3OfflineCrashBattleLogic,GetResultsPageType(),B3OfflineCrashBattleLogic.cpp
0037f0b0,8,CB3OfflineCrashBattleLogic,GetHUDType(),B3OfflineCrashBattleLogic.cpp
0037f0c0,1296,CB3StylisedText2dObject,"_BuildBatchData(const GtMathPs2::CGtV2d&,const CB3StylisedText2dObject::CB3StylisedText2dObjectData&)",B3StylisedText2dObject.cpp
0037f5d0,496,CB3StylisedText2dObject,"_DispatchLRGradient(GtMathPs2::CGtV4d,GtMathPs2::CGtV4d,GtMathPs2::CGtV4d,const GtMathPs2::CGtV2d&,con",B3StylisedText2dObject.cpp
0037f7c0,2664,CB3StylisedText2dObject,"_DispatchMetallic(GtMathPs2::CGtV4d,const GtMathPs2::CGtV2d&,const GtMathPs2::CGtV2d*,const GtMathPs2:",B3StylisedText2dObject.cpp
00380230,1440,CB3StylisedText2dObject,"_RenderDisintegrate(const CGt2dObject::CGt2dObjectSpace&,const void*)",B3StylisedText2dObject.cpp
003807d0,2804,CB3StylisedText2dObject,"_RenderDistort(const CGt2dObject::CGt2dObjectSpace&,const void*)",B3StylisedText2dObject.cpp
003812d0,2136,CB3StylisedText2dObject,"_RenderNormal(const CGt2dObject::CGt2dObjectSpace&,const void*)",B3StylisedText2dObject.cpp
00381b30,124,CB3StylisedText2dObject,ModifyEffect(CB3StylisedText2dObject::EStylisedTextEffect),B3StylisedText2dObject.cpp
00381bb0,444,CB3StylisedText2dObject,"Prepare(const GtMathPs2::CGtV2d&,const GtMathPs2::CGtV2d&,GtMathPs2::CGtV4d,CB3StylisedText2dObject::E",B3StylisedText2dObject.cpp
00381d70,380,CB3StylisedText2dObject,"HackConvertString(unsigned short*,int,const unsigned short*,bool)",B3StylisedText2dObject.cpp
00381ef0,1612,CB3Records,SetDefaultTrackRecordValues(),B3Records.cpp
00382540,64,CB3Records,GetTrackRecords(unsigned long),B3Records.cpp
00382580,428,CB3Records,Update(),B3Records.cpp
00382730,924,CB3Records,Prepare(),B3Records.cpp
00382ad0,8,CB3Records,Construct(),B3Records.cpp
00382ae0,368,CB3CoopCrashRecordTable,"Update(int,unsigned int,ERecordTestTypes)",B3Records.cpp
00382c50,328,CB3RecordTable,"Update(int,unsigned int,ERecordTestTypes)",B3Records.cpp
00382da0,380,CB3RecordTable,"Update(float,unsigned int,ERecordTestTypes)",B3Records.cpp
00382f20,224,CB3CoopCrashRecord,SetNewRecordData(unsigned int),B3Records.cpp
00383000,136,CB3Record,SetNewRecordData(unsigned int),B3Records.cpp
00383090,128,CB3Record,"Update(int,unsigned int,ERecordTestTypes)",B3Records.cpp
00383110,8,CB3OnlineWaitingForPlayersPage,Release(),B3OnlineWaitingForPlayersPage.cpp
00383120,20,CB3OnlineWaitingForPlayersPage,Update(),B3OnlineWaitingForPlayersPage.cpp
00383140,268,CB3OnlineWaitingForPlayersPage,"Prepare(bool,bool)",B3OnlineWaitingForPlayersPage.cpp
00383250,1068,CB3HUDHeading,"UpdateTransition(float,bool,EHUDMode,EHUDMode)",B3HUDHeading.cpp
00383680,8,CB3HUDHeading,Update(float),B3HUDHeading.cpp
00383690,664,CB3HUDHeading,"Prepare(int,EHUDAlign,int)",B3HUDHeading.cpp
00383930,232,CB3RadialBlur2dObject,"_Render(const CGt2dObject::CGt2dObjectSpace&,const void*)",B3RadialBlur2dObject.cpp
00383a20,8,CB3RadialBlur2dObject,SetOpacity(float),B3RadialBlur2dObject.cpp
00383a30,8,CB3RadialBlur2dObject,Release(),B3RadialBlur2dObject.cpp
00383a40,120,CB3RadialBlur2dObject,"Prepare(const GtMathPs2::CGtV2d&,const GtMathPs2::CGtV2d&,float,float)",B3RadialBlur2dObject.cpp
00385000,264,CB3HUDPrimaryMessageHandler,UpdateWibbleAnimationOut(CB3HUDPrimaryMessageHandler*),B3HUDPrimaryMessageHandler.cpp
00385110,52,CB3HUDPrimaryMessageHandler,UpdateWibbleAnimationHold(CB3HUDPrimaryMessageHandler*),B3HUDPrimaryMessageHandler.cpp
00385150,444,CB3HUDPrimaryMessageHandler,UpdateWibbleAnimationIn(CB3HUDPrimaryMessageHandler*),B3HUDPrimaryMessageHandler.cpp
00385310,732,CB3HUDPrimaryMessageHandler,UpdateSpinAnimationOut2(CB3HUDPrimaryMessageHandler*),B3HUDPrimaryMessageHandler.cpp
003855f0,828,CB3HUDPrimaryMessageHandler,UpdateSpinAnimationOut(CB3HUDPrimaryMessageHandler*),B3HUDPrimaryMessageHandler.cpp
00385930,52,CB3HUDPrimaryMessageHandler,UpdateSpinAnimationHold(CB3HUDPrimaryMessageHandler*),B3HUDPrimaryMessageHandler.cpp
00385970,1012,CB3HUDPrimaryMessageHandler,UpdateSpinAnimationIn(CB3HUDPrimaryMessageHandler*),B3HUDPrimaryMessageHandler.cpp
00385d70,300,CB3HUDPrimaryMessageHandler,CreateScoreObject(int),B3HUDPrimaryMessageHandler.cpp
00385ea0,144,CB3HUDPrimaryMessageHandler,ClearMessage(bool),B3HUDPrimaryMessageHandler.cpp
00385f30,268,CB3HUDPrimaryMessageHandler,Update(float),B3HUDPrimaryMessageHandler.cpp
00386040,1372,CB3HUDPrimaryMessageHandler,"ShowMessage(const GtMathPs2::CGtV2d&,CGt2dFrame*,const unsigned short*,CB3HUDPrimaryMessageHandler",B3HUDPrimaryMessageHandler.cpp
003865a0,48,CB3HUDPrimaryMessageHandler,"Prepare(CGt2dScene*,int,int)",B3HUDPrimaryMessageHandler.cpp
003865d0,836,CB3Score2dObject,"_Render(const CGt2dObject::CGt2dObjectSpace&,const void*)",B3HUDPrimaryMessageHandler.cpp
00386920,580,CB3PositiveIcon2dObject,"_RenderStars(const CGt2dObject::CGt2dObjectSpace&,const void*)",B3HUDPrimaryMessageHandler.cpp
00386b70,780,CB3PositiveIcon2dObject,"_RenderIcon(const CGt2dObject::CGt2dObjectSpace&,const void*)",B3HUDPrimaryMessageHandler.cpp
00386e80,804,CB3HUDImpactTime,Update(float),B3HUDImpactTime.cpp
003871b0,184,CB3HUDImpactTime,"Prepare(int,EHUDAlign,int)",B3HUDImpactTime.cpp
00387270,144,CB3HUDDPad2dObject,"Prepare(const GtMathPs2::CGtV2d&,const GtMathPs2::CGtV2d&,const GtMathPs2::CGtV2d&,GtMathPs2::CGtV4d)",B3HUDDPad2dObject.cpp
00387300,520,CB3HUDDPad2dObject,"_Render(const CGt2dObject::CGt2dObjectSpace&,const void*)",B3HUDDPad2dObject.cpp
00387510,284,CB3HUDCrashCombo,"UpdateTransition(float,bool,EHUDMode,EHUDMode)",B3HUDCrashCombo.cpp
00387630,136,CB3HUDCrashCombo,Update(float),B3HUDCrashCombo.cpp
003876c0,420,CB3HUDCrashCombo,"Prepare(int,EHUDAlign,int)",B3HUDCrashCombo.cpp
00387870,872,CGt2dObjectComboText,"_BuildBatchData(const GtMathPs2::CGtV2d&,const GtMathPs2::CGtV2d&,const unsigned short*,const CGt2dObject",B3HUDCrashCombo.cpp
00387be0,864,CGt2dObjectComboText,"_Render(const CGt2dObject::CGt2dObjectSpace&,const void*)",B3HUDCrashCombo.cpp
00387f40,876,CPromptBarPanel2dObject,"_Render(const CGt2dObject::CGt2dObjectSpace&,const void*)",B3PromptBarPanel2dObject.cpp
003882b0,184,CPromptBarPanel2dObject,"Prepare(const GtMathPs2::CGtV2d&,const GtMathPs2::CGtV2d&,const GtMathPs2::CGtV2d&)",B3PromptBarPanel2dObject.cpp
00388370,152,CB3CarIcon2dObject,"_Render(const CGt2dObject::CGt2dObjectSpace&,const void*)",B3CarIcon2dObject.cpp
00388410,452,CB3CarIcon2dObject,"Prepare(const GtMathPs2::CGtV2d&,const GtMathPs2::CGtV2d&,const GtMathPs2::CGtV2d&,unsigned long,int)",B3CarIcon2dObject.cpp
003885e0,40,CB3CarIcon2dObject,Construct(),B3CarIcon2dObject.cpp
00388610,256,CGtSimpleOrientedBox,ConvertTo(CGtOrientedBox*) const,GtSimpleOrientedBox.cpp
00388710,104,CB3HUDPrimaryMessage,"StartTransition(bool,EHUDMode,EHUDMode)",B3HUDPrimaryMessage.cpp
00388780,68,CB3HUDPrimaryMessage,"UpdateTransition(float,bool,EHUDMode,EHUDMode)",B3HUDPrimaryMessage.cpp
003887d0,256,CB3HUDPrimaryMessage,UpdateCrashText(float),B3HUDPrimaryMessage.cpp
003888d0,72,CB3HUDPrimaryMessage,Update(float),B3HUDPrimaryMessage.cpp
00388920,1300,CB3HUDPrimaryMessage,UpdateMessage(float),B3HUDPrimaryMessage.cpp
00388e40,236,CB3HUDPrimaryMessage,"Prepare(int,EHUDAlign,int,CB3HUDScore*)",B3HUDPrimaryMessage.cpp
00388f30,8,CB3HUDPrimaryMessageHandler,GetMaxObjects(),B3HUDPrimaryMessage.cpp
00388f40,468,CB3HUDEscapeDistance,PrepareEscapeDistanceObject(),B3HUDEscapeDistance.cpp
00389120,8,CB3HUDEscapeDistance,Update(float),B3HUDEscapeDistance.cpp
00389130,408,CB3HUDEscapeDistance,ActualPrepare(),B3HUDEscapeDistance.cpp
003892d0,20,CB3HUDEscapeDistance,"Prepare(int,EHUDAlign,int)",B3HUDEscapeDistance.cpp
003892f0,72,CB3ConvexHullMaker,"MakeConvexHull(CB3ConvexHull*,float*,CB3ConvexHullVertex*)",B3ConvexHullMaker.cpp
00389340,1104,CB3ConvexHullMaker,MakeVerticesIntoHull(GtMathPs2::CGtV3d*),B3ConvexHullMaker.cpp
00389790,988,CB3ConvexHullMaker,GetRoofPoints(GtMathPs2::CGtV3d*),B3ConvexHullMaker.cpp
00389b70,1280,CB3ConvexHullMaker,"GetBasePoints(GtMathPs2::CGtV3d*,float*)",B3ConvexHullMaker.cpp
0038a070,632,CB3VehicleDeform,"CreateDeformedHull(CB3ConvexHull*,GtMathPs2::CGtV3d*)",B3VehicleDeform.cpp
0038a2f0,2704,CB3VehicleDeform,"GetHullPoints(GtMathPs2::CGtV3d*,GtMathPs2::CGtV3d*,GtMathPs2::CGtV3d*,GtMathPs2::CGtV3d*,GtMathPs2::CGtV3d*,",B3VehicleDeform.cpp
0038ad80,388,CB3VehicleDeform,"FindPointNearestTo(float,float,float,CB3ConvexHull*,GtMathPs2::CGtV3d*,EMainBodyBoneIndex,GtMathPs2::CGtV3d*)",B3VehicleDeform.cpp
0038af10,400,CB3VehicleDeform,"NearestPointOnHull(CB3ConvexHull*,GtMathPs2::CGtV3d*,GtMathPs2::CGtV3d,GtMathPs2::CGtV3d*)",B3VehicleDeform.cpp
0038b0a0,748,CB3VehicleDeform,"NearestPointOnTriangle(GtMathPs2::CGtV3d,GtMathPs2::CGtV3d,GtMathPs2::CGtV3d,GtMathPs2::CGtV3d,GtMathPs2::CGt",B3VehicleDeform.cpp
0038b390,2420,CB3VehicleDeform,"Render(CB3VehicleEssentialParams*,CB3VehicleParams*)",B3VehicleDeform.cpp
0038bd10,444,CB3VehicleDeform,"RenderSquare(float,float,float,float,float,float,GtMathPs2::CGtV4d*)",B3VehicleDeform.cpp
0038bed0,1020,CB3VehicleDeform,RenderClampBoxes(),B3VehicleDeform.cpp
0038c2d0,292,CB3VehicleDeform,"SetArrowVertices(CB3Im3dVertex*,GtMathPs2::CGtV3d,GtMathPs2::CGtV3d,GtMathPs2::CGtV3d,GtMathPs2::CGtV3d,GtMat",B3VehicleDeform.cpp
0038c400,280,CB3VehicleDeform,"GetIKAngles(float,float,float,float*,float*,float*,float*)",B3VehicleDeform.cpp
0038c520,1348,CB3VehicleDeform,"Reset(CB3VehicleEssentialParams*,CB3VehicleParams*)",B3VehicleDeform.cpp
0038ca70,208,CB3VehicleDeform,"Prepare(CB3VehicleEssentialParams*,CB3VehicleParams*)",B3VehicleDeform.cpp
0038cb40,520,CB3VehicleDeform,"GetDefaultCornerHeights(CB3ConvexHull*,float*)",B3VehicleDeform.cpp
0038cd50,104,CB3VehicleDeform,Construct(),B3VehicleDeform.cpp
0038cdc0,2440,CB3VehicleDeform,"Impact(CB3VehiclePhysics*,CB3VehicleEssentialParams*,CB3VehicleParams*,ETrafficVehicleCategories,EB3ActiveBod",B3VehicleDeform.cpp
0038d750,240,CB3VehicleDeform,CheckForDeformationRepairing(EVirtualBoneIndex),B3VehicleDeform.cpp
0038d840,220,CB3VehicleDeform,"AddResidual(GtMathPs2::CGtV3d,GtMathPs2::CGtV3d,float)",B3VehicleDeform.cpp
0038d920,292,CB3VehicleDeform,Update(),B3VehicleDeform.cpp
0038da50,6852,CB3VehicleDeform,ImpactBody(),B3VehicleDeform.cpp
0038f520,10296,CB3VehicleDeform,SidewaysDeformation(),B3VehicleDeform.cpp
00391d60,496,CB3VehicleDeform,GetPivotPos(EVirtualBoneIndex),B3VehicleDeform.cpp
00391f50,900,CB3VehicleDeform,"GetAxisAngleBetweenAtVectors(GtMathPs2::CGtV3d,GtMathPs2::CGtV3d,float*)",B3VehicleDeform.cpp
003922e0,1200,CB3VehicleDeform,RotateAndScaleCornerBonesToPointToRestOfCar(bool),B3VehicleDeform.cpp
00392790,528,CB3VehicleDeform,UpdateDamageStates(),B3VehicleDeform.cpp
003929a0,2012,CB3VehicleDeform,UpdateAttachState(),B3VehicleDeform.cpp
00393180,252,CB3VehicleDeform,GetClosestBitToPoint(const GtMathPs2::CGtV3d*),B3VehicleDeform.cpp
00393280,1460,CB3VehicleDeform,"UpdateFlyingBitsBones(float,float)",B3VehicleDeform.cpp
00393840,2480,CB3VehicleDeform,UpdateFlyingBits(),B3VehicleDeform.cpp
003941f0,632,CB3VehicleDeform,"ImpactFlyingBit(CB3VehiclePhysics*,int,float,float)",B3VehicleDeform.cpp
00394470,1544,CB3VehicleDeform,"ImpactRoadRage(CB3VehiclePhysics*,int,float,float)",B3VehicleDeform.cpp
00394a80,2044,CB3VehicleDeform,"DeformBumperLikeThing(EVehicleFlyingBit,EVirtualBoneIndex,EVirtualBoneIndex,EVirtualBoneIndex,float)",B3VehicleDeform.cpp
00395280,4244,CB3VehicleDeform,"DeformBonnet(float,float,bool)",B3VehicleDeform.cpp
00396320,1128,CB3VehicleDeform,"GetNewBonnetLengths(float,bool,float*,float*)",B3VehicleDeform.cpp
00396790,3080,CB3VehicleDeform,"DeformDoor(EVehicleFlyingBit,float,float)",B3VehicleDeform.cpp
003973a0,1592,CB3VehicleDeform,"DeformRoof(float,float)",B3VehicleDeform.cpp
003979e0,56,CB3VehicleDeform,"GetFlyingObjectIndex(CB3VehicleData*,EVehicleFlyingBit)",B3VehicleDeform.cpp
00397a20,1768,CB3VehicleDeform,"SetVirtualBoneMatrix(EVirtualBoneIndex,GtMathPs2::CGtMatrix3x4*)",B3VehicleDeform.cpp
00398110,1060,CB3VehicleDeform,"GetClampBox(EVirtualBoneIndex,CGtAxisAlignedBox*)",B3VehicleDeform.cpp
00398540,308,CB3VehicleDeform,"GetWindscreenPos(bool,bool)",B3VehicleDeform.cpp
00398680,620,CB3VehicleDeform,"GetVirtualBones(GtMathPs2::CGtV3d,signed char*,signed char*,float*)",B3VehicleDeform.cpp
003988f0,700,CB3VehicleDeform,GetDefaultVirtualBoneMatrix(EVirtualBoneIndex),B3VehicleDeform.cpp
00398bb0,844,CB3VehicleDeform,GetVirtualBoneMatrix(EVirtualBoneIndex),B3VehicleDeform.cpp
00398f00,8,CB3ConvexHullVertex,CB3ConvexHullVertex(),B3VehicleDeform.cpp
00398f10,504,CB3MemoryManager,GetBlockSize(EB3MemoryBlock) const,B3MemoryManager.cpp
00399110,124,CB3MemoryManager,"QueryBlock(EB3MemoryBlock,int) const",B3MemoryManager.cpp
00399190,588,CB3MemoryManager,"ReleaseBlock(EB3MemoryBlock,int)",B3MemoryManager.cpp
003993e0,2364,CB3MemoryManager,"AcquireBlock(EB3MemoryBlock,int)",B3MemoryManager.cpp
00399d20,12,CB3MemoryManager,ReleaseMemoryLayout(),B3MemoryManager.cpp
00399d30,56,CB3MemoryManager,AcquireMemoryLayout(EB3MemoryLayout),B3MemoryManager.cpp
00399d70,780,CB3MemoryManager,Update(),B3MemoryManager.cpp
0039a080,8,CB3ManagedMemoryBlock,GetBlockSize() const,B3MemoryManager.cpp
0039a090,28,CB3ManagedMemoryBlock,Update(int),B3MemoryManager.cpp
0039a0b0,12,CB3ManagedMemoryBlock,ReleaseMemoryBlock(int),B3MemoryManager.cpp
0039a0c0,64,CB3ManagedMemoryBlock,GetMemoryBlock(int),B3MemoryManager.cpp
0039a100,20,CB3ManagedMemoryBlock,"Construct(void*,int,int)",B3MemoryManager.cpp
0039a120,112,CB3HardCodedCrashStageList,GetCrashStageTrackID(unsigned long),B3HardCodedCrashStageList.cpp
0039a190,196,CB3HardCodedCrashStageList,"GetNumUnlockedVariantsOnThisJunction(EB3TrackRegion,int,int)",B3HardCodedCrashStageList.cpp
0039a260,160,CB3HardCodedCrashStageList,"GetNumVariantsOnThisJunction(EB3TrackRegion,int,int)",B3HardCodedCrashStageList.cpp
0039a300,100,CB3HardCodedCrashStageList,"GetNumStagesOnThisTrack(EB3TrackRegion,int)",B3HardCodedCrashStageList.cpp
0039a370,36,CB3HardCodedCrashStageList,"IsVariantOnThisJunction(EB3TrackRegion,int,int)",B3HardCodedCrashStageList.cpp
0039a3a0,232,CB3HardCodedCrashStageList,"IsChallengeOnThisCircuit(EB3TrackRegion,int,int)",B3HardCodedCrashStageList.cpp
0039a490,140,CB3HardCodedCrashStageList,"IsCorrectRegion(EB3TrackRegion,int)",B3HardCodedCrashStageList.cpp
0039a520,28,CB3HardCodedCrashStageList,"GetCrashStageName(int,bool)",B3HardCodedCrashStageList.cpp
0039a540,84,CB3HardCodedCrashStageList,FindCrashStageName(unsigned long),B3HardCodedCrashStageList.cpp
0039a5a0,24,CB3HardCodedCrashStageList,GetCrashStageGtID(int),B3HardCodedCrashStageList.cpp
0039a5c0,60,CB3HardCodedCrashStageList,FindCrashStage(unsigned long),B3HardCodedCrashStageList.cpp
0039a600,256,CB3HardCodedCrashStageList,Prepare(),B3HardCodedCrashStageList.cpp
0039a700,304,CB3HardCodedRaceStageList,"AllRacesComplete(int,CB3Profile*)",B3HardCodedRaceStageList.cpp
0039a830,216,CB3HardCodedRaceStageList,GetChallengeType(int),B3HardCodedRaceStageList.cpp
0039a910,112,CB3HardCodedRaceStageList,GetStageTrackID(unsigned long),B3HardCodedRaceStageList.cpp
0039a980,184,CB3HardCodedRaceStageList,FindProgressionChallenge(int),B3HardCodedRaceStageList.cpp
0039aa40,132,CB3HardCodedRaceStageList,"GetStageTypeString(int,int)",B3HardCodedRaceStageList.cpp
0039aad0,308,CB3HardCodedRaceStageList,"IsChallengeOnThisCircuit(EB3TrackRegion,int,int)",B3HardCodedRaceStageList.cpp
0039ac10,220,CB3HardCodedRaceStageList,"IsCorrectRegion(EB3TrackRegion,int)",B3HardCodedRaceStageList.cpp
0039acf0,20,CB3HardCodedRaceStageList,DoesChallengeUnlockTracks(int),B3HardCodedRaceStageList.cpp
0039ad10,80,CB3HardCodedRaceStageList,"GetStageGtID(int,int)",B3HardCodedRaceStageList.cpp
0039ad60,184,CB3HardCodedRaceStageList,"FindLocalStageIndex(unsigned long,int)",B3HardCodedRaceStageList.cpp
0039ae20,72,CB3HardCodedRaceStageList,GetNumStagesInChallenge(int),B3HardCodedRaceStageList.cpp
0039ae70,216,CB3HardCodedRaceStageList,FindChallengeIndex(unsigned long),B3HardCodedRaceStageList.cpp
0039af50,108,CB3HardCodedRaceStageList,"GetBezierData(EB3TrackRegion,int,CGtBezierSection**,int*)",B3HardCodedRaceStageList.cpp
0039afc0,64,CB3HardCodedRaceStageList,GetNumRaceCircuitsInThisRegion(EB3TrackRegion),B3HardCodedRaceStageList.cpp
0039b000,288,CB3HardCodedRaceStageList,Prepare(),B3HardCodedRaceStageList.cpp
0039b120,132,CB3HardCodedTrackList,"GetPayloadsForTrack(unsigned long,unsigned char*,unsigned char*,unsigned char*)",B3HardCodedTrackList.cpp
0039b1b0,112,CB3HardCodedTrackList,GetTrackRegion(int),B3HardCodedTrackList.cpp
0039b220,84,CB3HardCodedTrackList,"GetTrackString(int,bool)",B3HardCodedTrackList.cpp
0039b280,24,CB3HardCodedTrackList,GetTrackGtID(int),B3HardCodedTrackList.cpp
0039b2a0,60,CB3HardCodedTrackList,FindTrack(unsigned long),B3HardCodedTrackList.cpp
0039b2e0,84,CB3HardCodedVehicleList,"GetTrafficVehicleString(int,bool)",B3HardCodedVehicleList.cpp
0039b340,60,CB3HardCodedVehicleList,FindTrafficVehicle(unsigned long),B3HardCodedVehicleList.cpp
0039b380,84,CB3HardCodedVehicleList,"GetRaceVehicleString(int,bool)",B3HardCodedVehicleList.cpp
0039b3e0,52,CB3HardCodedVehicleList,GetRaceVehicleUnlockValue(int),B3HardCodedVehicleList.cpp
0039b420,52,CB3HardCodedVehicleList,GetRaceVehicleUnlockType(int),B3HardCodedVehicleList.cpp
0039b460,24,CB3HardCodedVehicleList,GetRaceVehicleSeries(int),B3HardCodedVehicleList.cpp
0039b480,60,CB3HardCodedVehicleList,GetRaceVehicleGtID(int),B3HardCodedVehicleList.cpp
0039b4c0,60,CB3HardCodedVehicleList,FindRaceVehicle(unsigned long),B3HardCodedVehicleList.cpp
0039b500,912,CB3MyBurnoutProfileLoadState,"Action(EGtStateAction,void*,void*,void*)",B3MyBurnoutProfileLoadState.cpp
0039b890,260,CB3MyBurnoutProfileRenameState,"Action(EGtStateAction,void*,void*,void*)",B3MyBurnoutProfileRenameState.cpp
0039b9a0,1052,CB3MyBurnoutProfileSaveState,"Action(EGtStateAction,void*,void*,void*)",B3MyBurnoutProfileSaveState.cpp
0039bdc0,1008,CB3MyBurnoutProfileState,"Action(EGtStateAction,void*,void*,void*)",B3MyBurnoutProfileState.cpp
0039c1b0,264,CB3MyBurnoutProgressState,"Action(EGtStateAction,void*,void*,void*)",B3MyBurnoutProgressState.cpp
0039c2c0,404,CB3MyBurnoutRecordsState,"Action(EGtStateAction,void*,void*,void*)",B3MyBurnoutRecordsState.cpp
0039c460,536,CB3MyBurnoutRewardsState,"Action(EGtStateAction,void*,void*,void*)",B3MyBurnoutRewardsState.cpp
0039c680,296,CB3MyBurnoutSettingsAudioState,"Action(EGtStateAction,void*,void*,void*)",B3MyBurnoutSettingsAudioState.cpp
0039c7b0,272,CB3MyBurnoutSettingsControllerState,"Action(EGtStateAction,void*,void*,void*)",B3MyBurnoutSettingsControllerState.cpp
0039c8c0,368,CB3MyBurnoutSettingsState,"Action(EGtStateAction,void*,void*,void*)",B3MyBurnoutSettingsState.cpp
0039ca30,384,CB3MyBurnoutSettingsVideoState,"Action(EGtStateAction,void*,void*,void*)",B3MyBurnoutSettingsVideoState.cpp
0039cbb0,1132,CB3MyBurnoutProfileCreateNewState,"Action(EGtStateAction,void*,void*,void*)",B3MyBurnoutProfileCreateNewState.cpp
0039d020,940,CB3MyBurnoutProfileLoadPage,"SetMenuOptions(CB3MyBurnoutProfileLoadPage::EMenuOptions,int)",B3MyBurnoutProfileLoadPage.cpp
0039d3d0,616,CB3MyBurnoutProfileLoadPage,ShowMessage(ELoadProfilePageMessages),B3MyBurnoutProfileLoadPage.cpp
0039d640,404,CB3MyBurnoutProfileLoadPage,ProcessMemoryCardEvent(EB3MenuFlowFSMEvents),B3MyBurnoutProfileLoadPage.cpp
0039d7e0,12,CB3MyBurnoutProfileLoadPage,Release(),B3MyBurnoutProfileLoadPage.cpp
0039d7f0,1700,CB3MyBurnoutProfileLoadPage,Update(),B3MyBurnoutProfileLoadPage.cpp
0039dea0,248,CB3MyBurnoutProfileLoadPage,Prepare(),B3MyBurnoutProfileLoadPage.cpp
0039dfa0,144,CGtUnicode,"PrintString<Ui>(unsigned short*,const unsigned short*,const unsigned int&)",B3MyBurnoutProfileLoadPage.cpp
0039e030,8,CB3MyBurnoutProfilePage,Release(),B3MyBurnoutProfilePage.cpp
0039e040,304,CB3MyBurnoutProfilePage,Update(),B3MyBurnoutProfilePage.cpp
0039e170,312,CB3MyBurnoutProfilePage,Prepare(),B3MyBurnoutProfilePage.cpp
0039e2b0,8,CB3MyBurnoutProfilePage,Construct(),B3MyBurnoutProfilePage.cpp
0039e2c0,8,CB3MyBurnoutProfileRenamePage,Release(),B3MyBurnoutProfileRenamePage.cpp
0039e2d0,128,CB3MyBurnoutProfileRenamePage,Update(),B3MyBurnoutProfileRenamePage.cpp
0039e350,156,CB3MyBurnoutProfileRenamePage,Prepare(),B3MyBurnoutProfileRenamePage.cpp
0039e3f0,844,CB3MyBurnoutProfileSavePage,"SetMenuOptions(CB3MyBurnoutProfileSavePage::EMenuOptions,int)",B3MyBurnoutProfileSavePage.cpp
0039e740,8,CB3MyBurnoutProfileSavePage,OnKeyboardShow(),B3MyBurnoutProfileSavePage.cpp
0039e750,104,CB3MyBurnoutProfileSavePage,OnKeyboardCancel(),B3MyBurnoutProfileSavePage.cpp
0039e7c0,164,CB3MyBurnoutProfileSavePage,OnKeyboardDone(),B3MyBurnoutProfileSavePage.cpp
0039e870,680,CB3MyBurnoutProfileSavePage,ProcessMemoryCardEvent(EB3MenuFlowFSMEvents),B3MyBurnoutProfileSavePage.cpp
0039eb20,988,CB3MyBurnoutProfileSavePage,ShowMessage(ESaveProfilePageMessages),B3MyBurnoutProfileSavePage.cpp
0039ef00,44,CB3MyBurnoutProfileSavePage,Release(),B3MyBurnoutProfileSavePage.cpp
0039ef30,3288,CB3MyBurnoutProfileSavePage,Update(),B3MyBurnoutProfileSavePage.cpp
0039fc10,144,CB3MyBurnoutProfileSavePage,Prepare(),B3MyBurnoutProfileSavePage.cpp
0039fca0,1640,CB3MyBurnoutProgressPage,PrepareMap(EMedalEventType),B3MyBurnoutProgressPage.cpp
003a0310,8,CB3MyBurnoutProgressPage,Release(),B3MyBurnoutProgressPage.cpp
003a0320,244,CB3MyBurnoutProgressPage,Update(),B3MyBurnoutProgressPage.cpp
003a0420,412,CB3MyBurnoutProgressPage,Prepare(),B3MyBurnoutProgressPage.cpp
003a05c0,8,CB3MyBurnoutRecordsPage,Release(),B3MyBurnoutRecordsPage.cpp
003a05d0,188,CB3MyBurnoutRecordsPage,Update(),B3MyBurnoutRecordsPage.cpp
003a0690,164,CB3MyBurnoutRecordsPage,"Prepare(ERecordType,unsigned long)",B3MyBurnoutRecordsPage.cpp
003a0740,536,CB3MyBurnoutRewardsCarPage,PrepareStats(),B3MyBurnoutRewardsCarPage.cpp
003a0960,8,CB3MyBurnoutRewardsCarPage,Release(),B3MyBurnoutRewardsCarPage.cpp
003a0970,216,CB3MyBurnoutRewardsCarPage,Update(),B3MyBurnoutRewardsCarPage.cpp
003a0a50,100,CB3MyBurnoutRewardsCarPage,Prepare(),B3MyBurnoutRewardsCarPage.cpp
003a0ac0,8,CB3MyBurnoutRewardsCheatsPage,Release(),B3MyBurnoutRewardsCheatsPage.cpp
003a0ad0,216,CB3MyBurnoutRewardsCheatsPage,Update(),B3MyBurnoutRewardsCheatsPage.cpp
003a0bb0,492,CB3MyBurnoutRewardsCheatsPage,Prepare(),B3MyBurnoutRewardsCheatsPage.cpp
003a0da0,12,CB3MyBurnoutRewardsHeadlinesPage,Release(),B3MyBurnoutRewardsHeadlinesPage.cpp
003a0db0,668,CB3MyBurnoutRewardsHeadlinesPage,Update(),B3MyBurnoutRewardsHeadlinesPage.cpp
003a1050,384,CB3MyBurnoutRewardsHeadlinesPage,Prepare(EB3RewardImageType),B3MyBurnoutRewardsHeadlinesPage.cpp
003a11d0,8,CB3MyBurnoutRewardsPage,Release(),B3MyBurnoutRewardsPage.cpp
003a11e0,272,CB3MyBurnoutRewardsPage,Update(),B3MyBurnoutRewardsPage.cpp
003a12f0,340,CB3MyBurnoutRewardsPage,Prepare(),B3MyBurnoutRewardsPage.cpp
003a1450,8,CB3MyBurnoutRewardsPage,Construct(),B3MyBurnoutRewardsPage.cpp
003a1460,7000,CB3MyBurnoutRewardsStatsPage,PrepareStats(),B3MyBurnoutRewardsStatsPage.cpp
003a2fc0,8,CB3MyBurnoutRewardsStatsPage,Release(),B3MyBurnoutRewardsStatsPage.cpp
003a2fd0,216,CB3MyBurnoutRewardsStatsPage,Update(),B3MyBurnoutRewardsStatsPage.cpp
003a30b0,100,CB3MyBurnoutRewardsStatsPage,Prepare(),B3MyBurnoutRewardsStatsPage.cpp
003a3120,8,CB3MyBurnoutRewardsTrophiesPage,Release(),B3MyBurnoutRewardsTrophiesPage.cpp
003a3130,596,CB3MyBurnoutRewardsTrophiesPage,Update(),B3MyBurnoutRewardsTrophiesPage.cpp
003a3390,120,CB3MyBurnoutRewardsTrophiesPage,Prepare(),B3MyBurnoutRewardsTrophiesPage.cpp
003a3410,8,CB3MyBurnoutSettingsAudioPage,Release(),B3MyBurnoutSettingsAudioPage.cpp
003a3420,252,CB3MyBurnoutSettingsAudioPage,Update(),B3MyBurnoutSettingsAudioPage.cpp
003a3520,264,CB3MyBurnoutSettingsAudioPage,Prepare(),B3MyBurnoutSettingsAudioPage.cpp
003a3630,8,CB3MyBurnoutSettingsAudioPage,Construct(),B3MyBurnoutSettingsAudioPage.cpp
003a3640,8,CB3MyBurnoutSettingsControllerPage,Release(),B3MyBurnoutSettingsControllerPage.cpp
003a3650,132,CB3MyBurnoutSettingsControllerPage,Update(),B3MyBurnoutSettingsControllerPage.cpp
003a36e0,176,CB3MyBurnoutSettingsControllerPage,Prepare(),B3MyBurnoutSettingsControllerPage.cpp
003a3790,12,CB3MyBurnoutSettingsControllerPage,Construct(),B3MyBurnoutSettingsControllerPage.cpp
003a37a0,8,CB3MyBurnoutSettingsPage,Release(),B3MyBurnoutSettingsPage.cpp
003a37b0,908,CB3MyBurnoutSettingsPage,Update(),B3MyBurnoutSettingsPage.cpp
003a3b40,484,CB3MyBurnoutSettingsPage,Prepare(),B3MyBurnoutSettingsPage.cpp
003a3d30,8,CB3MyBurnoutSettingsPlaylistEditPage,Release(),B3MyBurnoutSettingsPlayListEditPage.cpp
003a3d40,128,CB3MyBurnoutSettingsPlaylistEditPage,Update(),B3MyBurnoutSettingsPlayListEditPage.cpp
003a3dc0,8,CB3MyBurnoutSettingsScreenPosPage,Release(),B3MyBurnoutSettingsScreenPosPage.cpp
003a3dd0,128,CB3MyBurnoutSettingsScreenPosPage,Update(),B3MyBurnoutSettingsScreenPosPage.cpp
003a3e50,156,CB3MyBurnoutSettingsScreenPosPage,Prepare(),B3MyBurnoutSettingsScreenPosPage.cpp
003a3ef0,8,CB3MyBurnoutSettingsVideoPage,Release(),B3MyBurnoutSettingsVideoPage.cpp
003a3f00,296,CB3MyBurnoutSettingsVideoPage,Update(),B3MyBurnoutSettingsVideoPage.cpp
003a4030,248,CB3MyBurnoutSettingsVideoPage,Prepare(),B3MyBurnoutSettingsVideoPage.cpp
003a4130,8,CB3MyBurnoutSettingsVideoPage,Construct(),B3MyBurnoutSettingsVideoPage.cpp
003a4140,948,CB3MyBurnoutProfileCreateNewPage,"SetMenuOptions(CB3MyBurnoutProfileCreateNewPage::EMenuOptions,int)",B3MyBurnoutProfileCreateNewPage.cpp
003a4500,8,CB3MyBurnoutProfileCreateNewPage,OnKeyboardShow(),B3MyBurnoutProfileCreateNewPage.cpp
003a4510,120,CB3MyBurnoutProfileCreateNewPage,OnKeyboardCancel(),B3MyBurnoutProfileCreateNewPage.cpp
003a4590,116,CB3MyBurnoutProfileCreateNewPage,OnKeyboardDone(),B3MyBurnoutProfileCreateNewPage.cpp
003a4610,676,CB3MyBurnoutProfileCreateNewPage,ProcessMemoryCardEvent(EB3MenuFlowFSMEvents),B3MyBurnoutProfileCreateNewPage.cpp
003a48c0,1228,CB3MyBurnoutProfileCreateNewPage,ShowMessage(ENewProfilePageMessages),B3MyBurnoutProfileCreateNewPage.cpp
003a4d90,44,CB3MyBurnoutProfileCreateNewPage,Release(),B3MyBurnoutProfileCreateNewPage.cpp
003a4dc0,3668,CB3MyBurnoutProfileCreateNewPage,Update(),B3MyBurnoutProfileCreateNewPage.cpp
003a5c20,352,CB3MyBurnoutProfileCreateNewPage,Prepare(),B3MyBurnoutProfileCreateNewPage.cpp
003a5d80,204,CB3HardCodedTrackRegionList,"IsRegionUnlocked(EB3TrackRegion,CB3Profile*)",B3HardCodedTrackRegionList.cpp
003a5e50,100,CB3HardCodedTrackRegionList,"GetZoomHeight(EB3TrackRegion,int)",B3HardCodedTrackRegionList.cpp
003a5ec0,212,CB3HardCodedTrackRegionList,"GetZoomBottomRight(EB3TrackRegion,int)",B3HardCodedTrackRegionList.cpp
003a5fa0,152,CB3HardCodedTrackRegionList,"GetZoomTopLeft(EB3TrackRegion,int)",B3HardCodedTrackRegionList.cpp
003a6040,32,CB3HardCodedTrackRegionList,"GetFakeMipImage(EB3TrackRegion,int)",B3HardCodedTrackRegionList.cpp
003a6060,32,CB3HardCodedTrackRegionList,"GetZoomImage(EB3TrackRegion,int)",B3HardCodedTrackRegionList.cpp
003a6080,40,CB3HardCodedTrackRegionList,"GetSatMapImage(EB3TrackRegion,int)",B3HardCodedTrackRegionList.cpp
003a60b0,84,CB3HardCodedTrackRegionList,"GetTrackIconString(EB3TrackRegion,int)",B3HardCodedTrackRegionList.cpp
003a6110,100,CB3HardCodedTrackRegionList,"GetTrackIconPulseImage(EB3TrackRegion,int)",B3HardCodedTrackRegionList.cpp
003a6180,100,CB3HardCodedTrackRegionList,"GetTrackIconImage(EB3TrackRegion,int)",B3HardCodedTrackRegionList.cpp
003a61f0,144,CB3HardCodedTrackRegionList,"GetTrackIconPos(EB3TrackRegion,int,bool)",B3HardCodedTrackRegionList.cpp
003a6280,64,CB3HardCodedTrackRegionList,GetNumTrackIconPos(EB3TrackRegion),B3HardCodedTrackRegionList.cpp
003a62c0,80,CB3HardCodedTrackRegionList,"GetTrackRegionString(EB3TrackRegion,bool)",B3HardCodedTrackRegionList.cpp
003a6310,8,CB3CrashDemoMainMenuPage,Release(),B3CrashDemoMainMenuPage.cpp
003a6320,248,CB3CrashDemoMainMenuPage,Update(),B3CrashDemoMainMenuPage.cpp
003a6420,8,CB3CrashDemoRaceIntroPage,Release(),B3CrashDemoRaceIntroPage.cpp
003a6430,72,CB3CrashDemoRaceIntroPage,Update(),B3CrashDemoRaceIntroPage.cpp
003a6480,8,CB3InGameSettingsPage,Release(),B3InGameSettingsPage.cpp
003a6490,1236,CB3InGameSettingsPage,Update(),B3InGameSettingsPage.cpp
003a6970,576,CB3InGameSettingsPage,Prepare(),B3InGameSettingsPage.cpp
003a6bb0,24,CB3InGameSettingsPage,Construct(),B3InGameSettingsPage.cpp
003a6bd0,448,CB3InGameSettingsState,"Action(EGtStateAction,void*,void*,void*)",B3InGameSettingsState.cpp
003a6d90,24,CB3HardCodedCheatList,GetCheatUnlockString(int),B3HardCodedCheatList.cpp
003a6db0,24,CB3HardCodedCheatList,GetCheatUnlock(int),B3HardCodedCheatList.cpp
003a6dd0,24,CB3HardCodedHeadlineList,GetHeadlineCrashDamage(int),B3HardCodedHeadlineList.cpp
003a6df0,24,CB3HardCodedHeadlineList,GetHeadlineHelpString(int),B3HardCodedHeadlineList.cpp
003a6e10,24,CB3HardCodedHeadlineList,GetHeadlineString(int),B3HardCodedHeadlineList.cpp
003a6e30,24,CB3HardCodedSpecialEventList,GetSpecialEventString(int),B3HardCodedSpecialEventList.cpp
003a6e50,24,CB3HardCodedSpecialEventList,GetSpecialEventChallengeIndex(int),B3HardCodedSpecialEventList.cpp
003a6e70,24,CB3HardCodedTakedownList,GetTakedownImage(int),B3HardCodedTakedownList.cpp
003a6e90,24,CB3HardCodedTakedownList,GetTakedownString(int),B3HardCodedTakedownList.cpp
003a6eb0,20,CB3HardCodedTakedownList,GetTakedownTrackIndex(int),B3HardCodedTakedownList.cpp
003a6ed0,24,CB3HardCodedTrophyList,GetTrophySpecialCondition(int),B3HardCodedTrophyList.cpp
003a6ef0,20,CB3HardCodedTrophyList,GetTrophyTrackIndex(int),B3HardCodedTrophyList.cpp
003a6f10,24,CB3HardCodedTrophyList,GetTrophyActionAmount(int),B3HardCodedTrophyList.cpp
003a6f30,24,CB3HardCodedTrophyList,GetTrophyAction(int),B3HardCodedTrophyList.cpp
003a6f50,24,CB3HardCodedTrophyList,GetTrophyString(int),B3HardCodedTrophyList.cpp
003a6f70,44,CB3HardCodedTrophyList,GetTrophyDifficultyString(int),B3HardCodedTrophyList.cpp
003a6fa0,24,CB3HardCodedTrophyList,GetTrophyDifficulty(int),B3HardCodedTrophyList.cpp
003a6fc0,24,CB3HardCodedTrophyList,GetTrophyRaceVehicleSeriesRestriction(int),B3HardCodedTrophyList.cpp
003a6fe0,8,CB3RewardImageComponent,ReleaseCache(),B3RewardImageComponent.cpp
003a6ff0,108,CB3RewardImageComponent,Release(),B3RewardImageComponent.cpp
003a7060,8,CB3RewardImageComponent,Update(float),B3RewardImageComponent.cpp
003a7070,772,CB3RewardImageComponent,"Prepare(EB3RewardPageType,EB3RewardImageType,int)",B3RewardImageComponent.cpp
003a7380,192,CB3RewardImageComponent,PrepareStrings(),B3RewardImageComponent.cpp
003a7440,168,CB3RewardImageComponent,"GetLockedRewardString(EB3RewardImageType,int)",B3RewardImageComponent.cpp
003a74f0,188,CB3RewardImageComponent,"GetUnlockedRewardString(EB3RewardImageType,int)",B3RewardImageComponent.cpp
003a75b0,52,CB3RewardImageComponent,Construct(),B3RewardImageComponent.cpp
003a75f0,220,CB3OnlineEndOfRaceState,AddFakeResults(),B3OnlineEndOfRaceState.cpp
003a76d0,888,CB3OnlineEndOfRaceState,"DealWithSecondResultsPageEvent(EGtStateAction,void*,void*,void*)",B3OnlineEndOfRaceState.cpp
003a7a50,728,CB3OnlineEndOfRaceState,EnterSecondResultsPage(),B3OnlineEndOfRaceState.cpp
003a7d30,504,CB3OnlineEndOfRaceState,EnterFirstResultsPage(),B3OnlineEndOfRaceState.cpp
003a7f30,640,CB3OnlineEndOfRaceState,AddRaceTimesToSecondResultsPage(),B3OnlineEndOfRaceState.cpp
003a81b0,1016,CB3OnlineEndOfRaceState,"Action(EGtStateAction,void*,void*,void*)",B3OnlineEndOfRaceState.cpp
003a85b0,1732,CB3OnlineEndOfRaceState,"AddRaceTimes(CB3ResultsPage*,bool)",B3OnlineEndOfRaceState.cpp
003a8c80,8,CB3SoundRadio,EnableRadioDJ(int),B3SoundRadio.cpp
003a8c90,8,CB3SoundRadio,SetRadioVolume(float),B3SoundRadio.cpp
003a8ca0,8,CB3SoundRadio,SetCrashNavMode(CB3SoundRadio::EB3RadioCrashNavState),B3SoundRadio.cpp
003a8cb0,8,CB3SoundRadio,SetMode(CB3SoundRadio::EB3RadioMode),B3SoundRadio.cpp
003a8cc0,8,CB3SoundRadio,Destruct(),B3SoundRadio.cpp
003a8cd0,8,CB3SoundRadio,Release(),B3SoundRadio.cpp
003a8ce0,8,CB3SoundRadio,Update(),B3SoundRadio.cpp
003a8cf0,8,CB3SoundRadio,Prepare(),B3SoundRadio.cpp
003a8d00,8,CB3SoundRadio,Construct(),B3SoundRadio.cpp
003a8d10,36,CB3SoundMusicManager,"SetSongPlayFlagsByIndex(int,CB3SoundMusicSoundtrack*,unsigned char)",B3SoundMusicManager.cpp
003a8d40,36,CB3SoundMusicManager,"GetSongByIndex(int,CB3SoundMusicSoundtrack*,CB3SoundMusicSong*,char*,int)",B3SoundMusicManager.cpp
003a8d70,20,CB3SoundMusicManager,"GetSoundtrackByIndex(int,CB3SoundMusicSoundtrack*)",B3SoundMusicManager.cpp
003a8d90,8,CB3SoundMusicManager,SetSong(int),B3SoundMusicManager.cpp
003a8da0,20,CB3SoundMusicManager,"GetSoundtrack(CB3SoundMusicSoundtrack**,int*,EB3MusicManagerSoundtrackPlayMode*)",B3SoundMusicManager.cpp
003a8dc0,8,CB3SoundMusicManager,"SetSoundtrack(CB3SoundMusicSoundtrack*,int,EB3MusicManagerSoundtrackPlayMode)",B3SoundMusicManager.cpp
003a8dd0,8,CB3SoundMusicManager,Stop(),B3SoundMusicManager.cpp
003a8de0,8,CB3SoundMusicManager,Play(),B3SoundMusicManager.cpp
003a8df0,1836,CB3OnlineCrashResultsPage,"AddPlayerResultToTable(int,int)",B3OnlineCrashResultsPage.cpp
003a9520,1124,CB3OnlineCrashResultsPage,PrepareTable(),B3OnlineCrashResultsPage.cpp
003a9990,88,CB3OnlineCrashResultsPage,"_QSortCallback(const void*,const void*)",B3OnlineCrashResultsPage.cpp
003a99f0,912,CB3OnlineCrashResultsPage,AddRaceTime(const CB3ResultsData*),B3OnlineCrashResultsPage.cpp
003a9d80,8,CB3OnlineCrashResultsPage,Release(),B3OnlineCrashResultsPage.cpp
003a9d90,408,CB3OnlineCrashResultsPage,Update(),B3OnlineCrashResultsPage.cpp
003a9f30,156,CB3OnlineCrashResultsPage,SetPrompts(unsigned int),B3OnlineCrashResultsPage.cpp
003a9fd0,404,CB3OnlineCrashResultsPage,"Prepare(EGlobalStrings,bool,bool,unsigned int)",B3OnlineCrashResultsPage.cpp
003aa170,168,CB3MemCardController,"StringToShiftJIS(unsigned short*,const char*)",B3MemoryCardControllerPS2.cpp
003aa220,360,CB3MemCardController,Construct(),B3MemoryCardControllerPS2.cpp
003aa390,188,CB3MemCardMasterFSM,"Construct(void*,const CGtStateOffset*,CGtTimer*)",B3MemoryCardFSMPS2.cpp
003aa450,1424,CB3MCMasterBootCheckState,"Action(EGtStateAction,void*,void*,void*)",B3MemoryCardFSMPS2.cpp
003aa9e0,1984,CB3MCMasterLoadingState,"Action(EGtStateAction,void*,void*,void*)",B3MemoryCardFSMPS2.cpp
003ab1a0,748,CB3MCMasterSavingState,"Action(EGtStateAction,void*,void*,void*)",B3MemoryCardFSMPS2.cpp
003ab490,1852,CB3MCMasterPreSaveCheckState,"Action(EGtStateAction,void*,void*,void*)",B3MemoryCardFSMPS2.cpp
003abbd0,176,CB3MCMasterIdleState,"Action(EGtStateAction,void*,void*,void*)",B3MemoryCardFSMPS2.cpp
003c35d0,8,CB3OnlineUploadResultsPage,Release(),B3OnlineUploadResultsPage.cpp
003c35e0,300,CB3OnlineUploadResultsPage,Update(),B3OnlineUploadResultsPage.cpp
003c3710,248,CB3OnlineUploadResultsPage,Prepare(),B3OnlineUploadResultsPage.cpp
003c3810,8,CB3SoundStaticPassManager,Release(),B3SoundStaticPassManager.cpp
003c3820,1204,CB3SoundStaticPassManager,Update(),B3SoundStaticPassManager.cpp
003c3ce0,16,CB3SoundStaticPassManager,Prepare(),B3SoundStaticPassManager.cpp
003c3cf0,268,CGtWideLine,"ConvertPointListToWideLine(CGtWideLinePoint*,int,float,GtMathPs2::CGtV2d*,GtMathPs2::CGtV2d*)",GtWideLine.cpp
003c3e00,728,CGt2dBezierCurve,"_RenderCurveSection(const CGt2dObject::CGt2dObjectSpace&,const void*,CGtBezierSection*,CGtTexture*,GtMathPs2:",Gt2dBezierCurve.cpp
003c40e0,544,CGt2dBezierCurve,"_SubdivideCurveSection(CGtBezierSection*,CGtBezierSection*,CGtBezierSection*)",Gt2dBezierCurve.cpp
003c4300,396,CGt2dBezierCurve,"_DrawBezierSpline(const CGt2dObject::CGt2dObjectSpace&,const void*,CGtBezierSection*,CGtTexture*,GtMathPs2::C",Gt2dBezierCurve.cpp
003c4490,144,CGt2dBezierCurve,"_Render(const CGt2dObject::CGt2dObjectSpace&,const void*)",Gt2dBezierCurve.cpp
003c4520,160,CGt2dBezierCurve,"_ComputeSize(CGtBezierCurveRenderData*,GtMathPs2::CGtV2d*)",Gt2dBezierCurve.cpp
003c45c0,348,CGt2dBezierCurve,"Prepare(const GtMathPs2::CGtV2d&,const GtMathPs2::CGtV2d&,GtMathPs2::CGtV4d,CGtBezierCurveRenderData*,float,C",Gt2dBezierCurve.cpp
003c4720,696,CB3ServerDisconnectState,"Action(EGtStateAction,void*,void*,void*)",B3ServerDisconnectState.cpp
003c49e0,8,CB3NetworkVoIPManager,IsTalking(),B3NetworkVoIPManagerPS2.cpp
003c49f0,8,CB3NetworkVoIPManager,IsRequestingTalk(),B3NetworkVoIPManagerPS2.cpp
003c4a00,8,CB3NetworkVoIPManager,GetTimeTillRequestTalkAvailable(),B3NetworkVoIPManagerPS2.cpp
003c4a10,8,CB3NetworkVoIPManager,GetTalkTimeLeft(),B3NetworkVoIPManagerPS2.cpp
003c4a20,8,CB3NetworkVoIPManager,GetMaximumTalkTime(),B3NetworkVoIPManagerPS2.cpp
003c4a30,8,CB3NetworkVoIPManager,GetIDOfTalkingNetworkPlayer(int*),B3NetworkVoIPManagerPS2.cpp
003c4a40,8,CB3NetworkVoIPManager,GetHeadsetStatus(),B3NetworkVoIPManagerPS2.cpp
003c4a50,100,CB3NetworkVoIPManager,GetTalkingPlayerID(),B3NetworkVoIPManagerPS2.cpp
003c4ac0,28,CB3NetworkVoIPManager,StopTalking(),B3NetworkVoIPManagerPS2.cpp
003c4ae0,28,CB3NetworkVoIPManager,RequestTalk(),B3NetworkVoIPManagerPS2.cpp
003c4b00,8,CB3NetworkVoIPManager,Release(),B3NetworkVoIPManagerPS2.cpp
003c4b10,56,CB3NetworkVoIPManager,Update(),B3NetworkVoIPManagerPS2.cpp
003c4b50,32,CB3NetworkVoIPManager,Prepare(),B3NetworkVoIPManagerPS2.cpp
003c4b70,24,CB3NetworkVoIPManager,Construct(CGtNetworkPlayerManager*),B3NetworkVoIPManagerPS2.cpp
003c4b90,124,CB3ScrollBarComponent,Release(),B3ScrollBarComponent.cpp
003c4c10,472,CB3ScrollBarComponent,Update(float),B3ScrollBarComponent.cpp
003c4df0,848,CB3ScrollBarComponent,"Prepare(const GtMathPs2::CGtV2d&,const GtMathPs2::CGtV2d&,float,const CB3MenuComponentSelectionData*)",B3ScrollBarComponent.cpp
003c5140,8,CB3ScrollBarComponent,Construct(),B3ScrollBarComponent.cpp
003c5150,472,CB3AutoSaveState,"Action(EGtStateAction,void*,void*,void*)",B3AutoSaveState.cpp
003c5330,8,CB3AutoSavePage,Release(),B3AutoSavePage.cpp
003c5340,56,CB3AutoSavePage,Update(),B3AutoSavePage.cpp
003c5380,128,CB3AutoSavePage,Prepare(),B3AutoSavePage.cpp
003c5400,24,CB3MemCardFSMFlowCommunicator,"ApplyEvent(unsigned int,void*)",B3MemoryCardController.cpp
003c5420,412,CB3MemCardControllerBase,OnFormatSuccess(),B3MemoryCardController.cpp
003c55c0,188,CB3MemCardControllerBase,StartFormat(),B3MemoryCardController.cpp
003c5680,356,CB3MemCardControllerBase,OnMemCardPageExit(),B3MemoryCardController.cpp
003c57f0,12,CB3MemCardControllerBase,CheckSaveGameData(),B3MemoryCardController.cpp
003c5800,980,CB3MemCardControllerBase,SetSaveGameDataProfileAsCurrent(unsigned int),B3MemoryCardController.cpp
003c5be0,48,CB3MemCardControllerBase,GetSavedGameProfile(unsigned int),B3MemoryCardController.cpp
003c5c10,996,CB3MemCardControllerBase,Load(unsigned int),B3MemoryCardController.cpp
003c6000,288,CB3MemCardControllerBase,"Save(unsigned int,unsigned short*,int)",B3MemoryCardController.cpp
003c6120,500,CB3MemCardControllerBase,StartLoadProfileFlow(),B3MemoryCardController.cpp
003c6320,500,CB3MemCardControllerBase,StartSaveProfileFlow(),B3MemoryCardController.cpp
003c6520,24,CB3MemCardControllerBase,Update(),B3MemoryCardController.cpp
003c6540,248,CB3MemCardControllerBase,Construct(),B3MemoryCardController.cpp
003c6640,96,CMemoryCardFileBase,GetFullFilename(),B3MemoryCardController.cpp
003c66a0,240,CB3SaveGameData,Check(),B3MemoryCardController.cpp
003c6790,1632,CB3SaveGameData,"BuildDataForSave(unsigned int,unsigned short*,int,int)",B3MemoryCardController.cpp
003c6df0,188,CB3MemCardSlaveFSM,"Construct(void*,const CGtStateOffset*,CGtTimer*)",B3MemoryCardFSMSlavePS2.cpp
003c6eb0,796,CB3MCSlaveFormattingState,"Action(EGtStateAction,void*,void*,void*)",B3MemoryCardFSMSlavePS2.cpp
003c71d0,788,CB3MCSlaveLoadingState,"Action(EGtStateAction,void*,void*,void*)",B3MemoryCardFSMSlavePS2.cpp
003c74f0,1688,CB3MCSlaveSavingState,"Action(EGtStateAction,void*,void*,void*)",B3MemoryCardFSMSlavePS2.cpp
003c7b90,768,CB3MCSlaveExistingDataSizeCheckState,"Action(EGtStateAction,void*,void*,void*)",B3MemoryCardFSMSlavePS2.cpp
003c7e90,340,CB3MCSlaveCheckForCardState,"Action(EGtStateAction,void*,void*,void*)",B3MemoryCardFSMSlavePS2.cpp
003c7ff0,8,CB3MCSlaveIdleState,"Action(EGtStateAction,void*,void*,void*)",B3MemoryCardFSMSlavePS2.cpp
003c8000,12,CB3CrashAftermathPage,UpdateCrashScore(int),B3CrashAftermathPage.cpp
003c8010,8,CB3CrashAftermathPage,Release(),B3CrashAftermathPage.cpp
003c8020,140,CB3CrashAftermathPage,Update(),B3CrashAftermathPage.cpp
003c80b0,8,CB3PlayVideoPage,Release(),B3PlayVideoPage.cpp
003c80c0,464,CB3PlayVideoPage,Update(),B3PlayVideoPage.cpp
003c8290,184,CB3PlayVideoPage,"Prepare(EB3Video,bool)",B3PlayVideoPage.cpp
003c8350,8,CB3MyBurnoutDevelopmentPage,Release(),B3MyBurnoutDevelopmentPage.cpp
003c8360,392,CB3MyBurnoutDevelopmentPage,Update(),B3MyBurnoutDevelopmentPage.cpp
003c84f0,272,CB3MyBurnoutDevelopmentPage,Prepare(),B3MyBurnoutDevelopmentPage.cpp
003c8600,8,CB3MyBurnoutDevelopmentPage,Construct(),B3MyBurnoutDevelopmentPage.cpp
003c8610,640,CB3MyBurnoutDevelopmentState,"Action(EGtStateAction,void*,void*,void*)",B3MyBurnoutDevelopmentState.cpp
003c8890,2012,CB3DirectionalBlurBase,UpdateCamera(int),B3DirectionalBlur.cpp
003c9070,56,CB3DirectionalBlurBase,Prepare(),B3DirectionalBlur.cpp
003c90b0,8,CB3DirectionalBlurBase,Construct(),B3DirectionalBlur.cpp
003c90c0,136,CB3DirectionalBlur,RestoreRenderstates(const CB3CameraData*),B3DirectionalBlurPS2.cpp
003c9150,372,CB3DirectionalBlur,"CopyToScreen(unsigned long,unsigned long,unsigned long,unsigned long,int,int,int,int,float)",B3DirectionalBlurPS2.cpp
003c92d0,808,CB3DirectionalBlur,"BlurIn(int,int,int,int,const GtMathPs2::CGtV2d&)",B3DirectionalBlurPS2.cpp
003c9600,820,CB3DirectionalBlur,"BlurOut(int,int,int,int,const GtMathPs2::CGtV2d&)",B3DirectionalBlurPS2.cpp
003c9940,208,CB3DirectionalBlur,"BlurSetRenderstates(unsigned long,unsigned long,int,int)",B3DirectionalBlurPS2.cpp
003c9a10,384,CB3DirectionalBlur,"Downsample(unsigned long,unsigned long,unsigned long,unsigned long,int,int,int,int)",B3DirectionalBlurPS2.cpp
003c9b90,156,CB3DirectionalBlur,SetRenderstates(),B3DirectionalBlurPS2.cpp
003c9c30,1108,CB3DirectionalBlur,Render(),B3DirectionalBlurPS2.cpp
003ca090,160,CB3OptionsDisplayComponent,Release(),B3OptionsDisplayComponent.cpp
003ca130,20,CB3OptionsDisplayComponent,Update(float),B3OptionsDisplayComponent.cpp
003ca150,1732,CB3OptionsDisplayComponent,Prepare(CB3OptionsDisplayComponent::EOptionsDisplayType),B3OptionsDisplayComponent.cpp
003ca820,112,CB3OptionsDisplayComponent,Construct(),B3OptionsDisplayComponent.cpp
003ca890,8,CB3OptionsDisplayComponent,SelectRight(),B3OptionsDisplayComponent.cpp
003ca8a0,8,CB3OptionsDisplayComponent,SelectLeft(),B3OptionsDisplayComponent.cpp
003ca8b0,8,CB3OptionsDisplayComponent,SelectDown(),B3OptionsDisplayComponent.cpp
003ca8c0,8,CB3OptionsDisplayComponent,SelectUp(),B3OptionsDisplayComponent.cpp
003ca8d0,520,CB3ImageReward2dObject,"PrepareCarSelect(const GtMathPs2::CGtV2d&,const GtMathPs2::CGtV2d&,const GtMathPs2::CGtV2d&,GtMathPs2::",B3ImageReward2dObject.cpp
003caae0,1552,CB3ImageReward2dObject,"_Render(const CGt2dObject::CGt2dObjectSpace&,const void*)",B3ImageReward2dObject.cpp
003cb0f0,428,CB3ImageReward2dObject,"Prepare(const GtMathPs2::CGtV2d&,const GtMathPs2::CGtV2d&,const GtMathPs2::CGtV2d&,GtMathPs2::CGtV4d,EB",B3ImageReward2dObject.cpp
003cb2a0,144,CB3ImageReward2dObject,"GetTexture(EB3RewardImageType,int)",B3ImageReward2dObject.cpp
003cb330,220,CB3ImageReward2dObject,"GetCarTexture(EB3MenuCarClasses,int)",B3ImageReward2dObject.cpp
003cb410,176,CB32dObjectOffscreenImage,"_Render(const CGt2dObject::CGt2dObjectSpace&,const void*)",B32dObjectOffscreenImage.cpp
003cb4c0,144,CB32dObjectOffscreenImage,"Prepare(const GtMathPs2::CGtV2d&,const GtMathPs2::CGtV2d&,const GtMathPs2::CGtV2d&,GtMathPs2::CGtV4d",B32dObjectOffscreenImage.cpp
003cb550,8,CB3CarViewComponent,GetCurrentRenderableVehicle(),B3CarViewComponent.cpp
003cb560,424,CB3CarViewComponent,Release(),B3CarViewComponent.cpp
003cb710,2264,CB3CarViewComponent,Update(float),B3CarViewComponent.cpp
003cbff0,908,CB3CarViewComponent,UpdateCameraNoise(float),B3CarViewComponent.cpp
003cc380,560,CB3CarViewComponent,UpdateScanLine(float),B3CarViewComponent.cpp
003cc5b0,324,CB3CarViewComponent,UpdateMaskCarChangeState(float),B3CarViewComponent.cpp
003cc700,2292,CB3CarViewComponent,UpdateLoadState(),B3CarViewComponent.cpp
003cd000,8,CB3CarViewComponent,SetVehicleToView(unsigned long),B3CarViewComponent.cpp
003cd010,1992,CB3CarViewComponent,"Prepare(const GtMathPs2::CGtV2d&,const GtMathPs2::CGtV2d&)",B3CarViewComponent.cpp
003cd7e0,104,CB3CarViewComponent,Construct(),B3CarViewComponent.cpp
003cd850,8,CB3SoundCustomSoundtrack,Resume(),B3SoundCustomSoundTrackPS2.cpp
003cd860,8,CB3SoundCustomSoundtrack,Pause(),B3SoundCustomSoundTrackPS2.cpp
003cd870,56,CB3CarouselComponent,GetEntryCount(),B3CarouselComponent.cpp
003cd8b0,68,CB3CarouselComponent,IsUnlocked(int),B3CarouselComponent.cpp
003cd900,160,CB3CarouselComponent,GetEntryCarID(int),B3CarouselComponent.cpp
003cd9a0,940,CB3CarouselComponent,PrepareEntries(),B3CarouselComponent.cpp
003cdd50,8,CB3CarouselComponent,GetCurrentEntry(),B3CarouselComponent.cpp
003cdd60,268,CB3CarouselComponent,ScrollRight(),B3CarouselComponent.cpp
003cde70,264,CB3CarouselComponent,ScrollLeft(),B3CarouselComponent.cpp
003cdf80,100,CB3CarouselComponent,ScrollDown(),B3CarouselComponent.cpp
003cdff0,104,CB3CarouselComponent,ScrollUp(),B3CarouselComponent.cpp
003ce060,48,CB3CarouselComponent,CanScrollRight(),B3CarouselComponent.cpp
003ce090,48,CB3CarouselComponent,CanScrollLeft(),B3CarouselComponent.cpp
003ce0c0,28,CB3CarouselComponent,CanScrollDown(),B3CarouselComponent.cpp
003ce0e0,36,CB3CarouselComponent,CanScrollUp(),B3CarouselComponent.cpp
003ce110,232,CB3CarouselComponent,GetEntryColour(int),B3CarouselComponent.cpp
003ce200,392,CB3CarouselComponent,GetEntryPosition(int),B3CarouselComponent.cpp
003ce390,256,CB3CarouselComponent,Release(),B3CarouselComponent.cpp
003ce490,60,CB3CarouselComponent,Update(float),B3CarouselComponent.cpp
003ce4d0,664,CB3CarouselComponent,UpdateScrolling(float),B3CarouselComponent.cpp
003ce770,44,CB3CarouselComponent,"PrepareCarSelect(EB3MenuCarClasses,int,EB3MenuCarClasses,int)",B3CarouselComponent.cpp
003ce7a0,744,CB3CarouselComponent,"Prepare(EB3CarouselPageType,EB3RewardImageType,int)",B3CarouselComponent.cpp
003cea90,108,CB3CarouselComponent,GetClassString(EB3MenuCarClasses),B3CarouselComponent.cpp
003ceb00,572,CB3CarouselComponent,PrepareImages(),B3CarouselComponent.cpp
003ced40,80,CB3CarouselComponent,Construct(),B3CarouselComponent.cpp
003ced90,700,CB3BootMemoryCardState,"Action(EGtStateAction,void*,void*,void*)",B3BootMemoryCardState.cpp
003cf050,328,CB3BootMemoryCardPage,SetMenuOptions(CB3BootMemoryCardPage::EMenuOptions),B3BootMemoryCardPage.cpp
003cf1a0,492,CB3BootMemoryCardPage,ProcessMemoryCardEvent(EB3MenuFlowFSMEvents),B3BootMemoryCardPage.cpp
003cf390,12,CB3BootMemoryCardPage,Release(),B3BootMemoryCardPage.cpp
003cf3a0,268,CB3BootMemoryCardPage,Update(),B3BootMemoryCardPage.cpp
003cf4b0,312,CB3BootMemoryCardPage,Prepare(),B3BootMemoryCardPage.cpp
003cf5f0,1148,CB3MenuFinishedEvent,"EvaluateRewards(signed char*,signed char*,bool)",B3MenuFinishedEvent.cpp
003cfa70,464,CB3MenuFinishedEvent,Update(),B3MenuFinishedEvent.cpp
003cfc40,80,CB3MenuFinishedEvent,Prepare(),B3MenuFinishedEvent.cpp
003cfc90,292,CB3MenuFinishedEvent,SetFinishedEliminator(),B3MenuFinishedEvent.cpp
003cfdc0,376,CB3MenuFinishedEvent,SetFinishedRoadRage(),B3MenuFinishedEvent.cpp
003cff40,488,CB3MenuFinishedEvent,SetFinishedOnlineRoadRage(),B3MenuFinishedEvent.cpp
003d0130,360,CB3MenuFinishedEvent,SetFinishedRace(),B3MenuFinishedEvent.cpp
003d02a0,232,CB3MenuFinishedEvent,SetFinishedFaceOff(),B3MenuFinishedEvent.cpp
003d0390,460,CB3MenuFinishedEvent,SetFinishedGrandPrix(),B3MenuFinishedEvent.cpp
003d0560,348,CB3MenuFinishedEvent,SetFinishedBurningLap(),B3MenuFinishedEvent.cpp
003d06c0,316,CB3MenuFinishedEvent,SetFinishedCrash(),B3MenuFinishedEvent.cpp
003d0800,20,CB3MyBurnoutSettingsEATraxPage,Release(),B3MyBurnoutSettingsEATraxPage.cpp
003d0820,972,CB3MyBurnoutSettingsEATraxPage,Update(),B3MyBurnoutSettingsEATraxPage.cpp
003d0bf0,1096,CB3MyBurnoutSettingsEATraxPage,Prepare(),B3MyBurnoutSettingsEATraxPage.cpp
003d1040,72,CB3MyBurnoutSettingsEATraxPage,Construct(),B3MyBurnoutSettingsEATraxPage.cpp
003d1090,272,CB3SingleEventGameOptionsPage,GenerateRandomJunction(),B3SingleEventGameOptionsPage.cpp
003d11a0,364,CB3SingleEventGameOptionsPage,GenerateRandomTrackInRegion(EB3TrackRegion),B3SingleEventGameOptionsPage.cpp
003d1310,300,CB3SingleEventGameOptionsPage,GenerateRandomTrack(),B3SingleEventGameOptionsPage.cpp
003d1440,552,CB3SingleEventGameOptionsPage,PrepareRaceMenu(),B3SingleEventGameOptionsPage.cpp
003d1670,8,CB3SingleEventGameOptionsPage,Release(),B3SingleEventGameOptionsPage.cpp
003d1680,1780,CB3SingleEventGameOptionsPage,UpdateScroll(),B3SingleEventGameOptionsPage.cpp
003d1d80,948,CB3SingleEventGameOptionsPage,UpdateMenu(),B3SingleEventGameOptionsPage.cpp
003d2140,96,CB3SingleEventGameOptionsPage,Update(),B3SingleEventGameOptionsPage.cpp
003d21a0,1372,CB3SingleEventGameOptionsPage,Prepare(EB3MenuChoicesOnePlayer),B3SingleEventGameOptionsPage.cpp
003d2700,272,CB3MultiplayerGameOptionsPage,GenerateRandomJunction(),B3MultiplayerGameOptionsPage.cpp
003d2810,444,CB3MultiplayerGameOptionsPage,GenerateRandomTrackInRegion(EB3TrackRegion),B3MultiplayerGameOptionsPage.cpp
003d29d0,392,CB3MultiplayerGameOptionsPage,GenerateRandomTrack(),B3MultiplayerGameOptionsPage.cpp
003d2b60,552,CB3MultiplayerGameOptionsPage,PrepareRaceMenu(),B3MultiplayerGameOptionsPage.cpp
003d2d90,8,CB3MultiplayerGameOptionsPage,Release(),B3MultiplayerGameOptionsPage.cpp
003d2da0,1512,CB3MultiplayerGameOptionsPage,UpdateScroll(),B3MultiplayerGameOptionsPage.cpp
003d3390,948,CB3MultiplayerGameOptionsPage,UpdateMenu(),B3MultiplayerGameOptionsPage.cpp
003d3750,96,CB3MultiplayerGameOptionsPage,Update(),B3MultiplayerGameOptionsPage.cpp
003d37b0,1120,CB3MultiplayerGameOptionsPage,Prepare(EB3MenuChoicesTwoPlayer),B3MultiplayerGameOptionsPage.cpp
